Date,High,Low,Open,Close,Volume,Adj Close
2004-01-02,12.079999923706055,11.90999984741211,12.0600004196167,12.0,247600.0,4.1131391525268555
2004-01-05,12.289999961853027,12.149999618530273,12.180000305175781,12.289999961853027,232600.0,4.2125396728515625
2004-01-06,12.399999618530273,12.300000190734863,12.329999923706055,12.380000114440918,230900.0,4.243386745452881
2004-01-07,12.289999961853027,12.100000381469727,12.289999961853027,12.170000076293945,265800.0,4.171410083770752
2004-01-08,12.229999542236328,12.079999923706055,12.180000305175781,12.199999809265137,180900.0,4.181692600250244
2004-01-09,12.319999694824219,12.149999618530273,12.15999984741211,12.220000267028809,219200.0,4.188546657562256
2004-01-12,12.350000381469727,12.15999984741211,12.199999809265137,12.239999771118164,452500.0,4.195401668548584
2004-01-13,12.260000228881836,12.0,12.239999771118164,12.140000343322754,348800.0,4.161125183105469
2004-01-14,12.100000381469727,11.90999984741211,11.989999771118164,12.029999732971191,462800.0,4.123423099517822
2004-01-15,12.010000228881836,11.819999694824219,11.869999885559082,11.920000076293945,270200.0,4.08571720123291
2004-01-16,11.899999618530273,11.670000076293945,11.789999961853027,11.800000190734863,258400.0,4.044589042663574
2004-01-20,11.779999732971191,11.65999984741211,11.670000076293945,11.6899995803833,327700.0,4.006882190704346
2004-01-21,11.9399995803833,11.699999809265137,11.729999542236328,11.920000076293945,366400.0,4.08571720123291
2004-01-22,12.180000305175781,12.069999694824219,12.109999656677246,12.130000114440918,421900.0,4.1576995849609375
2004-01-23,12.170000076293945,12.0,12.100000381469727,12.050000190734863,339900.0,4.130279541015625
2004-01-26,11.930000305175781,11.75,11.930000305175781,11.869999885559082,194900.0,4.068582057952881
2004-01-27,12.069999694824219,11.899999618530273,11.949999809265137,11.960000038146973,473400.0,4.099429130554199
2004-01-28,12.069999694824219,11.729999542236328,11.829999923706055,11.75,359700.0,4.060723304748535
2004-01-29,11.6899995803833,11.350000381469727,11.6899995803833,11.520000457763672,359400.0,3.9812352657318115
2004-01-30,11.600000381469727,11.329999923706055,11.40999984741211,11.489999771118164,185200.0,3.9708683490753174
2004-02-02,11.579999923706055,11.399999618530273,11.430000305175781,11.5,230400.0,3.974325180053711
2004-02-03,11.600000381469727,11.449999809265137,11.550000190734863,11.5600004196167,248500.0,3.995060682296753
2004-02-04,11.430000305175781,11.220000267028809,11.390000343322754,11.3100004196167,264400.0,3.9086616039276123
2004-02-05,11.569999694824219,11.380000114440918,11.550000190734863,11.40999984741211,247400.0,3.943220853805542
2004-02-06,11.9399995803833,11.579999923706055,11.630000114440918,11.829999923706055,265500.0,4.088369846343994
2004-02-09,11.949999809265137,11.800000190734863,11.859999656677246,11.850000381469727,194000.0,4.095283031463623
2004-02-10,12.0,11.869999885559082,11.920000076293945,11.930000305175781,233800.0,4.122931003570557
2004-02-11,12.130000114440918,11.850000381469727,11.850000381469727,12.079999923706055,207700.0,4.174769401550293
2004-02-12,12.09000015258789,11.920000076293945,12.020000457763672,12.020000457763672,111800.0,4.154033660888672
2004-02-13,12.050000190734863,11.800000190734863,12.0,11.880000114440918,183600.0,4.105650901794434
2004-02-17,11.9399995803833,11.800000190734863,11.880000114440918,11.90999984741211,156100.0,4.116017818450928
2004-02-18,11.970000267028809,11.75,11.899999618530273,11.8100004196167,167500.0,4.081458568572998
2004-02-19,12.050000190734863,11.8100004196167,11.90999984741211,11.880000114440918,200900.0,4.105650901794434
2004-02-20,11.8100004196167,11.600000381469727,11.8100004196167,11.649999618530273,189800.0,4.026162147521973
2004-02-23,11.75,11.630000114440918,11.75,11.6899995803833,215500.0,4.039988040924072
2004-02-24,11.779999732971191,11.539999961853027,11.579999923706055,11.680000305175781,170600.0,4.036532402038574
2004-02-25,11.630000114440918,11.510000228881836,11.619999885559082,11.630000114440918,351200.0,4.019252300262451
2004-02-26,11.520000457763672,11.350000381469727,11.40999984741211,11.449999809265137,311300.0,3.9570446014404297
2004-02-27,11.699999809265137,11.479999542236328,11.489999771118164,11.630000114440918,296600.0,4.019252300262451
2004-03-01,11.630000114440918,11.489999771118164,11.630000114440918,11.619999885559082,160100.0,4.0157952308654785
2004-03-02,11.539999961853027,11.3100004196167,11.539999961853027,11.380000114440918,330000.0,3.9328534603118896
2004-03-03,11.229999542236328,11.0,11.199999809265137,11.180000305175781,411900.0,3.863736152648926
2004-03-04,11.390000343322754,11.25,11.279999732971191,11.390000343322754,137600.0,3.936309337615967
2004-03-05,11.630000114440918,11.390000343322754,11.390000343322754,11.529999732971191,236200.0,3.9846928119659424
2004-03-08,11.520000457763672,11.390000343322754,11.430000305175781,11.40999984741211,396600.0,3.943220853805542
2004-03-09,11.399999618530273,11.220000267028809,11.34000015258789,11.3100004196167,412600.0,3.9086616039276123
2004-03-10,11.329999923706055,11.149999618530273,11.210000038146973,11.210000038146973,400700.0,3.8741021156311035
2004-03-11,11.09000015258789,10.819999694824219,10.880000114440918,10.899999618530273,412900.0,3.7669684886932373
2004-03-12,10.899999618530273,10.65999984741211,10.829999923706055,10.770000457763672,441900.0,3.722041130065918
2004-03-15,10.569999694824219,10.180000305175781,10.550000190734863,10.289999961853027,714400.0,3.556157112121582
2004-03-16,10.739999771118164,10.449999809265137,10.729999542236328,10.600000381469727,589900.0,3.66329026222229
2004-03-17,10.920000076293945,10.75,10.8100004196167,10.880000114440918,287500.0,3.760056734085083
2004-03-18,10.800000190734863,10.550000190734863,10.739999771118164,10.710000038146973,261400.0,3.7013049125671387
2004-03-19,10.800000190734863,10.569999694824219,10.619999885559082,10.579999923706055,237000.0,3.6563796997070312
2004-03-22,10.470000267028809,10.369999885559082,10.4399995803833,10.430000305175781,218800.0,3.604539632797241
2004-03-23,10.670000076293945,10.529999732971191,10.619999885559082,10.59000015258789,281800.0,3.659834146499634
2004-03-24,10.539999961853027,10.350000381469727,10.510000228881836,10.390000343322754,263300.0,3.590714931488037
2004-03-25,10.739999771118164,10.5,10.670000076293945,10.680000305175781,475800.0,3.6909382343292236
2004-03-26,10.739999771118164,10.529999732971191,10.720000267028809,10.609999656677246,356600.0,3.6667463779449463
2004-03-29,10.949999809265137,10.739999771118164,10.739999771118164,10.8100004196167,281300.0,3.7358651161193848
2004-03-30,10.949999809265137,10.770000457763672,10.859999656677246,10.899999618530273,254100.0,3.7669684886932373
2004-03-31,10.979999542236328,10.850000381469727,10.859999656677246,10.979999542236328,167500.0,3.79461669921875
2004-04-01,11.220000267028809,10.9399995803833,11.0,11.050000190734863,310300.0,3.818807601928711
2004-04-02,11.270000457763672,11.130000114440918,11.180000305175781,11.210000038146973,327700.0,3.8741021156311035
2004-04-05,11.220000267028809,11.0,11.140000343322754,11.220000267028809,269800.0,3.8775577545166016
2004-04-06,11.270000457763672,11.109999656677246,11.1899995803833,11.199999809265137,310600.0,3.8706464767456055
2004-04-07,11.40999984741211,11.210000038146973,11.25,11.350000381469727,317000.0,3.9224863052368164
2004-04-08,11.489999771118164,11.350000381469727,11.4399995803833,11.40999984741211,304900.0,3.943220853805542
2004-04-12,11.470000267028809,11.3100004196167,11.3100004196167,11.470000267028809,325900.0,3.9639577865600586
2004-04-13,11.430000305175781,11.130000114440918,11.430000305175781,11.15999984741211,198300.0,3.8568241596221924
2004-04-14,11.279999732971191,11.0,11.020000457763672,11.09000015258789,406400.0,3.832632541656494
2004-04-15,11.15999984741211,10.869999885559082,11.15999984741211,11.010000228881836,378200.0,3.804983615875244
2004-04-16,11.359999656677246,11.09000015258789,11.09000015258789,11.229999542236328,466400.0,3.881014347076416
2004-04-19,11.380000114440918,11.069999694824219,11.239999771118164,11.170000076293945,199900.0,3.8602771759033203
2004-04-20,11.289999961853027,10.979999542236328,11.130000114440918,10.989999771118164,130200.0,3.7980709075927734
2004-04-21,11.0600004196167,10.899999618530273,10.9399995803833,10.9399995803833,191400.0,3.7807915210723877
2004-04-22,11.119999885559082,10.800000190734863,10.869999885559082,11.109999656677246,339900.0,3.839543104171753
2004-04-23,11.069999694824219,10.9399995803833,11.010000228881836,11.050000190734863,139500.0,3.818807601928711
2004-04-26,11.25,11.029999732971191,11.079999923706055,11.0600004196167,199200.0,3.8222625255584717
2004-04-27,11.25,11.079999923706055,11.079999923706055,11.140000343322754,380200.0,3.8499114513397217
2004-04-28,10.899999618530273,10.75,10.880000114440918,10.800000190734863,167400.0,3.7621288299560547
2004-04-29,10.760000228881836,10.600000381469727,10.640000343322754,10.630000114440918,273000.0,3.702909469604492
2004-04-30,10.6899995803833,10.510000228881836,10.600000381469727,10.619999885559082,322100.0,3.699425220489502
2004-05-03,10.859999656677246,10.65999984741211,10.710000038146973,10.760000228881836,173400.0,3.7481961250305176
2004-05-04,10.84000015258789,10.609999656677246,10.6899995803833,10.739999771118164,290500.0,3.7412281036376953
2004-05-05,10.930000305175781,10.760000228881836,10.84000015258789,10.869999885559082,659300.0,3.7865114212036133
2004-05-06,10.850000381469727,10.539999961853027,10.699999809265137,10.850000381469727,364900.0,3.7795462608337402
2004-05-07,10.399999618530273,10.180000305175781,10.369999885559082,10.220000267028809,209700.0,3.5600874423980713
2004-05-10,10.050000190734863,9.859999656677246,10.0,10.010000228881836,297800.0,3.4869353771209717
2004-05-11,10.229999542236328,10.0,10.029999732971191,10.149999618530273,214500.0,3.535703659057617
2004-05-12,10.300000190734863,10.020000457763672,10.270000457763672,10.140000343322754,548000.0,3.532219648361206
2004-05-13,10.1899995803833,10.0,10.149999618530273,10.029999732971191,277900.0,3.4939017295837402
2004-05-14,10.119999885559082,9.930000305175781,9.960000038146973,10.0,212900.0,3.4834513664245605
2004-05-17,9.989999771118164,9.880000114440918,9.920000076293945,9.9399995803833,202500.0,3.462550163269043
2004-05-18,10.119999885559082,9.9399995803833,9.9399995803833,10.020000457763672,204500.0,3.490417957305908
2004-05-19,10.529999732971191,10.319999694824219,10.4399995803833,10.34000015258789,200900.0,3.6018896102905273
2004-05-20,10.270000457763672,10.130000114440918,10.199999809265137,10.199999809265137,106900.0,3.5531198978424072
2004-05-21,10.34000015258789,10.1899995803833,10.34000015258789,10.239999771118164,1044300.0,3.567054033279419
2004-05-24,10.479999542236328,10.270000457763672,10.420000076293945,10.390000343322754,196300.0,3.619306802749634
2004-05-25,10.579999923706055,10.300000190734863,10.300000190734863,10.579999923706055,300500.0,3.6854922771453857
2004-05-26,10.75,10.5,10.609999656677246,10.649999618530273,625000.0,3.70987606048584
2004-05-27,10.850000381469727,10.65999984741211,10.739999771118164,10.699999809265137,297200.0,3.727292776107788
2004-05-28,10.729999542236328,10.600000381469727,10.699999809265137,10.680000305175781,232400.0,3.7203257083892822
2004-06-01,10.539999961853027,10.390000343322754,10.449999809265137,10.489999771118164,268400.0,3.6541411876678467
2004-06-02,10.619999885559082,10.460000038146973,10.600000381469727,10.550000190734863,218500.0,3.675041675567627
2004-06-03,10.600000381469727,10.359999656677246,10.420000076293945,10.470000267028809,377400.0,3.6471736431121826
2004-06-04,10.829999923706055,10.619999885559082,10.619999885559082,10.729999542236328,251300.0,3.737744092941284
2004-06-07,11.020000457763672,10.850000381469727,10.850000381469727,11.0,217100.0,3.8317971229553223
2004-06-08,10.90999984741211,10.75,10.8100004196167,10.890000343322754,226900.0,3.7934787273406982
2004-06-09,10.770000457763672,10.5,10.75,10.520000457763672,227900.0,3.6645922660827637
2004-06-10,10.84000015258789,10.59000015258789,10.59000015258789,10.75,152300.0,3.7447097301483154
2004-06-14,10.470000267028809,10.319999694824219,10.40999984741211,10.369999885559082,206400.0,3.612339735031128
2004-06-15,10.789999961853027,10.539999961853027,10.539999961853027,10.640000343322754,210200.0,3.7063910961151123
2004-06-16,10.65999984741211,10.550000190734863,10.600000381469727,10.600000381469727,117700.0,3.692458152770996
2004-06-17,10.859999656677246,10.600000381469727,10.600000381469727,10.789999961853027,260900.0,3.7586450576782227
2004-06-18,10.850000381469727,10.6899995803833,10.6899995803833,10.789999961853027,251700.0,3.7586450576782227
2004-06-21,10.829999923706055,10.680000305175781,10.720000267028809,10.699999809265137,93300.0,3.727292776107788
2004-06-22,10.6899995803833,10.510000228881836,10.600000381469727,10.670000076293945,121000.0,3.716843843460083
2004-06-23,10.760000228881836,10.59000015258789,10.6899995803833,10.720000267028809,229000.0,3.734260082244873
2004-06-24,10.899999618530273,10.75,10.779999732971191,10.789999961853027,160000.0,3.7586450576782227
2004-06-25,10.6899995803833,10.510000228881836,10.510000228881836,10.550000190734863,277100.0,3.675041675567627
2004-06-28,10.8100004196167,10.569999694824219,10.640000343322754,10.609999656677246,283400.0,3.695941925048828
2004-06-29,10.609999656677246,10.5,10.529999732971191,10.520000457763672,178300.0,3.6645922660827637
2004-06-30,10.550000190734863,10.390000343322754,10.520000457763672,10.5,140900.0,3.657625436782837
2004-07-01,10.550000190734863,10.329999923706055,10.510000228881836,10.390000343322754,299300.0,3.619306802749634
2004-07-02,10.619999885559082,10.449999809265137,10.470000267028809,10.5600004196167,464900.0,3.678524971008301
2004-07-06,10.520000457763672,10.399999618530273,10.430000305175781,10.479999542236328,345600.0,3.6506574153900146
2004-07-07,10.720000267028809,10.529999732971191,10.550000190734863,10.630000114440918,192800.0,3.702909469604492
2004-07-08,10.680000305175781,10.489999771118164,10.550000190734863,10.5600004196167,216300.0,3.678524971008301
2004-07-09,10.630000114440918,10.470000267028809,10.5,10.630000114440918,196200.0,3.702909469604492
2004-07-12,10.670000076293945,10.550000190734863,10.630000114440918,10.649999618530273,216700.0,3.70987606048584
2004-07-13,10.65999984741211,10.510000228881836,10.579999923706055,10.59000015258789,207100.0,3.6889753341674805
2004-07-14,10.550000190734863,10.380000114440918,10.430000305175781,10.430000305175781,115400.0,3.6332390308380127
2004-07-15,10.5,10.359999656677246,10.479999542236328,10.369999885559082,208400.0,3.612339735031128
2004-07-16,10.600000381469727,10.479999542236328,10.579999923706055,10.479999542236328,161100.0,3.6506574153900146
2004-07-19,10.569999694824219,10.430000305175781,10.5,10.5,102000.0,3.657625436782837
2004-07-20,10.550000190734863,10.399999618530273,10.399999618530273,10.489999771118164,115000.0,3.6541411876678467
2004-07-21,10.449999809265137,10.220000267028809,10.390000343322754,10.25,179900.0,3.570537805557251
2004-07-22,10.34000015258789,10.149999618530273,10.260000228881836,10.3100004196167,176400.0,3.5914390087127686
2004-07-23,9.779999732971191,9.510000228881836,9.75,9.569999694824219,337400.0,3.333662748336792
2004-07-26,9.529999732971191,9.359999656677246,9.479999542236328,9.449999809265137,328700.0,3.2918617725372314
2004-07-27,9.720000267028809,9.550000190734863,9.670000076293945,9.670000076293945,238700.0,3.3684980869293213
2004-07-28,9.600000381469727,9.279999732971191,9.470000267028809,9.550000190734863,386900.0,3.3621609210968018
2004-07-29,9.550000190734863,9.300000190734863,9.430000305175781,9.430000305175781,305200.0,3.319913387298584
2004-07-30,9.5600004196167,9.25,9.430000305175781,9.460000038146973,277300.0,3.330474853515625
2004-08-02,9.600000381469727,9.489999771118164,9.5600004196167,9.579999923706055,230800.0,3.3727223873138428
2004-08-03,9.65999984741211,9.449999809265137,9.550000190734863,9.510000228881836,214200.0,3.3480780124664307
2004-08-04,9.579999923706055,9.399999618530273,9.489999771118164,9.539999961853027,142100.0,3.358640432357788
2004-08-05,9.630000114440918,9.449999809265137,9.59000015258789,9.479999542236328,95700.0,3.337517738342285
2004-08-06,9.720000267028809,9.550000190734863,9.600000381469727,9.5600004196167,126400.0,3.3656818866729736
2004-08-09,9.630000114440918,9.5,9.619999885559082,9.609999656677246,154200.0,3.3832833766937256
2004-08-10,9.710000038146973,9.59000015258789,9.670000076293945,9.680000305175781,137700.0,3.4079277515411377
2004-08-11,9.630000114440918,9.430000305175781,9.609999656677246,9.600000381469727,123100.0,3.37976336479187
2004-08-12,9.600000381469727,9.460000038146973,9.510000228881836,9.5600004196167,272000.0,3.3656818866729736
2004-08-13,9.630000114440918,9.140000343322754,9.579999923706055,9.5600004196167,452900.0,3.3656818866729736
2004-08-16,9.720000267028809,9.5,9.5600004196167,9.6899995803833,239400.0,3.4114484786987305
2004-08-17,9.75,9.600000381469727,9.65999984741211,9.720000267028809,132300.0,3.422010660171509
2004-08-18,9.850000381469727,9.630000114440918,9.680000305175781,9.789999961853027,168200.0,3.4466562271118164
2004-08-19,9.850000381469727,9.75,9.800000190734863,9.819999694824219,125000.0,3.457216501235962
2004-08-20,9.739999771118164,9.619999885559082,9.729999542236328,9.710000038146973,284500.0,3.418489933013916
2004-08-23,9.800000190734863,9.65999984741211,9.75,9.699999809265137,169300.0,3.4149692058563232
2004-08-24,9.65999984741211,9.510000228881836,9.649999618530273,9.59000015258789,757600.0,3.3762428760528564
2004-08-25,9.670000076293945,9.479999542236328,9.569999694824219,9.649999618530273,977200.0,3.397366523742676
2004-08-26,9.699999809265137,9.5600004196167,9.609999656677246,9.649999618530273,98000.0,3.397366523742676
2004-08-27,9.6899995803833,9.539999961853027,9.600000381469727,9.65999984741211,108200.0,3.400887966156006
2004-08-30,9.729999542236328,9.579999923706055,9.59000015258789,9.609999656677246,138700.0,3.3832833766937256
2004-08-31,9.90999984741211,9.75,9.75,9.869999885559082,204800.0,3.4748198986053467
2004-09-01,10.010000228881836,9.869999885559082,9.869999885559082,9.90999984741211,120100.0,3.4889023303985596
2004-09-02,10.100000381469727,9.899999618530273,9.899999618530273,10.050000190734863,147300.0,3.538189649581909
2004-09-03,10.0600004196167,9.899999618530273,10.020000457763672,10.020000457763672,152000.0,3.527627944946289
2004-09-07,10.130000114440918,9.9399995803833,9.9399995803833,10.079999923706055,211900.0,3.548750877380371
2004-09-08,10.09000015258789,9.84000015258789,9.84000015258789,10.039999961853027,128700.0,3.534669876098633
2004-09-09,10.029999732971191,9.899999618530273,9.9399995803833,9.970000267028809,215900.0,3.510026216506958
2004-09-10,10.199999809265137,10.029999732971191,10.069999694824219,10.100000381469727,169100.0,3.5557918548583984
2004-09-13,10.1899995803833,10.029999732971191,10.029999732971191,10.0600004196167,122500.0,3.5417113304138184
2004-09-14,10.180000305175781,10.029999732971191,10.029999732971191,10.109999656677246,256700.0,3.5593135356903076
2004-09-15,9.90999984741211,9.6899995803833,9.819999694824219,9.800000190734863,266100.0,3.45017409324646
2004-09-16,9.899999618530273,9.760000228881836,9.760000228881836,9.880000114440918,152400.0,3.4783401489257812
2004-09-17,9.880000114440918,9.770000457763672,9.829999923706055,9.84000015258789,136700.0,3.464256525039673
2004-09-20,9.770000457763672,9.5600004196167,9.5600004196167,9.65999984741211,212400.0,3.400887966156006
2004-09-21,9.869999885559082,9.699999809265137,9.779999732971191,9.869999885559082,209100.0,3.4748198986053467
2004-09-22,9.710000038146973,9.59000015258789,9.710000038146973,9.630000114440918,134800.0,3.3903260231018066
2004-09-23,9.670000076293945,9.600000381469727,9.670000076293945,9.619999885559082,181600.0,3.3868048191070557
2004-09-24,9.65999984741211,9.550000190734863,9.640000343322754,9.59000015258789,136800.0,3.3762428760528564
2004-09-27,9.640000343322754,9.489999771118164,9.489999771118164,9.59000015258789,193300.0,3.3762428760528564
2004-09-28,9.720000267028809,9.579999923706055,9.59000015258789,9.6899995803833,359400.0,3.4114484786987305
2004-09-29,9.800000190734863,9.6899995803833,9.6899995803833,9.770000457763672,358000.0,3.4396133422851562
2004-09-30,9.859999656677246,9.760000228881836,9.800000190734863,9.779999732971191,197600.0,3.443134307861328
2004-10-01,10.0,9.8100004196167,9.8100004196167,9.949999809265137,158700.0,3.5029842853546143
2004-10-04,10.130000114440918,10.0,10.029999732971191,10.09000015258789,182700.0,3.5522725582122803
2004-10-05,10.130000114440918,10.039999961853027,10.039999961853027,10.0600004196167,207900.0,3.5417113304138184
2004-10-06,10.229999542236328,10.020000457763672,10.020000457763672,10.1899995803833,302700.0,3.5874781608581543
2004-10-07,10.25,10.079999923706055,10.149999618530273,10.180000305175781,484100.0,3.583958387374878
2004-10-08,10.350000381469727,10.1899995803833,10.1899995803833,10.260000228881836,160800.0,3.612121105194092
2004-10-11,10.350000381469727,10.279999732971191,10.279999732971191,10.3100004196167,101500.0,3.629725933074951
2004-10-12,10.25,10.100000381469727,10.130000114440918,10.180000305175781,378900.0,3.583958387374878
2004-10-13,10.300000190734863,10.1899995803833,10.239999771118164,10.260000228881836,194300.0,3.612121105194092
2004-10-14,10.489999771118164,10.270000457763672,10.329999923706055,10.350000381469727,354300.0,3.643808126449585
2004-10-15,10.670000076293945,10.449999809265137,10.520000457763672,10.5600004196167,600100.0,3.717740058898926
2004-10-18,10.680000305175781,10.569999694824219,10.579999923706055,10.640000343322754,258100.0,3.745903253555298
2004-10-19,10.699999809265137,10.539999961853027,10.619999885559082,10.5600004196167,173600.0,3.717740058898926
2004-10-20,10.739999771118164,10.609999656677246,10.65999984741211,10.670000076293945,131400.0,3.75646710395813
2004-10-21,10.800000190734863,10.710000038146973,10.770000457763672,10.770000457763672,211300.0,3.791670560836792
2004-10-22,10.880000114440918,10.739999771118164,10.829999923706055,10.770000457763672,1253300.0,3.791670560836792
2004-10-25,10.829999923706055,10.670000076293945,10.760000228881836,10.789999961853027,122600.0,3.7987146377563477
2004-10-26,10.890000343322754,10.739999771118164,10.789999961853027,10.869999885559082,180600.0,3.8268778324127197
2004-10-27,10.970000267028809,10.710000038146973,10.75,10.869999885559082,236700.0,3.8642044067382812
2004-10-28,11.069999694824219,10.899999618530273,10.899999618530273,11.010000228881836,160500.0,3.9139721393585205
2004-10-29,11.210000038146973,11.050000190734863,11.09000015258789,11.180000305175781,221000.0,3.9744091033935547
2004-11-01,11.25,10.920000076293945,10.920000076293945,11.1899995803833,409500.0,3.977961778640747
2004-11-02,11.149999618530273,10.979999542236328,11.039999961853027,11.020000457763672,280100.0,3.917527675628662
2004-11-03,11.220000267028809,11.100000381469727,11.170000076293945,11.170000076293945,207400.0,3.9708523750305176
2004-11-04,11.329999923706055,11.119999885559082,11.1899995803833,11.289999961853027,219500.0,4.013513088226318
2004-11-05,11.430000305175781,11.3100004196167,11.369999885559082,11.380000114440918,135900.0,4.045505523681641
2004-11-08,11.329999923706055,11.239999771118164,11.279999732971191,11.3100004196167,164300.0,4.0206217765808105
2004-11-09,11.15999984741211,11.039999961853027,11.109999656677246,11.140000343322754,231400.0,3.9601879119873047
2004-11-10,11.069999694824219,10.949999809265137,11.039999961853027,11.0,156000.0,3.9104182720184326
2004-11-11,11.34000015258789,11.220000267028809,11.25,11.329999923706055,221700.0,4.027731418609619
2004-11-12,11.5600004196167,11.350000381469727,11.40999984741211,11.529999732971191,364700.0,4.098828315734863
2004-11-15,11.699999809265137,11.539999961853027,11.609999656677246,11.630000114440918,358200.0,4.134378433227539
2004-11-16,11.579999923706055,11.460000038146973,11.550000190734863,11.539999961853027,286600.0,4.102384567260742
2004-11-17,11.970000267028809,11.770000457763672,11.789999961853027,11.880000114440918,398500.0,4.22325325012207
2004-11-18,11.970000267028809,11.8100004196167,11.920000076293945,11.84000015258789,211500.0,4.209033012390137
2004-11-19,12.039999961853027,11.850000381469727,11.989999771118164,11.869999885559082,306900.0,4.219696521759033
2004-11-22,12.0,11.779999732971191,11.789999961853027,11.920000076293945,132800.0,4.237472057342529
2004-11-23,11.869999885559082,11.720000267028809,11.789999961853027,11.8100004196167,212100.0,4.198368072509766
2004-11-24,11.899999618530273,11.770000457763672,11.800000190734863,11.829999923706055,454900.0,4.205479145050049
2004-11-26,12.109999656677246,11.960000038146973,11.960000038146973,12.079999923706055,183300.0,4.294352054595947
2004-11-29,12.140000343322754,11.90999984741211,12.100000381469727,12.0,336000.0,4.265911102294922
2004-11-30,12.069999694824219,11.899999618530273,12.0,11.989999771118164,308000.0,4.262355327606201
2004-12-01,12.149999618530273,11.979999542236328,12.069999694824219,12.149999618530273,362400.0,4.319234371185303
2004-12-02,12.119999885559082,11.9399995803833,12.109999656677246,11.9399995803833,398800.0,4.244582653045654
2004-12-03,12.170000076293945,12.0,12.020000457763672,12.0600004196167,409300.0,4.287240505218506
2004-12-06,12.15999984741211,11.989999771118164,12.119999885559082,12.069999694824219,424700.0,4.290796279907227
2004-12-07,12.1899995803833,11.989999771118164,12.100000381469727,12.029999732971191,577700.0,4.276576042175293
2004-12-08,12.180000305175781,11.800000190734863,12.029999732971191,12.050000190734863,355800.0,4.28368616104126
2004-12-09,12.079999923706055,11.829999923706055,11.899999618530273,12.010000228881836,263200.0,4.269466400146484
2004-12-10,11.9399995803833,11.770000457763672,11.84000015258789,11.899999618530273,181900.0,4.2303619384765625
2004-12-13,12.100000381469727,11.899999618530273,11.979999542236328,12.079999923706055,217800.0,4.294352054595947
2004-12-14,12.069999694824219,11.949999809265137,11.979999542236328,12.039999961853027,273200.0,4.280131816864014
2004-12-15,12.119999885559082,12.010000228881836,12.039999961853027,12.069999694824219,183500.0,4.290796279907227
2004-12-16,11.960000038146973,11.760000228881836,11.920000076293945,11.869999885559082,237700.0,4.219696521759033
2004-12-17,11.930000305175781,11.770000457763672,11.779999732971191,11.819999694824219,251700.0,4.20192289352417
2004-12-20,12.050000190734863,11.899999618530273,11.949999809265137,12.010000228881836,309600.0,4.269466400146484
2004-12-21,12.09000015258789,11.979999542236328,12.020000457763672,12.069999694824219,214800.0,4.290796279907227
2004-12-22,12.199999809265137,12.069999694824219,12.119999885559082,12.100000381469727,300900.0,4.3014607429504395
2004-12-23,12.399999618530273,12.239999771118164,12.279999732971191,12.270000457763672,240600.0,4.361894130706787
2004-12-27,12.529999732971191,12.390000343322754,12.390000343322754,12.460000038146973,204600.0,4.429438591003418
2004-12-28,12.529999732971191,12.399999618530273,12.489999771118164,12.470000267028809,153200.0,4.432991981506348
2004-12-29,12.520000457763672,12.399999618530273,12.449999809265137,12.470000267028809,130800.0,4.432991981506348
2004-12-30,12.579999923706055,12.420000076293945,12.449999809265137,12.4399995803833,199200.0,4.422329425811768
2004-12-31,12.479999542236328,12.260000228881836,12.260000228881836,12.369999885559082,144500.0,4.397444725036621
2005-01-03,12.470000267028809,12.319999694824219,12.380000114440918,12.350000381469727,348800.0,4.39033317565918
2005-01-04,12.34000015258789,12.100000381469727,12.279999732971191,12.140000343322754,406400.0,4.315680503845215
2005-01-05,12.170000076293945,12.020000457763672,12.09000015258789,12.029999732971191,420000.0,4.276576042175293
2005-01-06,12.15999984741211,11.989999771118164,12.0600004196167,12.039999961853027,332500.0,4.280131816864014
2005-01-07,11.989999771118164,11.699999809265137,11.970000267028809,11.75,504000.0,4.177039623260498
2005-01-10,11.880000114440918,11.75,11.8100004196167,11.789999961853027,357700.0,4.191258430480957
2005-01-11,11.90999984741211,11.760000228881836,11.84000015258789,11.800000190734863,259900.0,4.194812297821045
2005-01-12,12.0,11.859999656677246,11.890000343322754,11.979999542236328,338300.0,4.258800506591797
2005-01-13,12.039999961853027,11.90999984741211,12.0,11.930000305175781,298700.0,4.24102783203125
2005-01-14,12.0,11.850000381469727,11.899999618530273,11.880000114440918,281800.0,4.22325325012207
2005-01-18,12.09000015258789,11.859999656677246,11.920000076293945,12.029999732971191,333300.0,4.276576042175293
2005-01-19,12.069999694824219,11.859999656677246,12.050000190734863,11.880000114440918,421600.0,4.22325325012207
2005-01-20,11.859999656677246,11.6899995803833,11.8100004196167,11.739999771118164,426300.0,4.173482894897461
2005-01-21,11.800000190734863,11.680000305175781,11.699999809265137,11.729999542236328,284500.0,4.169930458068848
2005-01-24,11.800000190734863,11.649999618530273,11.729999542236328,11.6899995803833,248000.0,4.155707359313965
2005-01-25,11.789999961853027,11.630000114440918,11.760000228881836,11.680000305175781,163900.0,4.152153968811035
2005-01-26,11.920000076293945,11.779999732971191,11.779999732971191,11.869999885559082,1440000.0,4.219696521759033
2005-01-27,11.850000381469727,11.680000305175781,11.75,11.75,562700.0,4.216109752655029
2005-01-28,11.890000343322754,11.699999809265137,11.8100004196167,11.779999732971191,203700.0,4.22687292098999
2005-01-31,11.949999809265137,11.720000267028809,11.829999923706055,11.829999923706055,166400.0,4.244815349578857
2005-02-01,11.930000305175781,11.789999961853027,11.800000190734863,11.869999885559082,236100.0,4.259166717529297
2005-02-02,12.0,11.850000381469727,11.90999984741211,11.9399995803833,310700.0,4.2842841148376465
2005-02-03,11.9399995803833,11.789999961853027,11.789999961853027,11.880000114440918,298300.0,4.26275634765625
2005-02-04,12.069999694824219,11.960000038146973,11.960000038146973,12.029999732971191,311200.0,4.316577911376953
2005-02-07,12.15999984741211,11.9399995803833,12.119999885559082,12.010000228881836,526300.0,4.309401035308838
2005-02-08,12.239999771118164,12.109999656677246,12.109999656677246,12.15999984741211,254800.0,4.363224983215332
2005-02-09,12.239999771118164,12.109999656677246,12.229999542236328,12.15999984741211,202600.0,4.363224983215332
2005-02-10,12.300000190734863,12.1899995803833,12.210000038146973,12.25,270100.0,4.395517349243164
2005-02-11,12.569999694824219,12.390000343322754,12.390000343322754,12.520000457763672,361800.0,4.492401123046875
2005-02-14,12.710000038146973,12.619999885559082,12.619999885559082,12.649999618530273,233500.0,4.539045333862305
2005-02-15,12.739999771118164,12.5600004196167,12.739999771118164,12.619999885559082,259900.0,4.528281211853027
2005-02-16,12.5600004196167,12.430000305175781,12.529999732971191,12.539999961853027,294100.0,4.499576091766357
2005-02-17,12.630000114440918,12.510000228881836,12.5600004196167,12.510000228881836,284700.0,4.488811016082764
2005-02-18,12.5600004196167,12.449999809265137,12.529999732971191,12.470000267028809,238800.0,4.474457263946533
2005-02-22,12.609999656677246,12.399999618530273,12.40999984741211,12.420000076293945,219000.0,4.456517219543457
2005-02-23,12.529999732971191,12.399999618530273,12.510000228881836,12.470000267028809,255700.0,4.474457263946533
2005-02-24,12.59000015258789,12.40999984741211,12.569999694824219,12.539999961853027,835800.0,4.499576091766357
2005-02-25,12.569999694824219,12.399999618530273,12.460000038146973,12.550000190734863,463600.0,4.5031633377075195
2005-02-28,12.489999771118164,12.270000457763672,12.470000267028809,12.300000190734863,510900.0,4.413459300994873
2005-03-01,12.569999694824219,12.420000076293945,12.460000038146973,12.510000228881836,478000.0,4.488811016082764
2005-03-02,12.479999542236328,12.350000381469727,12.399999618530273,12.40999984741211,687400.0,4.4529290199279785
2005-03-03,12.569999694824219,12.369999885559082,12.510000228881836,12.489999771118164,377300.0,4.481632709503174
2005-03-04,12.920000076293945,12.619999885559082,12.640000343322754,12.779999732971191,340100.0,4.585689544677734
2005-03-07,12.819999694824219,12.720000267028809,12.739999771118164,12.75,241800.0,4.574925422668457
2005-03-08,12.859999656677246,12.729999542236328,12.8100004196167,12.770000457763672,204000.0,4.582103252410889
2005-03-09,12.800000190734863,12.670000076293945,12.779999732971191,12.6899995803833,303100.0,4.553397178649902
2005-03-10,12.819999694824219,12.630000114440918,12.710000038146973,12.800000190734863,261600.0,4.592869281768799
2005-03-11,12.850000381469727,12.699999809265137,12.789999961853027,12.760000228881836,303800.0,4.578516483306885
2005-03-14,12.779999732971191,12.680000305175781,12.720000267028809,12.710000038146973,224800.0,4.560575008392334
2005-03-15,12.800000190734863,12.65999984741211,12.75,12.6899995803833,300200.0,4.553397178649902
2005-03-16,12.640000343322754,12.40999984741211,12.619999885559082,12.430000305175781,144100.0,4.460104942321777
2005-03-17,12.640000343322754,12.479999542236328,12.529999732971191,12.539999961853027,269100.0,4.499576091766357
2005-03-18,12.649999618530273,12.470000267028809,12.529999732971191,12.550000190734863,206900.0,4.5031633377075195
2005-03-21,12.5,12.319999694824219,12.430000305175781,12.369999885559082,202900.0,4.438577651977539
2005-03-22,12.680000305175781,12.270000457763672,12.420000076293945,12.3100004196167,393400.0,4.417048454284668
2005-03-23,12.369999885559082,12.229999542236328,12.289999961853027,12.300000190734863,223500.0,4.413459300994873
2005-03-24,12.729999542236328,12.25,12.369999885559082,12.279999732971191,245900.0,4.406280994415283
2005-03-28,12.420000076293945,12.289999961853027,12.300000190734863,12.359999656677246,228200.0,4.434987545013428
2005-03-29,12.430000305175781,12.199999809265137,12.3100004196167,12.229999542236328,242100.0,4.388341426849365
2005-03-30,12.380000114440918,12.229999542236328,12.25,12.3100004196167,366600.0,4.417048454284668
2005-03-31,12.270000457763672,12.130000114440918,12.229999542236328,12.15999984741211,263700.0,4.363224983215332
2005-04-01,12.260000228881836,11.970000267028809,12.1899995803833,12.029999732971191,325100.0,4.316577911376953
2005-04-04,11.989999771118164,11.760000228881836,11.869999885559082,11.949999809265137,382400.0,4.287873268127441
2005-04-05,12.100000381469727,11.970000267028809,11.970000267028809,12.050000190734863,249100.0,4.323755264282227
2005-04-06,12.1899995803833,12.079999923706055,12.119999885559082,12.109999656677246,227200.0,4.345283031463623
2005-04-07,12.279999732971191,12.109999656677246,12.109999656677246,12.229999542236328,158800.0,4.388341426849365
2005-04-08,12.289999961853027,12.180000305175781,12.220000267028809,12.25,297700.0,4.395517349243164
2005-04-11,12.329999923706055,12.199999809265137,12.239999771118164,12.300000190734863,297000.0,4.413459300994873
2005-04-12,12.229999542236328,12.029999732971191,12.100000381469727,12.220000267028809,366400.0,4.3847527503967285
2005-04-13,12.229999542236328,12.079999923706055,12.15999984741211,12.100000381469727,155800.0,4.341695785522461
2005-04-14,12.100000381469727,11.949999809265137,12.079999923706055,12.0,327100.0,4.305813312530518
2005-04-15,11.949999809265137,11.649999618530273,11.90999984741211,11.789999961853027,259000.0,4.230462074279785
2005-04-18,11.850000381469727,11.670000076293945,11.720000267028809,11.779999732971191,272700.0,4.22687292098999
2005-04-19,11.890000343322754,11.760000228881836,11.850000381469727,11.84000015258789,197300.0,4.248403549194336
2005-04-20,11.880000114440918,11.720000267028809,11.789999961853027,11.75,274200.0,4.216109752655029
2005-04-21,11.899999618530273,11.770000457763672,11.850000381469727,11.869999885559082,205000.0,4.259166717529297
2005-04-22,11.960000038146973,11.800000190734863,11.90999984741211,11.890000343322754,239200.0,4.26634407043457
2005-04-25,11.960000038146973,11.84000015258789,11.850000381469727,11.920000076293945,324100.0,4.277108669281006
2005-04-26,11.9399995803833,11.75,11.789999961853027,11.789999961853027,183200.0,4.230462074279785
2005-04-27,11.75,11.5,11.609999656677246,11.649999618530273,268300.0,4.219956398010254
2005-04-28,11.699999809265137,11.5,11.510000228881836,11.529999732971191,196700.0,4.176487922668457
2005-04-29,11.680000305175781,11.520000457763672,11.609999656677246,11.600000381469727,179100.0,4.201846122741699
2005-05-02,11.729999542236328,11.640000343322754,11.699999809265137,11.699999809265137,218700.0,4.238068580627441
2005-05-03,11.9399995803833,11.819999694824219,11.84000015258789,11.880000114440918,228800.0,4.3032708168029785
2005-05-04,12.109999656677246,11.899999618530273,11.899999618530273,12.039999961853027,120100.0,4.361227512359619
2005-05-05,12.0600004196167,11.899999618530273,12.010000228881836,11.970000267028809,355500.0,4.335870742797852
2005-05-06,11.989999771118164,11.800000190734863,11.899999618530273,11.890000343322754,154100.0,4.306891918182373
2005-05-09,11.960000038146973,11.789999961853027,11.869999885559082,11.960000038146973,185100.0,4.332247257232666
2005-05-10,11.75,11.630000114440918,11.710000038146973,11.649999618530273,166900.0,4.219956398010254
2005-05-11,11.6899995803833,11.579999923706055,11.670000076293945,11.680000305175781,183100.0,4.230823993682861
2005-05-12,11.569999694824219,11.420000076293945,11.539999961853027,11.420000076293945,644100.0,4.1366448402404785
2005-05-13,11.710000038146973,11.489999771118164,11.600000381469727,11.569999694824219,1607200.0,4.190978050231934
2005-05-16,11.6899995803833,11.529999732971191,11.529999732971191,11.649999618530273,768500.0,4.219956398010254
2005-05-17,11.649999618530273,11.520000457763672,11.5600004196167,11.619999885559082,199600.0,4.209090232849121
2005-05-18,11.899999618530273,11.649999618530273,11.649999618530273,11.829999923706055,376100.0,4.285159111022949
2005-05-19,11.899999618530273,11.789999961853027,11.8100004196167,11.869999885559082,135000.0,4.299647808074951
2005-05-20,11.720000267028809,11.59000015258789,11.670000076293945,11.6899995803833,468700.0,4.234445571899414
2005-05-23,11.770000457763672,11.640000343322754,11.6899995803833,11.6899995803833,240000.0,4.234445571899414
2005-05-24,11.720000267028809,11.59000015258789,11.630000114440918,11.65999984741211,142000.0,4.2235798835754395
2005-05-25,11.720000267028809,11.59000015258789,11.720000267028809,11.619999885559082,399100.0,4.209090232849121
2005-05-26,11.649999618530273,11.550000190734863,11.619999885559082,11.600000381469727,137800.0,4.201846122741699
2005-05-27,11.710000038146973,11.550000190734863,11.59000015258789,11.649999618530273,168500.0,4.219956398010254
2005-05-31,11.529999732971191,11.4399995803833,11.510000228881836,11.470000267028809,210900.0,4.154755592346191
2005-06-01,11.640000343322754,11.350000381469727,11.380000114440918,11.489999771118164,231800.0,4.16200065612793
2005-06-02,11.649999618530273,11.539999961853027,11.550000190734863,11.630000114440918,141900.0,4.21271276473999
2005-06-03,11.600000381469727,11.430000305175781,11.5600004196167,11.470000267028809,160400.0,4.154755592346191
2005-06-06,11.520000457763672,11.430000305175781,11.479999542236328,11.470000267028809,158700.0,4.154755592346191
2005-06-07,11.6899995803833,11.489999771118164,11.489999771118164,11.539999961853027,301300.0,4.180111885070801
2005-06-08,11.569999694824219,11.390000343322754,11.529999732971191,11.430000305175781,196400.0,4.140266418457031
2005-06-09,11.510000228881836,11.369999885559082,11.399999618530273,11.479999542236328,228300.0,4.158378601074219
2005-06-10,11.529999732971191,11.359999656677246,11.449999809265137,11.420000076293945,122200.0,4.1366448402404785
2005-06-13,11.420000076293945,11.279999732971191,11.319999694824219,11.369999885559082,107000.0,4.118533611297607
2005-06-14,11.420000076293945,11.319999694824219,11.329999923706055,11.369999885559082,162300.0,4.118533611297607
2005-06-15,11.479999542236328,11.319999694824219,11.470000267028809,11.40999984741211,123700.0,4.133021831512451
2005-06-16,11.529999732971191,11.430000305175781,11.470000267028809,11.5,105200.0,4.165621757507324
2005-06-17,11.739999771118164,11.579999923706055,11.619999885559082,11.739999771118164,207900.0,4.252558708190918
2005-06-20,11.640000343322754,11.5,11.579999923706055,11.609999656677246,187900.0,4.205465793609619
2005-06-21,11.680000305175781,11.529999732971191,11.600000381469727,11.680000305175781,267700.0,4.230823993682861
2005-06-22,11.720000267028809,11.619999885559082,11.670000076293945,11.640000343322754,197500.0,4.216335773468018
2005-06-23,11.630000114440918,11.460000038146973,11.59000015258789,11.470000267028809,371000.0,4.154755592346191
2005-06-24,11.510000228881836,11.40999984741211,11.470000267028809,11.4399995803833,85700.0,4.143889904022217
2005-06-27,11.510000228881836,11.369999885559082,11.449999809265137,11.460000038146973,313300.0,4.151134967803955
2005-06-28,11.529999732971191,11.369999885559082,11.369999885559082,11.479999542236328,170600.0,4.158378601074219
2005-06-29,11.670000076293945,11.529999732971191,11.5600004196167,11.600000381469727,138400.0,4.201846122741699
2005-06-30,11.680000305175781,11.539999961853027,11.609999656677246,11.579999923706055,178600.0,4.1946001052856445
2005-07-01,11.720000267028809,11.5600004196167,11.65999984741211,11.600000381469727,141500.0,4.201846122741699
2005-07-05,11.649999618530273,11.510000228881836,11.510000228881836,11.59000015258789,134200.0,4.1982245445251465
2005-07-06,11.680000305175781,11.579999923706055,11.579999923706055,11.609999656677246,188100.0,4.205465793609619
2005-07-07,11.5,11.260000228881836,11.300000190734863,11.5,162200.0,4.165621757507324
2005-07-08,11.680000305175781,11.5,11.5,11.640000343322754,125000.0,4.216335773468018
2005-07-11,11.880000114440918,11.739999771118164,11.739999771118164,11.829999923706055,150500.0,4.285159111022949
2005-07-12,12.029999732971191,11.899999618530273,11.90999984741211,11.970000267028809,149700.0,4.335870742797852
2005-07-13,12.029999732971191,11.920000076293945,11.930000305175781,12.029999732971191,140600.0,4.357603549957275
2005-07-14,12.100000381469727,11.989999771118164,12.050000190734863,12.050000190734863,215400.0,4.3648505210876465
2005-07-15,12.079999923706055,11.9399995803833,12.010000228881836,12.010000228881836,71700.0,4.350358963012695
2005-07-18,12.069999694824219,11.970000267028809,12.010000228881836,12.029999732971191,181000.0,4.357603549957275
2005-07-19,12.09000015258789,11.930000305175781,11.979999542236328,12.039999961853027,145700.0,4.361227512359619
2005-07-20,12.210000038146973,11.960000038146973,12.020000457763672,12.1899995803833,213700.0,4.415558815002441
2005-07-21,12.300000190734863,12.119999885559082,12.229999542236328,12.239999771118164,168900.0,4.433670997619629
2005-07-22,12.260000228881836,12.100000381469727,12.260000228881836,12.15999984741211,110400.0,4.404694080352783
2005-07-25,12.199999809265137,12.109999656677246,12.170000076293945,12.15999984741211,143900.0,4.404694080352783
2005-07-26,12.199999809265137,12.069999694824219,12.15999984741211,12.170000076293945,98000.0,4.408315658569336
2005-07-27,12.1899995803833,12.0,12.130000114440918,12.180000305175781,264400.0,4.453286647796631
2005-07-28,12.380000114440918,12.210000038146973,12.279999732971191,12.329999923706055,197800.0,4.508130073547363
2005-07-29,12.399999618530273,12.260000228881836,12.34000015258789,12.3100004196167,260100.0,4.500820159912109
2005-08-01,12.420000076293945,12.350000381469727,12.40999984741211,12.359999656677246,127600.0,4.519098281860352
2005-08-02,12.40999984741211,12.3100004196167,12.359999656677246,12.369999885559082,178200.0,4.522756099700928
2005-08-03,12.640000343322754,12.40999984741211,12.40999984741211,12.59000015258789,264300.0,4.603191375732422
2005-08-04,12.5600004196167,12.380000114440918,12.520000457763672,12.5,415800.0,4.570284843444824
2005-08-05,12.520000457763672,12.350000381469727,12.4399995803833,12.449999809265137,295200.0,4.552004814147949
2005-08-08,12.5,12.399999618530273,12.479999542236328,12.40999984741211,147100.0,4.537381172180176
2005-08-09,12.529999732971191,12.380000114440918,12.4399995803833,12.510000228881836,156100.0,4.573942184448242
2005-08-10,12.59000015258789,12.430000305175781,12.520000457763672,12.470000267028809,251100.0,4.559317588806152
2005-08-11,12.680000305175781,12.479999542236328,12.479999542236328,12.670000076293945,192100.0,4.632442951202393
2005-08-12,12.720000267028809,12.569999694824219,12.579999923706055,12.649999618530273,264500.0,4.625129699707031
2005-08-15,12.600000381469727,12.5,12.550000190734863,12.569999694824219,315300.0,4.595880508422852
2005-08-16,12.5600004196167,12.380000114440918,12.5600004196167,12.430000305175781,182100.0,4.544692516326904
2005-08-17,12.399999618530273,12.270000457763672,12.329999923706055,12.279999732971191,226500.0,4.4898481369018555
2005-08-18,12.229999542236328,12.140000343322754,12.180000305175781,12.180000305175781,276900.0,4.453286647796631
2005-08-19,12.270000457763672,12.140000343322754,12.220000267028809,12.25,358100.0,4.4788818359375
2005-08-22,12.5,12.319999694824219,12.369999885559082,12.40999984741211,422900.0,4.537381172180176
2005-08-23,12.369999885559082,12.1899995803833,12.369999885559082,12.25,250800.0,4.4788818359375
2005-08-24,12.289999961853027,12.180000305175781,12.260000228881836,12.180000305175781,371900.0,4.453286647796631
2005-08-25,12.220000267028809,12.119999885559082,12.1899995803833,12.140000343322754,555900.0,4.438662528991699
2005-08-26,12.149999618530273,12.039999961853027,12.130000114440918,12.0600004196167,240200.0,4.409411907196045
2005-08-29,12.15999984741211,12.010000228881836,12.050000190734863,12.09000015258789,249600.0,4.420381546020508
2005-08-30,12.100000381469727,12.0,12.100000381469727,12.069999694824219,206500.0,4.413070201873779
2005-08-31,12.329999923706055,12.050000190734863,12.100000381469727,12.329999923706055,554100.0,4.508130073547363
2005-09-01,12.600000381469727,12.420000076293945,12.420000076293945,12.5,307700.0,4.570284843444824
2005-09-02,12.649999618530273,12.470000267028809,12.510000228881836,12.5600004196167,248100.0,4.59222412109375
2005-09-06,12.829999923706055,12.710000038146973,12.710000038146973,12.8100004196167,313900.0,4.683629512786865
2005-09-07,12.800000190734863,12.699999809265137,12.779999732971191,12.760000228881836,203700.0,4.66534948348999
2005-09-08,12.8100004196167,12.6899995803833,12.6899995803833,12.760000228881836,146000.0,4.66534948348999
2005-09-09,12.899999618530273,12.829999923706055,12.859999656677246,12.869999885559082,198800.0,4.705566883087158
2005-09-12,12.75,12.619999885559082,12.649999618530273,12.720000267028809,175500.0,4.650726318359375
2005-09-13,12.699999809265137,12.619999885559082,12.65999984741211,12.630000114440918,124400.0,4.617818355560303
2005-09-14,12.8100004196167,12.670000076293945,12.729999542236328,12.710000038146973,227700.0,4.647068500518799
2005-09-15,12.710000038146973,12.649999618530273,12.699999809265137,12.699999809265137,338700.0,4.643412113189697
2005-09-16,12.779999732971191,12.649999618530273,12.760000228881836,12.739999771118164,216000.0,4.658036231994629
2005-09-19,12.539999961853027,12.479999542236328,12.529999732971191,12.510000228881836,212300.0,4.573942184448242
2005-09-20,12.630000114440918,12.470000267028809,12.529999732971191,12.520000457763672,252600.0,4.577600479125977
2005-09-21,12.529999732971191,12.420000076293945,12.510000228881836,12.449999809265137,305700.0,4.552004814147949
2005-09-22,12.619999885559082,12.479999542236328,12.510000228881836,12.609999656677246,304100.0,4.610506057739258
2005-09-23,12.609999656677246,12.520000457763672,12.5600004196167,12.539999961853027,205600.0,4.584911823272705
2005-09-26,12.970000267028809,12.779999732971191,12.779999732971191,12.9399995803833,273500.0,4.731161594390869
2005-09-27,12.930000305175781,12.8100004196167,12.869999885559082,12.880000114440918,285400.0,4.709224700927734
2005-09-28,13.149999618530273,13.050000190734863,13.079999923706055,13.069999694824219,702400.0,4.778691291809082
2005-09-29,13.279999732971191,13.039999961853027,13.0600004196167,13.270000457763672,490900.0,4.851818084716797
2005-09-30,13.279999732971191,13.149999618530273,13.199999809265137,13.170000076293945,196500.0,4.815254211425781
2005-10-03,13.079999923706055,13.0,13.069999694824219,13.029999732971191,215400.0,4.76406717300415
2005-10-04,13.140000343322754,12.989999771118164,13.050000190734863,13.0,189000.0,4.753098011016846
2005-10-05,13.039999961853027,12.84000015258789,13.020000457763672,12.84000015258789,505200.0,4.694599151611328
2005-10-06,13.010000228881836,12.880000114440918,12.890000343322754,12.960000038146973,473900.0,4.738472938537598
2005-10-07,13.020000457763672,12.920000076293945,12.960000038146973,12.960000038146973,362600.0,4.738472938537598
2005-10-10,13.15999984741211,13.010000228881836,13.109999656677246,13.029999732971191,231900.0,4.76406717300415
2005-10-11,13.109999656677246,12.90999984741211,13.109999656677246,12.930000305175781,327100.0,4.727506160736084
2005-10-12,13.050000190734863,12.850000381469727,12.989999771118164,12.859999656677246,444800.0,4.7019124031066895
2005-10-13,12.789999961853027,12.630000114440918,12.760000228881836,12.770000457763672,430700.0,4.669003963470459
2005-10-14,13.170000076293945,12.920000076293945,12.989999771118164,13.119999885559082,422900.0,4.79697322845459
2005-10-17,13.149999618530273,13.020000457763672,13.0600004196167,13.0600004196167,430400.0,4.77503776550293
2005-10-18,12.960000038146973,12.8100004196167,12.9399995803833,12.850000381469727,234500.0,4.6982550621032715
2005-10-19,12.989999771118164,12.6899995803833,12.75,12.979999542236328,497500.0,4.745784282684326
2005-10-20,12.960000038146973,12.710000038146973,12.960000038146973,12.760000228881836,271900.0,4.66534948348999
2005-10-21,12.960000038146973,12.760000228881836,12.920000076293945,12.8100004196167,149400.0,4.683629512786865
2005-10-24,13.130000114440918,12.84000015258789,12.869999885559082,13.130000114440918,174700.0,4.800628662109375
2005-10-25,12.84000015258789,12.600000381469727,12.800000190734863,12.680000305175781,443500.0,4.6360979080200195
2005-10-26,12.710000038146973,12.59000015258789,12.600000381469727,12.609999656677246,429100.0,4.610506057739258
2005-10-27,12.579999923706055,12.40999984741211,12.529999732971191,12.430000305175781,442800.0,4.585052967071533
2005-10-28,12.630000114440918,12.449999809265137,12.449999809265137,12.600000381469727,281700.0,4.647760391235352
2005-10-31,12.729999542236328,12.640000343322754,12.670000076293945,12.6899995803833,276100.0,4.680959224700928
2005-11-01,12.619999885559082,12.5,12.609999656677246,12.569999694824219,398800.0,4.636696815490723
2005-11-02,12.720000267028809,12.390000343322754,12.390000343322754,12.680000305175781,387700.0,4.677271842956543
2005-11-03,12.789999961853027,12.649999618530273,12.760000228881836,12.710000038146973,216800.0,4.688337326049805
2005-11-04,12.670000076293945,12.449999809265137,12.640000343322754,12.510000228881836,214400.0,4.614563465118408
2005-11-07,12.40999984741211,12.3100004196167,12.390000343322754,12.40999984741211,356200.0,4.577676296234131
2005-11-08,12.470000267028809,12.359999656677246,12.390000343322754,12.430000305175781,168400.0,4.585052967071533
2005-11-09,12.460000038146973,12.25,12.300000190734863,12.40999984741211,217000.0,4.577676296234131
2005-11-10,12.529999732971191,12.34000015258789,12.430000305175781,12.470000267028809,406900.0,4.599808216094971
2005-11-11,12.579999923706055,12.460000038146973,12.460000038146973,12.579999923706055,115900.0,4.640382289886475
2005-11-14,12.529999732971191,12.390000343322754,12.529999732971191,12.449999809265137,191500.0,4.592429161071777
2005-11-15,12.539999961853027,12.359999656677246,12.430000305175781,12.449999809265137,256600.0,4.592429161071777
2005-11-16,12.510000228881836,12.399999618530273,12.479999542236328,12.449999809265137,285400.0,4.592429161071777
2005-11-17,12.6899995803833,12.520000457763672,12.520000457763672,12.649999618530273,281400.0,4.666204452514648
2005-11-18,12.720000267028809,12.579999923706055,12.720000267028809,12.699999809265137,265400.0,4.684648513793945
2005-11-21,12.789999961853027,12.619999885559082,12.779999732971191,12.699999809265137,365000.0,4.684648513793945
2005-11-22,12.880000114440918,12.630000114440918,12.6899995803833,12.84000015258789,375400.0,4.7362895011901855
2005-11-23,12.9399995803833,12.670000076293945,12.850000381469727,12.899999618530273,165100.0,4.758423328399658
2005-11-25,12.829999923706055,12.720000267028809,12.829999923706055,12.760000228881836,136100.0,4.706780910491943
2005-11-28,12.869999885559082,12.699999809265137,12.84000015258789,12.8100004196167,286200.0,4.725225925445557
2005-11-29,12.850000381469727,12.739999771118164,12.8100004196167,12.789999961853027,235700.0,4.717846870422363
2005-11-30,12.789999961853027,12.65999984741211,12.729999542236328,12.6899995803833,246100.0,4.680959224700928
2005-12-01,12.930000305175781,12.770000457763672,12.770000457763672,12.869999885559082,420900.0,4.74735689163208
2005-12-02,12.850000381469727,12.720000267028809,12.819999694824219,12.8100004196167,191600.0,4.725225925445557
2005-12-05,12.75,12.59000015258789,12.720000267028809,12.670000076293945,178600.0,4.673582077026367
2005-12-06,12.6899995803833,12.579999923706055,12.609999656677246,12.630000114440918,246400.0,4.658828258514404
2005-12-07,12.65999984741211,12.520000457763672,12.609999656677246,12.5600004196167,136600.0,4.633006572723389
2005-12-08,12.729999542236328,12.520000457763672,12.529999732971191,12.619999885559082,668600.0,4.655139446258545
2005-12-09,12.789999961853027,12.630000114440918,12.630000114440918,12.739999771118164,196600.0,4.699402809143066
2005-12-12,12.989999771118164,12.880000114440918,12.899999618530273,12.90999984741211,244600.0,4.762111186981201
2005-12-13,13.09000015258789,12.869999885559082,12.930000305175781,13.010000228881836,403700.0,4.79899787902832
2005-12-14,13.09000015258789,12.970000267028809,12.970000267028809,13.020000457763672,233900.0,4.802687644958496
2005-12-15,12.9399995803833,12.819999694824219,12.9399995803833,12.890000343322754,144500.0,4.754733562469482
2005-12-16,13.1899995803833,13.09000015258789,13.119999885559082,13.09000015258789,180100.0,4.828506946563721
2005-12-19,13.140000343322754,13.010000228881836,13.100000381469727,13.020000457763672,176700.0,4.802687644958496
2005-12-20,13.0,12.899999618530273,13.0,12.949999809265137,162800.0,4.776864051818848
2005-12-21,13.109999656677246,13.010000228881836,13.039999961853027,13.079999923706055,182100.0,4.824817657470703
2005-12-22,13.229999542236328,13.149999618530273,13.170000076293945,13.199999809265137,247400.0,4.869082927703857
2005-12-23,13.239999771118164,13.170000076293945,13.239999771118164,13.199999809265137,158900.0,4.869082927703857
2005-12-27,13.25,13.15999984741211,13.220000267028809,13.170000076293945,130400.0,4.858018398284912
2005-12-28,13.300000190734863,13.0,13.260000228881836,13.199999809265137,225100.0,4.869082927703857
2005-12-29,13.260000228881836,13.180000305175781,13.199999809265137,13.180000305175781,181000.0,4.861705780029297
2005-12-30,13.220000267028809,13.09000015258789,13.09000015258789,13.1899995803833,163600.0,4.8653950691223145
2006-01-03,13.619999885559082,13.350000381469727,13.380000114440918,13.569999694824219,702300.0,5.005563259124756
2006-01-04,13.75,13.609999656677246,13.630000114440918,13.75,377400.0,5.071961402893066
2006-01-05,13.720000267028809,13.649999618530273,13.710000038146973,13.670000076293945,346100.0,5.042451858520508
2006-01-06,13.890000343322754,13.720000267028809,13.720000267028809,13.869999885559082,216000.0,5.116225719451904
2006-01-09,13.710000038146973,13.550000190734863,13.680000305175781,13.710000038146973,337100.0,5.0572052001953125
2006-01-10,13.649999618530273,13.5600004196167,13.600000381469727,13.609999656677246,431300.0,5.020319938659668
2006-01-11,13.829999923706055,13.65999984741211,13.6899995803833,13.800000190734863,297700.0,5.09040641784668
2006-01-12,13.800000190734863,13.699999809265137,13.789999961853027,13.720000267028809,290400.0,5.060894966125488
2006-01-13,13.699999809265137,13.579999923706055,13.649999618530273,13.65999984741211,172900.0,5.038763523101807
2006-01-17,13.600000381469727,13.479999542236328,13.600000381469727,13.5600004196167,211300.0,5.001875877380371
2006-01-18,13.489999771118164,13.34000015258789,13.430000305175781,13.449999809265137,353600.0,4.961299896240234
2006-01-19,13.579999923706055,13.430000305175781,13.470000267028809,13.510000228881836,222300.0,4.983433723449707
2006-01-20,13.550000190734863,13.279999732971191,13.539999961853027,13.300000190734863,251800.0,4.905969619750977
2006-01-23,13.579999923706055,13.460000038146973,13.489999771118164,13.550000190734863,212900.0,4.998187065124512
2006-01-24,13.670000076293945,13.520000457763672,13.520000457763672,13.640000343322754,274400.0,5.031385898590088
2006-01-25,13.850000381469727,13.670000076293945,13.739999771118164,13.800000190734863,359800.0,5.09040641784668
2006-01-26,14.149999618530273,14.0,14.050000190734863,14.0600004196167,301900.0,5.186310291290283
2006-01-27,14.079999923706055,13.979999542236328,13.979999542236328,14.029999732971191,310700.0,5.216054439544678
2006-01-30,14.09000015258789,13.970000267028809,13.979999542236328,14.0600004196167,422100.0,5.227205276489258
2006-01-31,14.359999656677246,14.170000076293945,14.180000305175781,14.270000457763672,469800.0,5.3052802085876465
2006-02-01,14.390000343322754,14.220000267028809,14.260000228881836,14.329999923706055,304300.0,5.327587127685547
2006-02-02,14.300000190734863,14.100000381469727,14.260000228881836,14.130000114440918,358500.0,5.253231525421143
2006-02-03,14.140000343322754,13.880000114440918,13.930000305175781,14.010000228881836,390700.0,5.208617687225342
2006-02-06,14.140000343322754,13.989999771118164,14.020000457763672,14.020000457763672,526300.0,5.212333679199219
2006-02-07,14.170000076293945,13.979999542236328,14.09000015258789,14.020000457763672,546100.0,5.212333679199219
2006-02-08,14.279999732971191,14.039999961853027,14.079999923706055,14.239999771118164,414400.0,5.29412841796875
2006-02-09,14.239999771118164,14.119999885559082,14.1899995803833,14.140000343322754,255700.0,5.2569499015808105
2006-02-10,14.220000267028809,13.979999542236328,14.170000076293945,14.039999961853027,484300.0,5.219771862030029
2006-02-13,14.1899995803833,14.039999961853027,14.039999961853027,14.15999984741211,271000.0,5.264384746551514
2006-02-14,14.319999694824219,14.0600004196167,14.149999618530273,14.3100004196167,298200.0,5.3201518058776855
2006-02-15,14.369999885559082,14.170000076293945,14.220000267028809,14.1899995803833,345600.0,5.275537490844727
2006-02-16,14.3100004196167,14.140000343322754,14.1899995803833,14.289999961853027,263100.0,5.312716007232666
2006-02-17,14.420000076293945,14.300000190734863,14.34000015258789,14.40999984741211,384100.0,5.357330322265625
2006-02-21,14.359999656677246,14.220000267028809,14.350000381469727,14.220000267028809,238800.0,5.286692142486572
2006-02-22,14.649999618530273,14.399999618530273,14.399999618530273,14.600000381469727,449700.0,5.427968978881836
2006-02-23,14.720000267028809,14.600000381469727,14.670000076293945,14.609999656677246,321500.0,5.43168306350708
2006-02-24,14.59000015258789,14.460000038146973,14.539999961853027,14.539999961853027,270900.0,5.405661582946777
2006-02-27,14.680000305175781,14.520000457763672,14.529999732971191,14.640000343322754,588500.0,5.442837238311768
2006-02-28,14.65999984741211,14.520000457763672,14.630000114440918,14.619999885559082,378500.0,5.4354023933410645
2006-03-01,14.800000190734863,14.720000267028809,14.770000457763672,14.789999961853027,201400.0,5.498605728149414
2006-03-02,14.739999771118164,14.5600004196167,14.619999885559082,14.720000267028809,262800.0,5.472580909729004
2006-03-03,14.600000381469727,14.449999809265137,14.520000457763672,14.529999732971191,341400.0,5.401942253112793
2006-03-06,14.529999732971191,14.300000190734863,14.529999732971191,14.34000015258789,264400.0,5.3313069343566895
2006-03-07,14.1899995803833,14.039999961853027,14.09000015258789,14.119999885559082,382100.0,5.249510765075684
2006-03-08,14.210000038146973,14.020000457763672,14.020000457763672,14.180000305175781,264600.0,5.271819591522217
2006-03-09,14.260000228881836,14.130000114440918,14.180000305175781,14.130000114440918,541000.0,5.253231525421143
2006-03-10,14.390000343322754,14.09000015258789,14.100000381469727,14.369999885559082,320800.0,5.342458724975586
2006-03-13,14.520000457763672,14.420000076293945,14.420000076293945,14.460000038146973,262600.0,5.375918388366699
2006-03-14,14.630000114440918,14.380000114440918,14.40999984741211,14.59000015258789,239100.0,5.42425012588501
2006-03-15,14.6899995803833,14.539999961853027,14.65999984741211,14.6899995803833,257200.0,5.461427688598633
2006-03-16,14.800000190734863,14.600000381469727,14.630000114440918,14.729999542236328,473200.0,5.4762983322143555
2006-03-17,14.770000457763672,14.640000343322754,14.699999809265137,14.760000228881836,324700.0,5.487452030181885
2006-03-20,14.800000190734863,14.710000038146973,14.739999771118164,14.739999771118164,471800.0,5.480016708374023
2006-03-21,14.699999809265137,14.539999961853027,14.640000343322754,14.539999961853027,140700.0,5.405661582946777
2006-03-22,14.779999732971191,14.619999885559082,14.619999885559082,14.739999771118164,249400.0,5.480016708374023
2006-03-23,14.720000267028809,14.520000457763672,14.720000267028809,14.579999923706055,269900.0,5.420531749725342
2006-03-24,14.789999961853027,14.619999885559082,14.6899995803833,14.729999542236328,256400.0,5.4762983322143555
2006-03-27,14.59000015258789,14.460000038146973,14.59000015258789,14.5,626000.0,5.390789031982422
2006-03-28,14.59000015258789,14.350000381469727,14.539999961853027,14.359999656677246,488000.0,5.338740825653076
2006-03-29,14.550000190734863,14.380000114440918,14.4399995803833,14.529999732971191,382000.0,5.401942253112793
2006-03-30,14.779999732971191,14.59000015258789,14.600000381469727,14.65999984741211,323700.0,5.45027494430542
2006-03-31,14.699999809265137,14.59000015258789,14.65999984741211,14.609999656677246,224400.0,5.43168306350708
2006-04-03,14.760000228881836,14.600000381469727,14.619999885559082,14.6899995803833,258000.0,5.461427688598633
2006-04-04,14.930000305175781,14.770000457763672,14.789999961853027,14.930000305175781,249400.0,5.550654411315918
2006-04-05,14.90999984741211,14.829999923706055,14.84000015258789,14.869999885559082,180000.0,5.528348445892334
2006-04-06,14.789999961853027,14.65999984741211,14.770000457763672,14.770000457763672,326300.0,5.491169452667236
2006-04-07,14.720000267028809,14.40999984741211,14.720000267028809,14.479999542236328,461900.0,5.383353233337402
2006-04-10,14.460000038146973,14.34000015258789,14.430000305175781,14.369999885559082,207200.0,5.342458724975586
2006-04-11,14.40999984741211,14.15999984741211,14.399999618530273,14.1899995803833,262100.0,5.275537490844727
2006-04-12,14.270000457763672,14.130000114440918,14.1899995803833,14.170000076293945,175800.0,5.268101692199707
2006-04-13,14.210000038146973,14.069999694824219,14.079999923706055,14.15999984741211,304300.0,5.264384746551514
2006-04-17,14.380000114440918,14.0600004196167,14.0600004196167,14.289999961853027,230500.0,5.312716007232666
2006-04-18,14.470000267028809,14.220000267028809,14.359999656677246,14.470000267028809,369300.0,5.379636764526367
2006-04-19,14.579999923706055,14.399999618530273,14.449999809265137,14.520000457763672,442600.0,5.398226261138916
2006-04-20,14.65999984741211,14.539999961853027,14.539999961853027,14.640000343322754,381200.0,5.442837238311768
2006-04-21,14.970000267028809,14.680000305175781,14.84000015258789,14.90999984741211,508900.0,5.543219089508057
2006-04-24,14.979999542236328,14.829999923706055,14.859999656677246,14.970000267028809,193400.0,5.565526485443115
2006-04-25,15.079999923706055,14.920000076293945,15.039999961853027,15.029999732971191,207800.0,5.587830066680908
2006-04-26,15.010000228881836,14.850000381469727,14.859999656677246,15.0,686900.0,5.638200759887695
2006-04-27,15.279999732971191,14.84000015258789,14.899999618530273,15.199999809265137,1048900.0,5.713375091552734
2006-04-28,15.380000114440918,15.149999618530273,15.180000305175781,15.34000015258789,639400.0,5.765997886657715
2006-05-01,15.489999771118164,15.210000038146973,15.479999542236328,15.25,212500.0,5.732170104980469
2006-05-02,15.449999809265137,15.319999694824219,15.350000381469727,15.430000305175781,412800.0,5.799829483032227
2006-05-03,15.350000381469727,15.199999809265137,15.34000015258789,15.300000190734863,178200.0,5.7509636878967285
2006-05-04,15.380000114440918,15.149999618530273,15.149999618530273,15.329999923706055,408400.0,5.762240409851074
2006-05-05,15.640000343322754,15.420000076293945,15.430000305175781,15.569999694824219,522600.0,5.852452754974365
2006-05-08,15.600000381469727,15.520000457763672,15.529999732971191,15.5600004196167,445200.0,5.848692893981934
2006-05-09,15.630000114440918,15.5,15.5,15.619999885559082,262100.0,5.87124490737915
2006-05-10,15.670000076293945,15.550000190734863,15.609999656677246,15.609999656677246,639300.0,5.867486000061035
2006-05-11,15.699999809265137,15.520000457763672,15.670000076293945,15.529999732971191,2268300.0,5.837414741516113
2006-05-12,15.5,15.25,15.5,15.270000457763672,455200.0,5.739687442779541
2006-05-15,15.220000267028809,14.960000038146973,15.119999885559082,15.039999961853027,287800.0,5.65323543548584
2006-05-16,15.210000038146973,15.079999923706055,15.170000076293945,15.15999984741211,204400.0,5.698341369628906
2006-05-17,15.020000457763672,14.510000228881836,15.0,14.550000190734863,562900.0,5.469053745269775
2006-05-18,14.819999694824219,14.529999732971191,14.779999732971191,14.529999732971191,615500.0,5.461535930633545
2006-05-19,14.699999809265137,14.4399995803833,14.569999694824219,14.65999984741211,419900.0,5.510401725769043
2006-05-22,14.489999771118164,14.180000305175781,14.420000076293945,14.369999885559082,930800.0,5.401395320892334
2006-05-23,14.529999732971191,14.3100004196167,14.34000015258789,14.350000381469727,437900.0,5.393877029418945
2006-05-24,14.359999656677246,14.050000190734863,14.270000457763672,14.210000038146973,350400.0,5.341257095336914
2006-05-25,14.510000228881836,14.210000038146973,14.279999732971191,14.510000228881836,520200.0,5.4540181159973145
2006-05-26,14.640000343322754,14.449999809265137,14.609999656677246,14.609999656677246,344500.0,5.491605758666992
2006-05-30,14.460000038146973,14.210000038146973,14.420000076293945,14.229999542236328,294600.0,5.348771095275879
2006-05-31,14.520000457763672,14.369999885559082,14.390000343322754,14.449999809265137,296700.0,5.431466102600098
2006-06-01,14.569999694824219,14.3100004196167,14.329999923706055,14.539999961853027,337800.0,5.465295314788818
2006-06-02,14.6899995803833,14.489999771118164,14.680000305175781,14.609999656677246,367600.0,5.491605758666992
2006-06-05,14.489999771118164,14.239999771118164,14.479999542236328,14.25,291600.0,5.356290340423584
2006-06-06,14.109999656677246,13.949999809265137,14.100000381469727,14.100000381469727,341700.0,5.2999091148376465
2006-06-07,14.220000267028809,14.029999732971191,14.0600004196167,14.050000190734863,166800.0,5.281113624572754
2006-06-08,13.710000038146973,13.460000038146973,13.65999984741211,13.6899995803833,476600.0,5.145796298980713
2006-06-09,13.819999694824219,13.59000015258789,13.710000038146973,13.640000343322754,426900.0,5.127003192901611
2006-06-12,13.710000038146973,13.449999809265137,13.670000076293945,13.460000038146973,333900.0,5.059343338012695
2006-06-13,13.539999961853027,13.09000015258789,13.329999923706055,13.15999984741211,534900.0,4.946579933166504
2006-06-14,13.40999984741211,13.210000038146973,13.350000381469727,13.399999618530273,546200.0,5.036792278289795
2006-06-15,13.8100004196167,13.5,13.5,13.720000267028809,287600.0,5.157073974609375
2006-06-16,13.5600004196167,13.420000076293945,13.520000457763672,13.479999542236328,303700.0,5.066862106323242
2006-06-19,13.649999618530273,13.449999809265137,13.630000114440918,13.5,213800.0,5.074379920959473
2006-06-20,13.75,13.510000228881836,13.539999961853027,13.670000076293945,456200.0,5.138279438018799
2006-06-21,13.9399995803833,13.699999809265137,13.739999771118164,13.890000343322754,252900.0,5.220973968505859
2006-06-22,13.880000114440918,13.729999542236328,13.819999694824219,13.8100004196167,382600.0,5.190904140472412
2006-06-23,13.960000038146973,13.760000228881836,13.789999961853027,13.819999694824219,580800.0,5.1946611404418945
2006-06-26,13.930000305175781,13.789999961853027,13.850000381469727,13.930000305175781,368200.0,5.236009120941162
2006-06-27,13.890000343322754,13.630000114440918,13.859999656677246,13.640000343322754,322500.0,5.127003192901611
2006-06-28,13.829999923706055,13.569999694824219,13.75,13.779999732971191,315400.0,5.179626941680908
2006-06-29,14.359999656677246,13.9399995803833,13.9399995803833,14.329999923706055,405000.0,5.386359691619873
2006-06-30,14.65999984741211,14.460000038146973,14.539999961853027,14.619999885559082,350600.0,5.495367050170898
2006-07-03,14.729999542236328,14.5600004196167,14.600000381469727,14.710000038146973,97400.0,5.529194355010986
2006-07-05,14.630000114440918,14.449999809265137,14.539999961853027,14.569999694824219,217100.0,5.476569175720215
2006-07-06,14.84000015258789,14.65999984741211,14.670000076293945,14.8100004196167,171700.0,5.566783428192139
2006-07-07,14.9399995803833,14.760000228881836,14.859999656677246,14.8100004196167,171300.0,5.566783428192139
2006-07-10,14.850000381469727,14.739999771118164,14.760000228881836,14.800000190734863,217300.0,5.563024044036865
2006-07-11,14.869999885559082,14.65999984741211,14.729999542236328,14.829999923706055,144600.0,5.5742998123168945
2006-07-12,14.640000343322754,14.460000038146973,14.600000381469727,14.489999771118164,269300.0,5.446500301361084
2006-07-13,14.369999885559082,14.140000343322754,14.34000015258789,14.180000305175781,268000.0,5.329979419708252
2006-07-14,14.34000015258789,14.0,14.130000114440918,14.09000015258789,332400.0,5.296148777008057
2006-07-17,13.979999542236328,13.850000381469727,13.920000076293945,13.899999618530273,244800.0,5.2247314453125
2006-07-18,13.90999984741211,13.6899995803833,13.899999618530273,13.8100004196167,311300.0,5.190904140472412
2006-07-19,14.470000267028809,13.850000381469727,13.850000381469727,14.430000305175781,393700.0,5.423949718475342
2006-07-20,14.5,14.260000228881836,14.470000267028809,14.270000457763672,227700.0,5.363807201385498
2006-07-21,14.460000038146973,14.329999923706055,14.449999809265137,14.34000015258789,202700.0,5.390118598937988
2006-07-24,14.670000076293945,14.460000038146973,14.470000267028809,14.640000343322754,327900.0,5.502883434295654
2006-07-25,14.729999542236328,14.550000190734863,14.609999656677246,14.729999542236328,245100.0,5.536711692810059
2006-07-26,14.850000381469727,14.479999542236328,14.600000381469727,14.75,222800.0,5.544231414794922
2006-07-27,14.899999618530273,14.619999885559082,14.8100004196167,14.680000305175781,310000.0,5.568889141082764
2006-07-28,15.09000015258789,14.869999885559082,14.869999885559082,15.050000190734863,305300.0,5.709248065948486
2006-07-31,15.0600004196167,14.90999984741211,14.989999771118164,15.050000190734863,324500.0,5.709248065948486
2006-08-01,14.979999542236328,14.720000267028809,14.850000381469727,14.979999542236328,279000.0,5.682692050933838
2006-08-02,15.149999618530273,14.979999542236328,14.979999542236328,15.09000015258789,372200.0,5.724421501159668
2006-08-03,15.140000343322754,14.90999984741211,14.90999984741211,15.079999923706055,342600.0,5.720629692077637
2006-08-04,15.329999923706055,15.130000114440918,15.300000190734863,15.180000305175781,246200.0,5.75856351852417
2006-08-07,15.100000381469727,14.960000038146973,15.039999961853027,15.029999732971191,206200.0,5.701660633087158
2006-08-08,15.210000038146973,15.0,15.050000190734863,15.039999961853027,267900.0,5.7054548263549805
2006-08-09,15.3100004196167,15.069999694824219,15.25,15.069999694824219,131100.0,5.716833114624023
2006-08-10,15.100000381469727,14.960000038146973,15.039999961853027,15.069999694824219,277900.0,5.716833114624023
2006-08-11,15.010000228881836,14.890000343322754,14.970000267028809,14.9399995803833,160200.0,5.667517185211182
2006-08-14,15.220000267028809,15.039999961853027,15.140000343322754,15.09000015258789,150800.0,5.724421501159668
2006-08-15,15.489999771118164,15.329999923706055,15.34000015258789,15.4399995803833,292500.0,5.85719633102417
2006-08-16,15.680000305175781,15.569999694824219,15.569999694824219,15.65999984741211,201800.0,5.9406538009643555
2006-08-17,15.670000076293945,15.5600004196167,15.600000381469727,15.600000381469727,1105700.0,5.917893409729004
2006-08-18,15.600000381469727,15.449999809265137,15.510000228881836,15.569999694824219,1221100.0,5.906512260437012
2006-08-21,15.649999618530273,15.520000457763672,15.569999694824219,15.5600004196167,381600.0,5.902717590332031
2006-08-22,15.489999771118164,15.369999885559082,15.390000343322754,15.449999809265137,258900.0,5.860990047454834
2006-08-23,15.449999809265137,15.319999694824219,15.399999618530273,15.380000114440918,656500.0,5.8344340324401855
2006-08-24,15.520000457763672,15.3100004196167,15.479999542236328,15.34000015258789,390800.0,5.8192572593688965
2006-08-25,15.369999885559082,15.239999771118164,15.300000190734863,15.319999694824219,149000.0,5.811672210693359
2006-08-28,15.569999694824219,15.319999694824219,15.319999694824219,15.5,216700.0,5.87995719909668
2006-08-29,15.630000114440918,15.420000076293945,15.600000381469727,15.59000015258789,246000.0,5.914098262786865
2006-08-30,15.670000076293945,15.579999923706055,15.630000114440918,15.65999984741211,840300.0,5.9406538009643555
2006-08-31,15.619999885559082,15.529999732971191,15.579999923706055,15.569999694824219,176800.0,5.906512260437012
2006-09-01,15.619999885559082,15.5,15.550000190734863,15.539999961853027,145400.0,5.895131587982178
2006-09-05,15.649999618530273,15.529999732971191,15.550000190734863,15.640000343322754,698200.0,5.933065891265869
2006-09-06,15.460000038146973,15.319999694824219,15.430000305175781,15.399999618530273,955300.0,5.842020034790039
2006-09-07,15.289999961853027,15.140000343322754,15.199999809265137,15.210000038146973,367300.0,5.769943714141846
2006-09-08,15.229999542236328,15.109999656677246,15.149999618530273,15.229999542236328,243000.0,5.777530193328857
2006-09-11,15.229999542236328,15.079999923706055,15.149999618530273,15.199999809265137,168000.0,5.766149997711182
2006-09-12,15.470000267028809,15.239999771118164,15.289999961853027,15.470000267028809,944200.0,5.868574142456055
2006-09-13,15.600000381469727,15.399999618530273,15.4399995803833,15.5,414900.0,5.87995719909668
2006-09-14,15.609999656677246,15.470000267028809,15.470000267028809,15.59000015258789,231900.0,5.914098262786865
2006-09-15,15.569999694824219,15.489999771118164,15.569999694824219,15.489999771118164,129200.0,5.876163005828857
2006-09-18,15.65999984741211,15.529999732971191,15.550000190734863,15.65999984741211,2361600.0,5.9406538009643555
2006-09-19,15.59000015258789,15.449999809265137,15.579999923706055,15.5,1124400.0,5.87995719909668
2006-09-20,15.829999923706055,15.649999618530273,15.649999618530273,15.789999961853027,702000.0,5.989970684051514
2006-09-21,15.960000038146973,15.800000190734863,15.890000343322754,15.869999885559082,605000.0,6.020315170288086
2006-09-22,15.859999656677246,15.770000457763672,15.84000015258789,15.789999961853027,339000.0,5.989970684051514
2006-09-25,15.890000343322754,15.600000381469727,15.729999542236328,15.880000114440918,674900.0,6.024109363555908
2006-09-26,15.8100004196167,15.630000114440918,15.65999984741211,15.770000457763672,808600.0,5.982381343841553
2006-09-27,15.899999618530273,15.6899995803833,15.6899995803833,15.880000114440918,370600.0,6.024109363555908
2006-09-28,15.890000343322754,15.770000457763672,15.880000114440918,15.84000015258789,173500.0,6.008936405181885
2006-09-29,15.850000381469727,15.789999961853027,15.8100004196167,15.789999961853027,276000.0,5.989970684051514
2006-10-02,15.9399995803833,15.789999961853027,15.800000190734863,15.829999923706055,203800.0,6.005141258239746
2006-10-03,15.890000343322754,15.720000267028809,15.8100004196167,15.850000381469727,268900.0,6.012729644775391
2006-10-04,16.049999237060547,15.819999694824219,15.819999694824219,16.030000686645508,1092000.0,6.0810136795043945
2006-10-05,16.1299991607666,16.010000228881836,16.030000686645508,16.100000381469727,729300.0,6.107569217681885
2006-10-06,16.200000762939453,16.0,16.059999465942383,16.1299991607666,352600.0,6.118948459625244
2006-10-09,16.360000610351562,16.209999084472656,16.209999084472656,16.290000915527344,225700.0,6.179644584655762
2006-10-10,16.579999923706055,16.34000015258789,16.360000610351562,16.520000457763672,395100.0,6.266895294189453
2006-10-11,16.510000228881836,16.34000015258789,16.440000534057617,16.399999618530273,265200.0,6.221372604370117
2006-10-12,16.920000076293945,16.729999542236328,16.799999237060547,16.8799991607666,483900.0,6.40346097946167
2006-10-13,16.950000762939453,16.75,16.790000915527344,16.8799991607666,382900.0,6.40346097946167
2006-10-16,16.780000686645508,16.6299991607666,16.670000076293945,16.75,216700.0,6.3541436195373535
2006-10-17,16.420000076293945,16.280000686645508,16.389999389648438,16.389999389648438,253600.0,6.217578887939453
2006-10-18,16.56999969482422,16.389999389648438,16.530000686645508,16.5,324000.0,6.259309768676758
2006-10-19,16.81999969482422,16.670000076293945,16.719999313354492,16.760000228881836,203000.0,6.357940196990967
2006-10-20,16.93000030517578,16.709999084472656,16.780000686645508,16.860000610351562,208700.0,6.3958740234375
2006-10-23,17.0,16.75,16.799999237060547,16.989999771118164,208500.0,6.445192337036133
2006-10-24,16.969999313354492,16.809999465942383,16.8799991607666,16.93000030517578,235400.0,6.422430992126465
2006-10-25,17.200000762939453,17.010000228881836,17.010000228881836,17.170000076293945,605600.0,6.51347541809082
2006-10-26,17.239999771118164,17.049999237060547,17.15999984741211,17.170000076293945,515800.0,6.51347541809082
2006-10-27,17.239999771118164,17.110000610351562,17.239999771118164,17.170000076293945,249200.0,6.564706325531006
2006-10-30,17.209999084472656,17.059999465942383,17.06999969482422,17.1299991607666,191100.0,6.549413681030273
2006-10-31,17.34000015258789,17.1200008392334,17.18000030517578,17.1200008392334,897900.0,6.545592308044434
2006-11-01,17.3700008392334,17.1299991607666,17.290000915527344,17.139999389648438,492900.0,6.553236484527588
2006-11-02,17.010000228881836,16.8700008392334,16.979999542236328,16.959999084472656,460600.0,6.484416961669922
2006-11-03,17.1299991607666,16.889999389648438,17.09000015258789,16.969999313354492,322200.0,6.488239288330078
2006-11-06,17.360000610351562,17.1299991607666,17.149999618530273,17.360000610351562,261100.0,6.637349605560303
2006-11-07,17.739999771118164,17.520000457763672,17.530000686645508,17.600000381469727,1474000.0,6.7291107177734375
2006-11-08,17.75,17.56999969482422,17.600000381469727,17.719999313354492,611200.0,6.774991512298584
2006-11-09,17.940000534057617,17.780000686645508,17.84000015258789,17.790000915527344,564900.0,6.801754951477051
2006-11-10,17.81999969482422,17.68000030517578,17.770000457763672,17.770000457763672,355800.0,6.7941107749938965
2006-11-13,17.8700008392334,17.760000228881836,17.829999923706055,17.760000228881836,251100.0,6.790285587310791
2006-11-14,17.940000534057617,17.75,17.899999618530273,17.920000076293945,902100.0,6.851459503173828
2006-11-15,17.90999984741211,17.770000457763672,17.790000915527344,17.850000381469727,442600.0,6.8246965408325195
2006-11-16,17.8799991607666,17.75,17.84000015258789,17.829999923706055,326600.0,6.817049503326416
2006-11-17,17.920000076293945,17.649999618530273,17.68000030517578,17.90999984741211,296700.0,6.847635746002197
2006-11-20,18.059999465942383,17.90999984741211,17.90999984741211,18.0,228800.0,6.882047653198242
2006-11-21,18.299999237060547,18.1299991607666,18.15999984741211,18.219999313354492,391100.0,6.966160774230957
2006-11-22,18.690000534057617,18.559999465942383,18.6200008392334,18.600000381469727,1906400.0,7.111445426940918
2006-11-24,18.350000381469727,18.229999542236328,18.290000915527344,18.239999771118164,217300.0,6.973806858062744
2006-11-27,18.09000015258789,17.75,18.09000015258789,17.790000915527344,729600.0,6.801754951477051
2006-11-28,17.920000076293945,17.68000030517578,17.719999313354492,17.889999389648438,309300.0,6.839988708496094
2006-11-29,18.229999542236328,18.049999237060547,18.170000076293945,18.139999389648438,330100.0,6.935570240020752
2006-11-30,18.34000015258789,18.190000534057617,18.290000915527344,18.280000686645508,484900.0,6.989101886749268
2006-12-01,18.420000076293945,17.81999969482422,18.3799991607666,18.06999969482422,1736800.0,6.908808708190918
2006-12-04,18.399999618530273,18.059999465942383,18.059999465942383,18.34000015258789,486900.0,7.0120415687561035
2006-12-05,18.65999984741211,18.43000030517578,18.469999313354492,18.649999618530273,363500.0,7.130566120147705
2006-12-06,18.68000030517578,18.540000915527344,18.6299991607666,18.549999237060547,223600.0,7.092329502105713
2006-12-07,18.709999084472656,18.5,18.6299991607666,18.520000457763672,451700.0,7.0808610916137695
2006-12-08,18.530000686645508,18.3799991607666,18.459999084472656,18.389999389648438,448600.0,7.03115701675415
2006-12-11,18.649999618530273,18.469999313354492,18.469999313354492,18.649999618530273,260900.0,7.130566120147705
2006-12-12,18.65999984741211,18.479999542236328,18.530000686645508,18.610000610351562,322400.0,7.115273952484131
2006-12-13,18.729999542236328,18.549999237060547,18.600000381469727,18.709999084472656,510800.0,7.153502941131592
2006-12-14,18.739999771118164,18.610000610351562,18.649999618530273,18.729999542236328,289500.0,7.161151885986328
2006-12-15,18.68000030517578,18.510000228881836,18.68000030517578,18.559999465942383,501900.0,7.096151351928711
2006-12-18,18.709999084472656,18.59000015258789,18.639999389648438,18.6299991607666,317000.0,7.122917175292969
2006-12-19,18.600000381469727,18.440000534057617,18.459999084472656,18.59000015258789,703900.0,7.1076226234436035
2006-12-20,18.700000762939453,18.520000457763672,18.65999984741211,18.530000686645508,283900.0,7.084686279296875
2006-12-21,18.59000015258789,18.399999618530273,18.440000534057617,18.59000015258789,491200.0,7.1076226234436035
2006-12-22,18.5,18.350000381469727,18.459999084472656,18.420000076293945,365500.0,7.042626857757568
2006-12-26,18.920000076293945,18.520000457763672,18.920000076293945,18.59000015258789,233200.0,7.1076226234436035
2006-12-27,18.700000762939453,18.489999771118164,18.5,18.670000076293945,223600.0,7.138210773468018
2006-12-28,18.700000762939453,18.56999969482422,18.68000030517578,18.610000610351562,242200.0,7.115273952484131
2006-12-29,18.760000228881836,18.520000457763672,18.56999969482422,18.65999984741211,418200.0,7.134387016296387
2007-01-03,19.239999771118164,18.93000030517578,19.200000762939453,19.010000228881836,526900.0,7.268203258514404
2007-01-04,19.1200008392334,18.8799991607666,19.010000228881836,19.100000381469727,463000.0,7.302614688873291
2007-01-05,18.969999313354492,18.799999237060547,18.969999313354492,18.850000381469727,400100.0,7.207030296325684
2007-01-08,18.899999618530273,18.700000762939453,18.8700008392334,18.8700008392334,312000.0,7.214676380157471
2007-01-09,18.90999984741211,18.719999313354492,18.899999618530273,18.809999465942383,578200.0,7.191738605499268
2007-01-10,18.440000534057617,18.270000457763672,18.3700008392334,18.3700008392334,419700.0,7.023512363433838
2007-01-11,18.510000228881836,18.309999465942383,18.34000015258789,18.479999542236328,459400.0,7.065567493438721
2007-01-12,18.59000015258789,18.479999542236328,18.5,18.579999923706055,491500.0,7.1038031578063965
2007-01-16,18.600000381469727,18.3799991607666,18.59000015258789,18.420000076293945,391700.0,7.042626857757568
2007-01-17,18.3799991607666,18.229999542236328,18.280000686645508,18.309999465942383,525800.0,7.000569820404053
2007-01-18,18.469999313354492,18.219999313354492,18.420000076293945,18.219999313354492,392400.0,6.966160774230957
2007-01-19,18.59000015258789,18.350000381469727,18.350000381469727,18.56999969482422,317600.0,7.099978446960449
2007-01-22,18.6299991607666,18.350000381469727,18.6299991607666,18.350000381469727,325500.0,7.015863418579102
2007-01-23,18.610000610351562,18.459999084472656,18.540000915527344,18.540000915527344,476700.0,7.088507175445557
2007-01-24,18.90999984741211,18.690000534057617,18.75,18.850000381469727,2012700.0,7.207030296325684
2007-01-25,18.829999923706055,18.540000915527344,18.809999465942383,18.59000015258789,424700.0,7.1076226234436035
2007-01-26,18.56999969482422,18.389999389648438,18.540000915527344,18.559999465942383,373200.0,7.096151351928711
2007-01-29,18.649999618530273,18.5,18.5,18.579999923706055,580500.0,7.157405853271484
2007-01-30,19.170000076293945,18.649999618530273,18.709999084472656,18.93000030517578,2672300.0,7.292232036590576
2007-01-31,19.100000381469727,18.700000762939453,18.729999542236328,18.8700008392334,731500.0,7.269116401672363
2007-02-01,18.920000076293945,18.780000686645508,18.84000015258789,18.860000610351562,500300.0,7.2652668952941895
2007-02-02,18.75,18.56999969482422,18.649999618530273,18.700000762939453,351400.0,7.203629970550537
2007-02-05,18.579999923706055,18.5,18.56999969482422,18.540000915527344,264600.0,7.141995429992676
2007-02-06,18.760000228881836,18.649999618530273,18.709999084472656,18.719999313354492,406100.0,7.211333274841309
2007-02-07,18.850000381469727,18.670000076293945,18.719999313354492,18.790000915527344,440000.0,7.23829984664917
2007-02-08,18.959999084472656,18.760000228881836,18.81999969482422,18.950000762939453,614300.0,7.299936294555664
2007-02-09,18.950000762939453,18.780000686645508,18.93000030517578,18.799999237060547,674000.0,7.242151737213135
2007-02-12,18.760000228881836,18.6200008392334,18.760000228881836,18.670000076293945,279900.0,7.192073822021484
2007-02-13,19.010000228881836,18.84000015258789,18.8700008392334,19.010000228881836,557100.0,7.323046684265137
2007-02-14,19.260000228881836,19.040000915527344,19.040000915527344,19.219999313354492,1614900.0,7.403944492340088
2007-02-15,19.270000457763672,19.15999984741211,19.229999542236328,19.18000030517578,340300.0,7.388537883758545
2007-02-16,19.1200008392334,18.979999542236328,19.110000610351562,19.059999465942383,378000.0,7.342311859130859
2007-02-20,19.3799991607666,19.239999771118164,19.280000686645508,19.34000015258789,417600.0,7.45017147064209
2007-02-21,19.18000030517578,19.06999969482422,19.1200008392334,19.110000610351562,580800.0,7.361569404602051
2007-02-22,19.290000915527344,19.1299991607666,19.229999542236328,19.239999771118164,415600.0,7.411649703979492
2007-02-23,19.190000534057617,19.049999237060547,19.18000030517578,19.149999618530273,540300.0,7.376979351043701
2007-02-26,19.25,19.09000015258789,19.200000762939453,19.149999618530273,326700.0,7.376979351043701
2007-02-27,18.899999618530273,18.049999237060547,18.860000610351562,18.200000762939453,1247700.0,7.01102352142334
2007-02-28,18.670000076293945,18.3799991607666,18.459999084472656,18.540000915527344,816700.0,7.141995429992676
2007-03-01,18.229999542236328,17.760000228881836,17.860000610351562,18.139999389648438,1721200.0,6.987903594970703
2007-03-02,18.139999389648438,17.809999465942383,18.0,17.829999923706055,859000.0,6.868488788604736
2007-03-05,17.75,17.31999969482422,17.540000915527344,17.350000381469727,857600.0,6.683583736419678
2007-03-06,17.920000076293945,17.639999389648438,17.670000076293945,17.850000381469727,359100.0,6.876194000244141
2007-03-07,17.950000762939453,17.780000686645508,17.829999923706055,17.809999465942383,982900.0,6.860783576965332
2007-03-08,18.190000534057617,17.979999542236328,18.0,18.079999923706055,963500.0,6.964794635772705
2007-03-09,18.239999771118164,18.030000686645508,18.200000762939453,18.209999084472656,292200.0,7.014873027801514
2007-03-12,18.200000762939453,17.989999771118164,18.040000915527344,18.1299991607666,484700.0,6.984054088592529
2007-03-13,17.940000534057617,17.40999984741211,17.81999969482422,17.43000030517578,817000.0,6.714400768280029
2007-03-14,17.34000015258789,16.93000030517578,17.299999237060547,17.290000915527344,1148300.0,6.660472869873047
2007-03-15,17.479999542236328,17.239999771118164,17.260000228881836,17.450000762939453,1499500.0,6.722104072570801
2007-03-16,17.479999542236328,17.290000915527344,17.360000610351562,17.360000610351562,533500.0,6.687432765960693
2007-03-19,17.770000457763672,17.56999969482422,17.670000076293945,17.700000762939453,395000.0,6.818409442901611
2007-03-20,17.90999984741211,17.6200008392334,17.649999618530273,17.8700008392334,332600.0,6.883896827697754
2007-03-21,18.299999237060547,17.75,18.0,18.299999237060547,993500.0,7.049543380737305
2007-03-22,18.25,18.059999465942383,18.190000534057617,18.18000030517578,437300.0,7.0033159255981445
2007-03-23,18.110000610351562,17.950000762939453,18.020000457763672,18.020000457763672,454600.0,6.94167947769165
2007-03-26,18.020000457763672,17.649999618530273,18.010000228881836,17.8799991607666,1038600.0,6.887748718261719
2007-03-27,18.170000076293945,17.780000686645508,17.8700008392334,17.969999313354492,1390800.0,6.922418117523193
2007-03-28,17.860000610351562,17.510000228881836,17.81999969482422,17.6299991607666,1300700.0,6.791446685791016
2007-03-29,17.809999465942383,17.649999618530273,17.729999542236328,17.799999237060547,640100.0,6.856932163238525
2007-03-30,18.09000015258789,17.709999084472656,17.75,17.829999923706055,809900.0,6.868488788604736
2007-04-02,17.920000076293945,17.75,17.889999389648438,17.920000076293945,758900.0,6.903159141540527
2007-04-03,18.200000762939453,18.049999237060547,18.079999923706055,18.18000030517578,1307700.0,7.0033159255981445
2007-04-04,18.360000610351562,18.219999313354492,18.260000228881836,18.34000015258789,936800.0,7.0649518966674805
2007-04-05,18.510000228881836,18.350000381469727,18.3799991607666,18.450000762939453,368500.0,7.107326030731201
2007-04-09,18.5,18.360000610351562,18.360000610351562,18.43000030517578,253100.0,7.0996198654174805
2007-04-10,18.719999313354492,18.510000228881836,18.510000228881836,18.709999084472656,388700.0,7.207480430603027
2007-04-11,18.700000762939453,18.510000228881836,18.700000762939453,18.559999465942383,740400.0,7.1496968269348145
2007-04-12,18.670000076293945,18.360000610351562,18.399999618530273,18.649999618530273,974600.0,7.184371471405029
2007-04-13,18.75,18.559999465942383,18.719999313354492,18.690000534057617,584700.0,7.199779987335205
2007-04-16,18.90999984741211,18.780000686645508,18.809999465942383,18.90999984741211,842500.0,7.284525394439697
2007-04-17,18.809999465942383,18.68000030517578,18.760000228881836,18.75,507700.0,7.2228922843933105
2007-04-18,18.760000228881836,18.5,18.559999465942383,18.670000076293945,637900.0,7.192073822021484
2007-04-19,18.579999923706055,18.260000228881836,18.290000915527344,18.530000686645508,476400.0,7.138145446777344
2007-04-20,18.899999618530273,18.700000762939453,18.790000915527344,18.799999237060547,497200.0,7.242151737213135
2007-04-23,18.780000686645508,18.600000381469727,18.65999984741211,18.6200008392334,2114400.0,7.172815322875977
2007-04-24,18.270000457763672,18.100000381469727,18.200000762939453,18.239999771118164,533400.0,7.026429176330566
2007-04-25,18.540000915527344,18.280000686645508,18.34000015258789,18.520000457763672,498000.0,7.13429069519043
2007-04-26,18.25,18.010000228881836,18.239999771118164,18.079999923706055,553100.0,7.065125942230225
2007-04-27,17.8799991607666,17.6200008392334,17.739999771118164,17.780000686645508,1300700.0,6.94789457321167
2007-04-30,17.81999969482422,17.649999618530273,17.780000686645508,17.690000534057617,612700.0,6.912725448608398
2007-05-01,17.790000915527344,17.530000686645508,17.790000915527344,17.670000076293945,469400.0,6.904909133911133
2007-05-02,17.850000381469727,17.68000030517578,17.729999542236328,17.799999237060547,1409200.0,6.955709457397461
2007-05-03,17.950000762939453,17.690000534057617,17.829999923706055,17.93000030517578,1162300.0,7.006508827209473
2007-05-04,18.329999923706055,18.209999084472656,18.260000228881836,18.299999237060547,571000.0,7.151094913482666
2007-05-07,18.299999237060547,18.18000030517578,18.260000228881836,18.209999084472656,367000.0,7.115925312042236
2007-05-08,18.100000381469727,17.940000534057617,18.0,18.059999465942383,373000.0,7.057310581207275
2007-05-09,18.229999542236328,18.010000228881836,18.040000915527344,18.219999313354492,449000.0,7.119832515716553
2007-05-10,18.239999771118164,17.809999465942383,18.079999923706055,17.8700008392334,734500.0,6.983062744140625
2007-05-11,18.360000610351562,18.1200008392334,18.1299991607666,18.360000610351562,535700.0,7.174539566040039
2007-05-14,18.219999313354492,17.989999771118164,18.190000534057617,18.079999923706055,367300.0,7.065125942230225
2007-05-15,18.399999618530273,18.06999969482422,18.06999969482422,18.209999084472656,425800.0,7.115925312042236
2007-05-16,18.399999618530273,18.190000534057617,18.360000610351562,18.31999969482422,542900.0,7.158910751342773
2007-05-17,18.239999771118164,18.079999923706055,18.18000030517578,18.209999084472656,451300.0,7.115925312042236
2007-05-18,18.700000762939453,18.440000534057617,18.459999084472656,18.670000076293945,3351400.0,7.295678615570068
2007-05-21,18.520000457763672,18.299999237060547,18.5,18.350000381469727,1152000.0,7.170632362365723
2007-05-22,18.440000534057617,18.299999237060547,18.43000030517578,18.34000015258789,263200.0,7.1667256355285645
2007-05-23,18.610000610351562,18.43000030517578,18.5,18.43000030517578,845100.0,7.201893329620361
2007-05-24,18.559999465942383,18.209999084472656,18.530000686645508,18.270000457763672,575000.0,7.1393723487854
2007-05-25,18.450000762939453,18.299999237060547,18.3700008392334,18.450000762939453,518300.0,7.209710121154785
2007-05-29,18.809999465942383,18.610000610351562,18.68000030517578,18.670000076293945,447300.0,7.295678615570068
2007-05-30,18.760000228881836,18.530000686645508,18.530000686645508,18.75,436000.0,7.32694149017334
2007-05-31,19.229999542236328,19.020000457763672,19.049999237060547,19.200000762939453,663600.0,7.502786159515381
2007-06-01,19.559999465942383,19.3700008392334,19.530000686645508,19.450000762939453,521500.0,7.600476264953613
2007-06-04,19.459999084472656,19.309999465942383,19.389999389648438,19.459999084472656,867700.0,7.6043877601623535
2007-06-05,19.3700008392334,19.18000030517578,19.360000610351562,19.239999771118164,393100.0,7.5184173583984375
2007-06-06,19.059999465942383,18.90999984741211,19.059999465942383,18.93000030517578,380000.0,7.397279739379883
2007-06-07,18.739999771118164,18.290000915527344,18.579999923706055,18.34000015258789,1369600.0,7.1667256355285645
2007-06-08,18.760000228881836,18.440000534057617,18.549999237060547,18.760000228881836,452500.0,7.330849647521973
2007-06-11,18.8799991607666,18.649999618530273,18.790000915527344,18.809999465942383,475700.0,7.3503875732421875
2007-06-12,18.420000076293945,18.139999389648438,18.3799991607666,18.139999389648438,906200.0,7.088567733764648
2007-06-13,18.350000381469727,18.1200008392334,18.15999984741211,18.299999237060547,1160200.0,7.151094913482666
2007-06-14,18.6299991607666,18.459999084472656,18.459999084472656,18.56999969482422,951600.0,7.256603240966797
2007-06-15,18.75,18.56999969482422,18.670000076293945,18.700000762939453,535600.0,7.307401657104492
2007-06-18,18.68000030517578,18.5,18.670000076293945,18.600000381469727,497100.0,7.2683234214782715
2007-06-19,18.649999618530273,18.43000030517578,18.489999771118164,18.600000381469727,498900.0,7.2683234214782715
2007-06-20,18.719999313354492,18.3700008392334,18.68000030517578,18.40999984741211,484100.0,7.19407844543457
2007-06-21,18.440000534057617,18.200000762939453,18.280000686645508,18.399999618530273,634500.0,7.190171241760254
2007-06-22,18.43000030517578,18.200000762939453,18.360000610351562,18.260000228881836,675400.0,7.135461807250977
2007-06-25,18.559999465942383,18.280000686645508,18.3799991607666,18.309999465942383,657700.0,7.155000686645508
2007-06-26,18.56999969482422,18.239999771118164,18.549999237060547,18.25,398900.0,7.131556510925293
2007-06-27,18.420000076293945,18.110000610351562,18.110000610351562,18.40999984741211,536900.0,7.19407844543457
2007-06-28,18.559999465942383,18.40999984741211,18.469999313354492,18.420000076293945,541400.0,7.197986125946045
2007-06-29,18.59000015258789,18.280000686645508,18.5,18.3799991607666,333300.0,7.182354927062988
2007-07-02,18.649999618530273,18.520000457763672,18.549999237060547,18.649999618530273,368600.0,7.28786563873291
2007-07-03,18.790000915527344,18.68000030517578,18.739999771118164,18.790000915527344,175100.0,7.3425703048706055
2007-07-05,18.93000030517578,18.690000534057617,18.920000076293945,18.799999237060547,359500.0,7.34647798538208
2007-07-06,19.190000534057617,19.040000915527344,19.059999465942383,19.100000381469727,335200.0,7.463709831237793
2007-07-09,19.190000534057617,19.059999465942383,19.190000534057617,19.079999923706055,316000.0,7.455894947052002
2007-07-10,19.15999984741211,18.780000686645508,18.90999984741211,18.809999465942383,831100.0,7.3503875732421875
2007-07-11,19.100000381469727,18.860000610351562,18.860000610351562,19.040000915527344,1579800.0,7.44026517868042
2007-07-12,19.520000457763672,19.219999313354492,19.239999771118164,19.489999771118164,403100.0,7.6161112785339355
2007-07-13,19.600000381469727,19.440000534057617,19.600000381469727,19.510000228881836,385000.0,7.623926162719727
2007-07-16,19.639999389648438,19.5,19.5,19.540000915527344,481800.0,7.635649681091309
2007-07-17,19.739999771118164,19.600000381469727,19.700000762939453,19.610000610351562,419800.0,7.663003921508789
2007-07-18,19.690000534057617,19.350000381469727,19.600000381469727,19.549999237060547,655000.0,7.639556407928467
2007-07-19,19.8700008392334,19.690000534057617,19.809999465942383,19.790000915527344,358800.0,7.733343601226807
2007-07-20,19.56999969482422,19.1299991607666,19.56999969482422,19.200000762939453,627600.0,7.502786159515381
2007-07-23,19.5,19.260000228881836,19.40999984741211,19.3700008392334,689600.0,7.569218635559082
2007-07-24,19.399999618530273,18.940000534057617,19.329999923706055,19.010000228881836,1067800.0,7.4285383224487305
2007-07-25,19.399999618530273,18.920000076293945,19.360000610351562,19.139999389648438,817000.0,7.479343414306641
2007-07-26,18.950000762939453,18.219999313354492,18.719999313354492,18.469999313354492,920200.0,7.217524528503418
2007-07-27,18.600000381469727,18.350000381469727,18.5,18.3700008392334,826300.0,7.243157386779785
2007-07-30,18.600000381469727,18.290000915527344,18.459999084472656,18.540000915527344,714200.0,7.310184001922607
2007-07-31,18.950000762939453,18.59000015258789,18.829999923706055,18.600000381469727,868600.0,7.3338422775268555
2007-08-01,18.959999084472656,18.440000534057617,18.760000228881836,18.889999389648438,1364600.0,7.448186874389648
2007-08-02,18.809999465942383,18.579999923706055,18.670000076293945,18.739999771118164,899200.0,7.389042377471924
2007-08-03,18.739999771118164,18.40999984741211,18.700000762939453,18.40999984741211,1027200.0,7.258924961090088
2007-08-06,19.020000457763672,18.350000381469727,18.510000228881836,18.950000762939453,1772600.0,7.471846103668213
2007-08-07,19.079999923706055,18.719999313354492,18.790000915527344,18.940000534057617,1486400.0,7.467901706695557
2007-08-08,19.540000915527344,19.110000610351562,19.110000610351562,19.389999389648438,895600.0,7.645331859588623
2007-08-09,19.209999084472656,18.739999771118164,18.8700008392334,18.739999771118164,799300.0,7.389042377471924
2007-08-10,18.6299991607666,18.270000457763672,18.40999984741211,18.5,1487900.0,7.294413089752197
2007-08-13,18.809999465942383,18.5,18.809999465942383,18.540000915527344,567400.0,7.310184001922607
2007-08-14,18.56999969482422,18.149999618530273,18.549999237060547,18.200000762939453,869800.0,7.176126003265381
2007-08-15,18.280000686645508,17.729999542236328,17.940000534057617,17.739999771118164,1111400.0,6.994749069213867
2007-08-16,17.84000015258789,17.059999465942383,17.600000381469727,17.799999237060547,1112300.0,7.018407344818115
2007-08-17,18.5,18.149999618530273,18.360000610351562,18.399999618530273,730700.0,7.254982948303223
2007-08-20,18.280000686645508,17.93000030517578,18.280000686645508,18.149999618530273,569900.0,7.156408309936523
2007-08-21,18.18000030517578,17.850000381469727,17.90999984741211,18.040000915527344,554600.0,7.113040447235107
2007-08-22,18.299999237060547,18.06999969482422,18.1299991607666,18.270000457763672,664400.0,7.203725337982178
2007-08-23,18.31999969482422,18.020000457763672,18.290000915527344,18.190000534057617,564100.0,7.17218542098999
2007-08-24,18.5,18.09000015258789,18.1200008392334,18.5,569200.0,7.294413089752197
2007-08-27,18.3799991607666,18.219999313354492,18.350000381469727,18.280000686645508,628500.0,7.207667350769043
2007-08-28,18.110000610351562,17.6299991607666,18.09000015258789,17.65999984741211,700400.0,6.963206768035889
2007-08-29,18.299999237060547,17.729999542236328,18.0,18.280000686645508,1246700.0,7.207667350769043
2007-08-30,18.170000076293945,17.809999465942383,17.809999465942383,17.950000762939453,699400.0,7.077554225921631
2007-08-31,18.389999389648438,18.1299991607666,18.329999923706055,18.270000457763672,478000.0,7.203725337982178
2007-09-04,18.579999923706055,18.170000076293945,18.190000534057617,18.520000457763672,520800.0,7.302299499511719
2007-09-05,18.15999984741211,17.979999542236328,18.139999389648438,18.059999465942383,629200.0,7.120926380157471
2007-09-06,18.209999084472656,17.850000381469727,18.030000686645508,18.1299991607666,600900.0,7.148523807525635
2007-09-07,17.959999084472656,17.520000457763672,17.860000610351562,17.729999542236328,574400.0,6.990805625915527
2007-09-10,17.729999542236328,17.399999618530273,17.700000762939453,17.579999923706055,937200.0,6.931664943695068
2007-09-11,17.8700008392334,17.59000015258789,17.59000015258789,17.84000015258789,670300.0,7.034180164337158
2007-09-12,17.719999313354492,17.510000228881836,17.59000015258789,17.610000610351562,473500.0,6.943493366241455
2007-09-13,17.969999313354492,17.799999237060547,17.920000076293945,17.8799991607666,524200.0,7.049948692321777
2007-09-14,17.739999771118164,17.520000457763672,17.56999969482422,17.719999313354492,346500.0,6.98686408996582
2007-09-17,17.489999771118164,17.290000915527344,17.399999618530273,17.3799991607666,1393400.0,6.852806568145752
2007-09-18,18.56999969482422,17.579999923706055,17.690000534057617,18.559999465942383,1953200.0,7.31806755065918
2007-09-19,18.860000610351562,18.559999465942383,18.770000457763672,18.649999618530273,821800.0,7.35355806350708
2007-09-20,18.889999389648438,18.6299991607666,18.719999313354492,18.719999313354492,2723000.0,7.381153583526611
2007-09-21,18.920000076293945,18.729999542236328,18.81999969482422,18.81999969482422,369300.0,7.420585632324219
2007-09-24,19.06999969482422,18.780000686645508,19.049999237060547,18.850000381469727,319300.0,7.432413101196289
2007-09-25,18.969999313354492,18.670000076293945,18.790000915527344,18.969999313354492,614900.0,7.479729652404785
2007-09-26,19.1200008392334,18.829999923706055,19.030000686645508,19.0,570100.0,7.4915571212768555
2007-09-27,19.389999389648438,19.260000228881836,19.389999389648438,19.34000015258789,488000.0,7.625618934631348
2007-09-28,19.5,19.219999313354492,19.440000534057617,19.309999465942383,487600.0,7.61378812789917
2007-10-01,19.56999969482422,19.149999618530273,19.149999618530273,19.489999771118164,557100.0,7.6847615242004395
2007-10-02,19.68000030517578,19.549999237060547,19.6299991607666,19.65999984741211,486700.0,7.751794338226318
2007-10-03,19.610000610351562,19.420000076293945,19.600000381469727,19.459999084472656,607700.0,7.672933578491211
2007-10-04,19.690000534057617,19.459999084472656,19.639999389648438,19.56999969482422,533200.0,7.716304302215576
2007-10-05,19.75,19.600000381469727,19.610000610351562,19.649999618530273,513700.0,7.74785041809082
2007-10-08,19.549999237060547,19.3700008392334,19.530000686645508,19.459999084472656,259700.0,7.672933578491211
2007-10-09,19.579999923706055,19.299999237060547,19.34000015258789,19.579999923706055,955400.0,7.720245838165283
2007-10-10,19.40999984741211,19.260000228881836,19.350000381469727,19.290000915527344,248300.0,7.605903625488281
2007-10-11,19.549999237060547,19.209999084472656,19.40999984741211,19.239999771118164,699300.0,7.586185932159424
2007-10-12,19.639999389648438,19.5,19.540000915527344,19.579999923706055,1501100.0,7.720245838165283
2007-10-15,20.059999465942383,19.739999771118164,20.020000457763672,19.809999465942383,1424900.0,7.8109354972839355
2007-10-16,19.719999313354492,19.579999923706055,19.719999313354492,19.579999923706055,862300.0,7.720245838165283
2007-10-17,20.209999084472656,19.940000534057617,20.190000534057617,20.09000015258789,923000.0,7.921337604522705
2007-10-18,20.5,20.229999542236328,20.31999969482422,20.43000030517578,957400.0,8.055397033691406
2007-10-19,20.31999969482422,19.979999542236328,20.25,19.989999771118164,1411600.0,7.8819098472595215
2007-10-22,19.969999313354492,19.639999389648438,19.700000762939453,19.959999084472656,864100.0,7.870076656341553
2007-10-23,20.280000686645508,19.989999771118164,20.149999618530273,20.280000686645508,1205000.0,7.996252536773682
2007-10-24,20.049999237060547,19.56999969482422,19.959999084472656,20.030000686645508,830200.0,7.897681713104248
2007-10-25,20.329999923706055,20.059999465942383,20.15999984741211,20.209999084472656,1214700.0,7.96865177154541
2007-10-26,21.0,20.610000610351562,20.829999923706055,20.950000762939453,1055700.0,8.260430335998535
2007-10-29,21.149999618530273,20.899999618530273,20.969999313354492,20.989999771118164,1787300.0,8.345513343811035
2007-10-30,21.540000915527344,21.15999984741211,21.229999542236328,21.40999984741211,2072300.0,8.512502670288086
2007-10-31,21.75,21.399999618530273,21.6299991607666,21.709999084472656,1898400.0,8.631783485412598
2007-11-01,21.299999237060547,20.81999969482422,21.020000457763672,21.030000686645508,736400.0,8.361419677734375
2007-11-02,21.559999465942383,21.1299991607666,21.280000686645508,21.450000762939453,1155900.0,8.528409957885742
2007-11-05,21.229999542236328,20.899999618530273,20.950000762939453,21.06999969482422,696200.0,8.377320289611816
2007-11-06,21.450000762939453,21.170000076293945,21.299999237060547,21.43000030517578,1204500.0,8.52045726776123
2007-11-07,21.270000457763672,20.639999389648438,21.270000457763672,20.690000534057617,1097400.0,8.226238250732422
2007-11-08,22.34000015258789,21.639999389648438,21.959999084472656,22.06999969482422,1383900.0,8.774916648864746
2007-11-09,22.040000915527344,21.600000381469727,21.799999237060547,21.670000076293945,1740700.0,8.61587905883789
2007-11-12,21.639999389648438,21.1299991607666,21.540000915527344,21.170000076293945,954000.0,8.417082786560059
2007-11-13,22.149999618530273,21.59000015258789,21.639999389648438,22.100000381469727,811600.0,8.786844253540039
2007-11-14,22.020000457763672,21.600000381469727,21.989999771118164,21.670000076293945,891800.0,8.61587905883789
2007-11-15,21.780000686645508,21.170000076293945,21.690000534057617,21.299999237060547,712800.0,8.468768119812012
2007-11-16,21.8799991607666,21.540000915527344,21.709999084472656,21.81999969482422,711600.0,8.675517082214355
2007-11-19,21.770000457763672,21.389999389648438,21.68000030517578,21.450000762939453,1628200.0,8.528409957885742
2007-11-20,21.90999984741211,21.469999313354492,21.729999542236328,21.760000228881836,1120500.0,8.651662826538086
2007-11-21,21.700000762939453,21.209999084472656,21.459999084472656,21.5,945100.0,8.54828929901123
2007-11-23,21.549999237060547,21.329999923706055,21.360000610351562,21.479999542236328,409900.0,8.540337562561035
2007-11-26,21.670000076293945,20.959999084472656,21.6200008392334,20.979999542236328,568600.0,8.34153938293457
2007-11-27,21.450000762939453,21.18000030517578,21.260000228881836,21.420000076293945,805400.0,8.516480445861816
2007-11-28,21.8799991607666,21.3700008392334,21.3700008392334,21.850000381469727,1371800.0,8.687442779541016
2007-11-29,21.610000610351562,21.190000534057617,21.270000457763672,21.459999084472656,1607800.0,8.53238582611084
2007-11-30,21.790000915527344,21.329999923706055,21.739999771118164,21.420000076293945,780200.0,8.516480445861816
2007-12-03,21.639999389648438,21.43000030517578,21.59000015258789,21.440000534057617,986600.0,8.524434089660645
2007-12-04,21.65999984741211,21.450000762939453,21.459999084472656,21.59000015258789,734600.0,8.584068298339844
2007-12-05,21.719999313354492,21.520000457763672,21.600000381469727,21.649999618530273,1759400.0,8.607927322387695
2007-12-06,21.850000381469727,21.5,21.6299991607666,21.81999969482422,1224200.0,8.675517082214355
2007-12-07,21.969999313354492,21.770000457763672,21.84000015258789,21.790000915527344,6835000.0,8.663588523864746
2007-12-10,22.15999984741211,21.969999313354492,22.010000228881836,22.139999389648438,2188200.0,8.802749633789062
2007-12-11,22.34000015258789,21.489999771118164,22.059999465942383,21.549999237060547,1884800.0,8.568169593811035
2007-12-12,22.25,21.649999618530273,22.200000762939453,21.8700008392334,1226900.0,8.695399284362793
2007-12-13,21.709999084472656,21.350000381469727,21.65999984741211,21.690000534057617,1105100.0,8.623831748962402
2007-12-14,21.290000915527344,20.90999984741211,20.989999771118164,20.979999542236328,808500.0,8.34153938293457
2007-12-17,20.829999923706055,20.440000534057617,20.690000534057617,20.510000228881836,1302500.0,8.154667854309082
2007-12-18,20.959999084472656,20.479999542236328,20.889999389648438,20.729999542236328,686300.0,8.242137908935547
2007-12-19,20.979999542236328,20.540000915527344,20.889999389648438,20.700000762939453,766300.0,8.230212211608887
2007-12-20,20.799999237060547,20.59000015258789,20.739999771118164,20.770000457763672,1155400.0,8.258041381835938
2007-12-21,21.280000686645508,21.020000457763672,21.06999969482422,21.239999771118164,538100.0,8.444914817810059
2007-12-24,21.600000381469727,21.209999084472656,21.530000686645508,21.450000762939453,321500.0,8.528409957885742
2007-12-26,21.6200008392334,21.459999084472656,21.489999771118164,21.530000686645508,412600.0,8.560214042663574
2007-12-27,21.600000381469727,21.389999389648438,21.540000915527344,21.469999313354492,650100.0,8.536358833312988
2007-12-28,21.81999969482422,21.649999618530273,21.729999542236328,21.739999771118164,548800.0,8.643709182739258
2007-12-31,21.75,21.420000076293945,21.479999542236328,21.540000915527344,897000.0,8.564188957214355
2008-01-02,21.59000015258789,21.270000457763672,21.3700008392334,21.350000381469727,1290300.0,8.488649368286133
2008-01-03,21.389999389648438,21.200000762939453,21.219999313354492,21.209999084472656,862800.0,8.432984352111816
2008-01-04,21.06999969482422,20.790000915527344,21.030000686645508,20.809999465942383,1906800.0,8.273945808410645
2008-01-07,20.8799991607666,20.65999984741211,20.780000686645508,20.81999969482422,2417300.0,8.277922630310059
2008-01-08,20.719999313354492,20.06999969482422,20.639999389648438,20.110000610351562,1430100.0,7.995630264282227
2008-01-09,20.229999542236328,19.760000228881836,20.059999465942383,20.229999542236328,1693800.0,8.043344497680664
2008-01-10,20.43000030517578,19.739999771118164,19.799999237060547,20.219999313354492,3430600.0,8.039363861083984
2008-01-11,20.34000015258789,20.06999969482422,20.170000076293945,20.229999542236328,1596400.0,8.043344497680664
2008-01-14,20.299999237060547,20.010000228881836,20.270000457763672,20.15999984741211,1133500.0,8.015508651733398
2008-01-15,19.729999542236328,18.649999618530273,19.610000610351562,19.219999313354492,2682800.0,7.641772747039795
2008-01-16,19.270000457763672,18.719999313354492,19.020000457763672,18.860000610351562,1793400.0,7.498638153076172
2008-01-17,18.889999389648438,18.299999237060547,18.809999465942383,18.350000381469727,1495000.0,7.295864105224609
2008-01-18,18.75,18.010000228881836,18.5,18.219999313354492,2165100.0,7.244174003601074
2008-01-22,17.610000610351562,16.68000030517578,16.690000534057617,17.479999542236328,2491200.0,6.9499592781066895
2008-01-23,17.270000457763672,16.09000015258789,16.200000762939453,17.209999084472656,3795600.0,6.842607021331787
2008-01-24,17.899999618530273,17.420000076293945,17.6299991607666,17.8799991607666,2135900.0,7.108993053436279
2008-01-25,18.229999542236328,17.469999313354492,18.190000534057617,17.559999465942383,1281200.0,6.981762886047363
2008-01-28,17.989999771118164,17.280000686645508,17.40999984741211,17.93000030517578,1432000.0,7.128873348236084
2008-01-29,17.65999984741211,17.399999618530273,17.639999389648438,17.649999618530273,1147300.0,7.089109897613525
2008-01-30,18.15999984741211,17.440000534057617,17.579999923706055,17.690000534057617,1233700.0,7.105177879333496
2008-01-31,17.700000762939453,17.020000457763672,17.09000015258789,17.520000457763672,1791600.0,7.0368971824646
2008-02-01,18.040000915527344,17.559999465942383,17.68000030517578,18.040000915527344,1294200.0,7.245757579803467
2008-02-04,17.799999237060547,17.610000610351562,17.760000228881836,17.6200008392334,909900.0,7.077061653137207
2008-02-05,16.920000076293945,16.479999542236328,16.790000915527344,16.520000457763672,2627600.0,6.635248184204102
2008-02-06,17.09000015258789,16.65999984741211,17.040000915527344,16.690000534057617,3827300.0,6.703526496887207
2008-02-07,17.06999969482422,16.59000015258789,16.690000534057617,16.940000534057617,2554600.0,6.803940296173096
2008-02-08,16.920000076293945,16.649999618530273,16.729999542236328,16.809999465942383,1963000.0,6.751725673675537
2008-02-11,16.81999969482422,16.440000534057617,16.790000915527344,16.670000076293945,2529400.0,6.695496082305908
2008-02-12,17.34000015258789,16.979999542236328,17.100000381469727,17.200000762939453,2341900.0,6.908369064331055
2008-02-13,17.600000381469727,17.25,17.59000015258789,17.56999969482422,1485200.0,7.056979656219482
2008-02-14,17.600000381469727,17.31999969482422,17.459999084472656,17.31999969482422,3362400.0,6.956567287445068
2008-02-15,17.25,17.020000457763672,17.110000610351562,17.25,1075200.0,6.928450584411621
2008-02-19,17.639999389648438,17.3799991607666,17.600000381469727,17.479999542236328,1318100.0,7.0208330154418945
2008-02-20,17.459999084472656,16.950000762939453,17.010000228881836,17.3799991607666,1841700.0,6.980666160583496
2008-02-21,17.530000686645508,17.25,17.489999771118164,17.299999237060547,1123900.0,6.948533058166504
2008-02-22,17.670000076293945,17.270000457763672,17.639999389648438,17.670000076293945,1359100.0,7.097143173217773
2008-02-25,18.040000915527344,17.549999237060547,17.65999984741211,18.020000457763672,1571900.0,7.237720489501953
2008-02-26,18.610000610351562,18.049999237060547,18.09000015258789,18.510000228881836,2519700.0,7.434530258178711
2008-02-27,18.729999542236328,18.350000381469727,18.3799991607666,18.6299991607666,1615900.0,7.482726573944092
2008-02-28,18.520000457763672,18.299999237060547,18.440000534057617,18.360000610351562,1595100.0,7.374282360076904
2008-02-29,18.190000534057617,17.780000686645508,18.190000534057617,17.780000686645508,1317100.0,7.141325950622559
2008-03-03,17.90999984741211,17.709999084472656,17.799999237060547,17.860000610351562,1367800.0,7.173458099365234
2008-03-04,17.75,17.329999923706055,17.489999771118164,17.719999313354492,1586200.0,7.117226600646973
2008-03-05,18.040000915527344,17.639999389648438,17.809999465942383,17.829999923706055,1939000.0,7.161407947540283
2008-03-06,17.780000686645508,17.420000076293945,17.780000686645508,17.469999313354492,1638400.0,7.016816139221191
2008-03-07,17.670000076293945,17.1299991607666,17.3700008392334,17.290000915527344,1942100.0,6.944519996643066
2008-03-10,17.469999313354492,17.1200008392334,17.450000762939453,17.190000534057617,1840900.0,6.904351711273193
2008-03-11,18.260000228881836,17.709999084472656,18.059999465942383,18.260000228881836,2031000.0,7.334117412567139
2008-03-12,18.389999389648438,17.989999771118164,18.34000015258789,17.989999771118164,1773000.0,7.225671291351318
2008-03-13,18.25,17.6200008392334,17.700000762939453,18.15999984741211,2743200.0,7.293951511383057
2008-03-14,18.5,17.690000534057617,18.5,17.850000381469727,1996300.0,7.1694416999816895
2008-03-17,17.989999771118164,17.450000762939453,17.469999313354492,17.850000381469727,1616800.0,7.1694416999816895
2008-03-18,18.479999542236328,18.079999923706055,18.079999923706055,18.469999313354492,1614700.0,7.41846227645874
2008-03-19,18.68000030517578,18.049999237060547,18.559999465942383,18.06999969482422,1409200.0,7.257803440093994
2008-03-20,18.899999618530273,17.969999313354492,18.0,18.899999618530273,1504500.0,7.591172218322754
2008-03-24,19.5,18.8700008392334,18.899999618530273,19.18000030517578,1432700.0,7.703634738922119
2008-03-25,19.75,19.329999923706055,19.420000076293945,19.709999084472656,2048900.0,7.91650915145874
2008-03-26,19.93000030517578,19.459999084472656,19.579999923706055,19.829999923706055,2009000.0,7.964705944061279
2008-03-27,20.309999465942383,19.889999389648438,20.139999389648438,19.889999389648438,3092900.0,7.988804340362549
2008-03-28,20.1200008392334,19.75,20.059999465942383,19.84000015258789,2259200.0,7.968723773956299
2008-03-31,20.139999389648438,19.790000915527344,19.809999465942383,19.940000534057617,1784600.0,8.008890151977539
2008-04-01,20.950000762939453,20.229999542236328,20.25,20.950000762939453,2252900.0,8.414555549621582
2008-04-02,21.09000015258789,20.81999969482422,21.0,20.969999313354492,1766700.0,8.422591209411621
2008-04-03,21.170000076293945,20.670000076293945,20.790000915527344,21.09000015258789,1054200.0,8.470785140991211
2008-04-04,21.100000381469727,20.739999771118164,20.889999389648438,20.940000534057617,1504000.0,8.410538673400879
2008-04-07,21.270000457763672,21.0,21.149999618530273,21.09000015258789,1130900.0,8.470785140991211
2008-04-08,20.90999984741211,20.6299991607666,20.739999771118164,20.8700008392334,895800.0,8.382420539855957
2008-04-09,20.84000015258789,20.6299991607666,20.799999237060547,20.639999389648438,961700.0,8.290044784545898
2008-04-10,20.690000534057617,20.31999969482422,20.43000030517578,20.59000015258789,1051800.0,8.2699613571167
2008-04-11,20.43000030517578,20.149999618530273,20.350000381469727,20.149999618530273,1746200.0,8.09323501586914
2008-04-14,20.290000915527344,20.149999618530273,20.209999084472656,20.209999084472656,2196200.0,8.117332458496094
2008-04-15,20.65999984741211,20.420000076293945,20.56999969482422,20.6299991607666,1265100.0,8.286028861999512
2008-04-16,21.350000381469727,20.989999771118164,21.0,21.34000015258789,1016500.0,8.571198463439941
2008-04-17,21.510000228881836,21.200000762939453,21.309999465942383,21.420000076293945,1070400.0,8.6033296585083
2008-04-18,21.799999237060547,21.56999969482422,21.639999389648438,21.65999984741211,1213900.0,8.699727058410645
2008-04-21,21.809999465942383,21.540000915527344,21.700000762939453,21.729999542236328,1000700.0,8.727838516235352
2008-04-22,21.68000030517578,21.389999389648438,21.549999237060547,21.520000457763672,1426000.0,8.64349365234375
2008-04-23,21.3799991607666,20.8700008392334,20.979999542236328,21.25,1070100.0,8.535048484802246
2008-04-24,21.559999465942383,20.989999771118164,21.100000381469727,21.440000534057617,1203500.0,8.611364364624023
2008-04-25,21.469999313354492,21.18000030517578,21.299999237060547,21.389999389648438,1144400.0,8.591279983520508
2008-04-28,21.219999313354492,20.860000610351562,20.899999618530273,21.100000381469727,1231800.0,8.640009880065918
2008-04-29,21.079999923706055,20.739999771118164,20.739999771118164,21.020000457763672,1816400.0,8.607247352600098
2008-04-30,21.299999237060547,20.93000030517578,20.959999084472656,21.09000015258789,2382100.0,8.635912895202637
2008-05-01,22.020000457763672,21.040000915527344,21.139999389648438,21.889999389648438,3532100.0,8.963495254516602
2008-05-02,21.959999084472656,21.6299991607666,21.959999084472656,21.770000457763672,2283000.0,8.914359092712402
2008-05-05,21.920000076293945,21.719999313354492,21.770000457763672,21.8799991607666,2603900.0,8.959402084350586
2008-05-06,22.0,21.600000381469727,21.649999618530273,21.969999313354492,2604500.0,8.996253967285156
2008-05-07,21.8700008392334,21.40999984741211,21.829999923706055,21.450000762939453,1910200.0,8.7833251953125
2008-05-08,21.920000076293945,21.639999389648438,21.68000030517578,21.829999923706055,1383700.0,8.938928604125977
2008-05-09,21.760000228881836,21.559999465942383,21.610000610351562,21.639999389648438,904800.0,8.861126899719238
2008-05-12,22.049999237060547,21.75,21.770000457763672,22.049999237060547,984500.0,9.029012680053711
2008-05-13,21.8700008392334,21.690000534057617,21.809999465942383,21.770000457763672,1590100.0,8.914359092712402
2008-05-14,22.030000686645508,21.84000015258789,21.899999618530273,21.84000015258789,998400.0,8.943018913269043
2008-05-15,22.270000457763672,21.940000534057617,21.950000762939453,22.239999771118164,1282400.0,9.106813430786133
2008-05-16,22.260000228881836,21.959999084472656,22.200000762939453,22.209999084472656,1030600.0,9.09453010559082
2008-05-19,22.170000076293945,21.850000381469727,22.170000076293945,21.90999984741211,874000.0,8.971689224243164
2008-05-20,22.09000015258789,21.770000457763672,22.09000015258789,21.940000534057617,1104000.0,8.98397159576416
2008-05-21,21.84000015258789,21.43000030517578,21.84000015258789,21.459999084472656,1444600.0,8.787422180175781
2008-05-22,21.5,21.18000030517578,21.239999771118164,21.399999618530273,1333100.0,8.762853622436523
2008-05-23,21.239999771118164,20.860000610351562,21.170000076293945,20.93000030517578,3326600.0,8.570395469665527
2008-05-27,20.8799991607666,20.549999237060547,20.65999984741211,20.709999084472656,1653200.0,8.48031234741211
2008-05-28,20.899999618530273,20.649999618530273,20.8700008392334,20.899999618530273,1802000.0,8.558111190795898
2008-05-29,20.75,20.40999984741211,20.459999084472656,20.65999984741211,1520200.0,8.459836959838867
2008-05-30,20.959999084472656,20.729999542236328,20.799999237060547,20.899999618530273,1298200.0,8.558111190795898
2008-06-02,20.489999771118164,20.260000228881836,20.479999542236328,20.389999389648438,1232100.0,8.349279403686523
2008-06-03,20.309999465942383,19.989999771118164,20.309999465942383,20.139999389648438,1269800.0,8.246907234191895
2008-06-04,20.149999618530273,19.84000015258789,19.860000610351562,19.940000534057617,1473400.0,8.165014266967773
2008-06-05,20.170000076293945,19.780000686645508,19.899999618530273,20.170000076293945,1482300.0,8.259193420410156
2008-06-06,19.780000686645508,19.43000030517578,19.760000228881836,19.450000762939453,2227000.0,7.9643659591674805
2008-06-09,19.479999542236328,19.100000381469727,19.440000534057617,19.209999084472656,2583900.0,7.866095542907715
2008-06-10,19.520000457763672,19.190000534057617,19.219999313354492,19.329999923706055,2328700.0,7.915230751037598
2008-06-11,18.989999771118164,18.690000534057617,18.940000534057617,18.700000762939453,2369100.0,7.6572585105896
2008-06-12,19.139999389648438,18.799999237060547,18.959999084472656,18.899999618530273,1751000.0,7.739152908325195
2008-06-13,19.299999237060547,19.049999237060547,19.190000534057617,19.299999237060547,1371700.0,7.9029436111450195
2008-06-16,19.18000030517578,18.899999618530273,19.049999237060547,19.1200008392334,1620200.0,7.829238414764404
2008-06-17,19.479999542236328,19.200000762939453,19.479999542236328,19.209999084472656,1643600.0,7.866095542907715
2008-06-18,18.940000534057617,18.709999084472656,18.799999237060547,18.860000610351562,1590800.0,7.722775936126709
2008-06-19,18.860000610351562,18.56999969482422,18.610000610351562,18.84000015258789,1198700.0,7.7145867347717285
2008-06-20,18.770000457763672,18.450000762939453,18.559999465942383,18.690000534057617,1532600.0,7.653164386749268
2008-06-23,18.700000762939453,18.399999618530273,18.639999389648438,18.530000686645508,1199000.0,7.587645530700684
2008-06-24,18.610000610351562,18.360000610351562,18.469999313354492,18.469999313354492,1600900.0,7.563076496124268
2008-06-25,19.100000381469727,18.729999542236328,18.739999771118164,18.860000610351562,1766300.0,7.722775936126709
2008-06-26,18.729999542236328,18.31999969482422,18.670000076293945,18.360000610351562,1934600.0,7.518036365509033
2008-06-27,18.549999237060547,18.209999084472656,18.479999542236328,18.299999237060547,1336900.0,7.493468284606934
2008-06-30,18.459999084472656,18.1299991607666,18.40999984741211,18.190000534057617,1585500.0,7.448427200317383
2008-07-01,18.239999771118164,17.780000686645508,18.06999969482422,18.209999084472656,2189000.0,7.4566144943237305
2008-07-02,18.670000076293945,18.219999313354492,18.559999465942383,18.260000228881836,1558900.0,7.477088451385498
2008-07-03,18.729999542236328,18.40999984741211,18.729999542236328,18.600000381469727,1682300.0,7.616311073303223
2008-07-07,17.8700008392334,17.420000076293945,17.780000686645508,17.540000915527344,2934700.0,7.182261943817139
2008-07-08,18.209999084472656,17.549999237060547,17.809999465942383,18.209999084472656,2284900.0,7.4566144943237305
2008-07-09,18.559999465942383,17.90999984741211,18.559999465942383,17.989999771118164,2063500.0,7.366528034210205
2008-07-10,18.299999237060547,17.959999084472656,18.030000686645508,18.229999542236328,2488000.0,7.464800834655762
2008-07-11,18.18000030517578,17.68000030517578,17.81999969482422,17.979999542236328,3018400.0,7.362432956695557
2008-07-14,18.100000381469727,17.6299991607666,18.09000015258789,17.649999618530273,2343100.0,7.227304935455322
2008-07-15,17.739999771118164,17.18000030517578,17.420000076293945,17.219999313354492,4083300.0,7.051228046417236
2008-07-16,17.950000762939453,17.059999465942383,17.149999618530273,17.940000534057617,2066100.0,7.3460540771484375
2008-07-17,18.360000610351562,17.959999084472656,18.1299991607666,18.31999969482422,1835500.0,7.5016584396362305
2008-07-18,18.6299991607666,18.229999542236328,18.3700008392334,18.56999969482422,1258000.0,7.604025363922119
2008-07-21,18.729999542236328,18.420000076293945,18.649999618530273,18.510000228881836,1218500.0,7.5794596672058105
2008-07-22,18.6200008392334,17.969999313354492,18.010000228881836,18.6200008392334,1825900.0,7.6245012283325195
2008-07-23,19.209999084472656,18.790000915527344,18.829999923706055,19.18000030517578,2079700.0,7.85380744934082
2008-07-24,19.309999465942383,18.540000915527344,19.280000686645508,18.68000030517578,1630300.0,7.64906644821167
2008-07-25,18.950000762939453,18.5,18.540000915527344,18.889999389648438,2033100.0,7.735058784484863
2008-07-28,19.209999084472656,18.530000686645508,19.100000381469727,18.610000610351562,1588500.0,7.620408058166504
2008-07-29,19.229999542236328,18.489999771118164,18.530000686645508,19.219999313354492,2756400.0,7.960875511169434
2008-07-30,19.260000228881836,18.90999984741211,19.09000015258789,19.25,1363100.0,7.973299980163574
2008-07-31,19.350000381469727,19.059999465942383,19.149999618530273,19.15999984741211,1800800.0,7.936026096343994
2008-08-01,18.940000534057617,18.59000015258789,18.850000381469727,18.670000076293945,1376200.0,7.733067989349365
2008-08-04,18.700000762939453,18.450000762939453,18.510000228881836,18.540000915527344,1238200.0,7.679220676422119
2008-08-05,19.25,18.84000015258789,18.920000076293945,19.25,1268500.0,7.973299980163574
2008-08-06,19.030000686645508,18.719999313354492,18.850000381469727,18.989999771118164,926700.0,7.865607261657715
2008-08-07,18.68000030517578,18.139999389648438,18.56999969482422,18.229999542236328,1178900.0,7.550817489624023
2008-08-08,18.360000610351562,17.8799991607666,17.889999389648438,18.329999923706055,966500.0,7.592240333557129
2008-08-11,18.690000534057617,18.329999923706055,18.3700008392334,18.530000686645508,1090800.0,7.675079345703125
2008-08-12,18.579999923706055,18.25,18.549999237060547,18.389999389648438,884100.0,7.617092132568359
2008-08-13,18.1200008392334,17.719999313354492,18.040000915527344,17.979999542236328,1706300.0,7.447269916534424
2008-08-14,17.799999237060547,17.520000457763672,17.559999465942383,17.6299991607666,1127200.0,7.302302360534668
2008-08-15,17.600000381469727,17.350000381469727,17.459999084472656,17.520000457763672,1286300.0,7.256739139556885
2008-08-18,17.610000610351562,17.219999313354492,17.610000610351562,17.290000915527344,1132900.0,7.161476135253906
2008-08-19,17.100000381469727,16.8799991607666,17.010000228881836,17.040000915527344,1298400.0,7.057924747467041
2008-08-20,16.979999542236328,16.65999984741211,16.739999771118164,16.979999542236328,1221900.0,7.033071994781494
2008-08-21,16.93000030517578,16.65999984741211,16.770000457763672,16.889999389648438,1103900.0,6.995795726776123
2008-08-22,17.219999313354492,16.959999084472656,17.0,17.190000534057617,865900.0,7.120053768157959
2008-08-25,16.8700008392334,16.479999542236328,16.75,16.559999465942383,1339600.0,6.859111785888672
2008-08-26,16.670000076293945,16.399999618530273,16.459999084472656,16.559999465942383,1104500.0,6.859111785888672
2008-08-27,16.770000457763672,16.5,16.6299991607666,16.68000030517578,736400.0,6.908814430236816
2008-08-28,17.149999618530273,16.940000534057617,17.010000228881836,17.1299991607666,813200.0,7.095202445983887
2008-08-29,17.15999984741211,16.940000534057617,17.100000381469727,16.979999542236328,488400.0,7.033071994781494
2008-09-02,17.260000228881836,16.899999618530273,17.239999771118164,17.049999237060547,1247700.0,7.062067985534668
2008-09-03,17.260000228881836,17.06999969482422,17.149999618530273,17.260000228881836,1340900.0,7.149045944213867
2008-09-04,17.010000228881836,16.09000015258789,16.989999771118164,16.09000015258789,2825200.0,6.664438247680664
2008-09-05,16.18000030517578,15.779999732971191,15.899999618530273,16.18000030517578,1581000.0,6.701713562011719
2008-09-08,16.8700008392334,16.329999923706055,16.809999465942383,16.600000381469727,1453100.0,6.875676155090332
2008-09-09,16.670000076293945,15.930000305175781,16.5,15.970000267028809,1603400.0,6.614735126495361
2008-09-10,16.0,15.539999961853027,16.0,15.770000457763672,2366900.0,6.531895160675049
2008-09-11,15.5600004196167,15.140000343322754,15.239999771118164,15.539999961853027,2774200.0,6.436628818511963
2008-09-12,16.079999923706055,15.479999542236328,15.529999732971191,16.020000457763672,1367600.0,6.635443687438965
2008-09-15,15.170000076293945,14.630000114440918,15.039999961853027,14.720000267028809,2696600.0,6.096986770629883
2008-09-16,15.1899995803833,14.029999732971191,14.069999694824219,15.1899995803833,3256000.0,6.291657447814941
2008-09-17,14.729999542236328,13.899999618530273,14.399999618530273,13.90999984741211,3047500.0,5.761487007141113
2008-09-18,15.760000228881836,13.829999923706055,14.40999984741211,15.1899995803833,4502900.0,6.291657447814941
2008-09-19,16.6299991607666,15.609999656677246,16.6299991607666,16.360000610351562,3589000.0,6.776271343231201
2008-09-22,16.549999237060547,15.5,16.479999542236328,15.569999694824219,1192500.0,6.44905424118042
2008-09-23,15.600000381469727,15.119999885559082,15.510000228881836,15.3100004196167,1049600.0,6.341363906860352
2008-09-24,15.579999923706055,15.220000267028809,15.25,15.359999656677246,655100.0,6.362074375152588
2008-09-25,16.049999237060547,15.489999771118164,15.489999771118164,15.789999961853027,763200.0,6.540179252624512
2008-09-26,16.15999984741211,15.720000267028809,15.850000381469727,16.15999984741211,803800.0,6.693430423736572
2008-09-29,15.359999656677246,14.149999618530273,15.270000457763672,14.449999809265137,971800.0,5.985151290893555
2008-09-30,15.130000114440918,14.640000343322754,14.800000190734863,15.020000457763672,830900.0,6.221246242523193
2008-10-01,16.950000762939453,14.920000076293945,15.109999656677246,16.440000534057617,949400.0,6.8094048500061035
2008-10-02,15.680000305175781,14.770000457763672,15.600000381469727,14.84000015258789,1296800.0,6.146689414978027
2008-10-03,16.149999618530273,15.149999618530273,15.65999984741211,15.600000381469727,991100.0,6.46148157119751
2008-10-06,15.4399995803833,13.779999732971191,15.15999984741211,14.649999618530273,1463000.0,6.067991733551025
2008-10-07,15.800000190734863,14.5,15.729999542236328,14.6899995803833,1312000.0,6.084561347961426
2008-10-08,15.130000114440918,14.109999656677246,14.520000457763672,14.649999618530273,1861400.0,6.067991733551025
2008-10-09,14.850000381469727,12.90999984741211,14.640000343322754,13.050000190734863,1384200.0,5.405277252197266
2008-10-10,13.029999732971191,11.449999809265137,12.020000457763672,13.029999732971191,2255300.0,5.396993160247803
2008-10-13,14.59000015258789,13.029999732971191,13.329999923706055,14.5,1768500.0,6.005863666534424
2008-10-14,14.850000381469727,13.520000457763672,14.8100004196167,14.5,6290300.0,6.005863666534424
2008-10-15,13.600000381469727,12.25,13.579999923706055,12.649999618530273,3449100.0,5.239597797393799
2008-10-16,12.729999542236328,11.729999542236328,12.40999984741211,12.729999542236328,5487100.0,5.27273416519165
2008-10-17,12.970000267028809,11.989999771118164,12.0600004196167,12.510000228881836,5468000.0,5.181611061096191
2008-10-20,13.100000381469727,12.359999656677246,12.5,12.859999656677246,4809200.0,5.326580047607422
2008-10-21,12.430000305175781,11.84000015258789,12.380000114440918,11.949999809265137,2508400.0,4.949660301208496
2008-10-22,11.210000038146973,9.920000076293945,11.119999885559082,10.130000114440918,4288500.0,4.1958208084106445
2008-10-23,10.289999961853027,9.5,9.989999771118164,10.069999694824219,4257500.0,4.1709675788879395
2008-10-24,9.609999656677246,8.680000305175781,8.829999923706055,9.0,2962700.0,3.7277777194976807
2008-10-27,9.210000038146973,8.5,8.880000114440918,8.529999732971191,2484500.0,3.5331027507781982
2008-10-28,9.59000015258789,8.25,9.59000015258789,9.239999771118164,3399100.0,3.827183961868286
2008-10-29,9.680000305175781,8.510000228881836,9.180000305175781,9.170000076293945,6772700.0,3.875791311264038
2008-10-30,10.5,9.90999984741211,10.279999732971191,10.199999809265137,4159000.0,4.311130046844482
2008-10-31,10.770000457763672,10.010000228881836,10.180000305175781,10.739999771118164,2890900.0,4.539366245269775
2008-11-03,10.569999694824219,10.109999656677246,10.199999809265137,10.489999771118164,2731600.0,4.433701992034912
2008-11-04,11.350000381469727,10.819999694824219,10.829999923706055,11.319999694824219,3288100.0,4.7845072746276855
2008-11-05,11.5,10.600000381469727,11.1899995803833,10.710000038146973,2541100.0,4.526686191558838
2008-11-06,10.75,9.989999771118164,10.489999771118164,10.09000015258789,2154700.0,4.264636993408203
2008-11-07,10.760000228881836,10.170000076293945,10.170000076293945,10.75,2947100.0,4.543594837188721
2008-11-10,10.239999771118164,9.670000076293945,10.020000457763672,9.869999885559082,3399100.0,4.171652317047119
2008-11-11,9.4399995803833,9.010000228881836,9.430000305175781,9.100000381469727,5382300.0,3.846204996109009
2008-11-12,9.149999618530273,8.260000228881836,8.960000038146973,8.399999618530273,4591300.0,3.5503427982330322
2008-11-13,9.619999885559082,8.40999984741211,8.829999923706055,9.619999885559082,6383500.0,4.065986156463623
2008-11-14,10.25,8.550000190734863,10.25,8.65999984741211,3622800.0,3.660233974456787
2008-11-17,8.329999923706055,7.900000095367432,8.029999732971191,7.980000019073486,3593700.0,3.37282395362854
2008-11-18,8.079999923706055,7.630000114440918,8.0,8.010000228881836,4094400.0,3.3855056762695312
2008-11-19,7.699999809265137,6.769999980926514,7.699999809265137,6.800000190734863,5039000.0,2.8740861415863037
2008-11-20,6.71999979019165,6.010000228881836,6.360000133514404,6.059999942779541,11034400.0,2.561318874359131
2008-11-21,6.989999771118164,6.269999980926514,6.269999980926514,6.809999942779541,4238900.0,2.8783135414123535
2008-11-24,7.639999866485596,6.739999771118164,7.28000020980835,7.460000038146973,4063900.0,3.1530416011810303
2008-11-25,8.010000228881836,7.519999980926514,7.570000171661377,7.840000152587891,4203700.0,3.3136534690856934
2008-11-26,8.229999542236328,7.510000228881836,7.510000228881836,8.130000114440918,3610200.0,3.4362246990203857
2008-11-28,8.40999984741211,8.1899995803833,8.25,8.369999885559082,2370000.0,3.537663459777832
2008-12-01,7.980000019073486,7.400000095367432,7.980000019073486,7.480000019073486,3159500.0,3.1614959239959717
2008-12-02,8.239999771118164,7.659999847412109,7.829999923706055,7.960000038146973,4720700.0,3.44921875
2008-12-03,8.109999656677246,7.650000095367432,7.789999961853027,8.020000457763672,4051700.0,3.4752182960510254
2008-12-04,8.050000190734863,7.630000114440918,8.029999732971191,7.789999961853027,2087600.0,3.3755557537078857
2008-12-05,8.100000381469727,7.639999866485596,7.739999771118164,8.050000190734863,3364900.0,3.488218307495117
2008-12-08,9.010000228881836,8.279999732971191,8.300000190734863,8.859999656677246,3346800.0,3.8392059803009033
2008-12-09,8.859999656677246,8.420000076293945,8.510000228881836,8.649999618530273,4382700.0,3.7482101917266846
2008-12-10,8.890000343322754,8.65999984741211,8.710000038146973,8.859999656677246,2517800.0,3.8392059803009033
2008-12-11,9.119999885559082,8.720000267028809,8.949999809265137,8.819999694824219,3542900.0,3.821873188018799
2008-12-12,8.890000343322754,8.25,8.329999923706055,8.890000343322754,2860400.0,3.852205514907837
2008-12-15,8.979999542236328,8.720000267028809,8.789999961853027,8.859999656677246,4315800.0,3.8392059803009033
2008-12-16,9.829999923706055,8.9399995803833,8.979999542236328,9.729999542236328,4374300.0,4.216193675994873
2008-12-17,9.829999923706055,9.399999618530273,9.430000305175781,9.630000114440918,4278700.0,4.172862529754639
2008-12-18,9.779999732971191,9.25,9.649999618530273,9.319999694824219,2566500.0,4.038532733917236
2008-12-19,9.460000038146973,9.270000457763672,9.329999923706055,9.390000343322754,1640900.0,4.06886625289917
2008-12-22,9.399999618530273,9.140000343322754,9.319999694824219,9.229999542236328,2476700.0,3.999534845352173
2008-12-23,9.399999618530273,9.180000305175781,9.300000190734863,9.289999961853027,2041200.0,4.025534152984619
2008-12-24,9.579999923706055,9.199999809265137,9.300000190734863,9.260000228881836,766600.0,4.012535095214844
2008-12-26,9.369999885559082,8.859999656677246,8.859999656677246,9.369999885559082,1038600.0,4.0601983070373535
2008-12-29,9.399999618530273,9.170000076293945,9.319999694824219,9.239999771118164,1514000.0,4.003866672515869
2008-12-30,9.600000381469727,9.300000190734863,9.300000190734863,9.5600004196167,1786500.0,4.1425299644470215
2008-12-31,10.09000015258789,9.369999885559082,10.09000015258789,9.489999771118164,3487400.0,4.112196922302246
2009-01-02,9.890000343322754,9.520000457763672,9.5600004196167,9.819999694824219,2713300.0,4.255192756652832
2009-01-05,9.800000190734863,9.5600004196167,9.609999656677246,9.770000457763672,1935900.0,4.23352575302124
2009-01-06,9.930000305175781,9.600000381469727,9.760000228881836,9.859999656677246,2778700.0,4.272524833679199
2009-01-07,9.779999732971191,9.5600004196167,9.680000305175781,9.640000343322754,1527000.0,4.177194118499756
2009-01-08,9.670000076293945,9.470000267028809,9.5600004196167,9.649999618530273,1454600.0,4.181527614593506
2009-01-09,9.510000228881836,9.210000038146973,9.510000228881836,9.300000190734863,2200300.0,4.029867172241211
2009-01-12,9.3100004196167,8.859999656677246,9.25,8.960000038146973,3776300.0,3.8825390338897705
2009-01-13,8.739999771118164,8.539999961853027,8.619999885559082,8.670000076293945,3284600.0,3.7568752765655518
2009-01-14,8.109999656677246,7.840000152587891,8.079999923706055,7.940000057220459,4103300.0,3.4405534267425537
2009-01-15,8.359999656677246,7.78000020980835,8.069999694824219,8.140000343322754,6324600.0,3.5272161960601807
2009-01-16,8.449999809265137,7.820000171661377,8.430000305175781,8.039999961853027,5855400.0,3.48388409614563
2009-01-20,7.300000190734863,6.690000057220459,7.21999979019165,6.71999979019165,22375700.0,2.9119043350219727
2009-01-21,7.199999809265137,6.809999942779541,7.0,7.179999828338623,11564200.0,3.1112308502197266
2009-01-22,7.099999904632568,6.78000020980835,6.920000076293945,6.980000019073486,4800600.0,3.024566411972046
2009-01-23,7.059999942779541,6.590000152587891,6.710000038146973,6.900000095367432,9318700.0,2.989901304244995
2009-01-26,7.510000228881836,7.03000020980835,7.309999942779541,7.21999979019165,6445500.0,3.1285626888275146
2009-01-27,7.590000152587891,7.300000190734863,7.360000133514404,7.519999980926514,5348600.0,3.258558511734009
2009-01-28,8.510000228881836,8.050000190734863,8.149999618530273,8.289999961853027,9789500.0,3.6738016605377197
2009-01-29,8.119999885559082,7.449999809265137,8.0600004196167,7.53000020980835,22329600.0,3.3369979858398438
2009-01-30,8.0,7.730000019073486,7.960000038146973,7.840000152587891,11074600.0,3.474377393722534
2009-02-02,7.630000114440918,7.400000095367432,7.420000076293945,7.559999942779541,12623200.0,3.350294351577759
2009-02-03,7.909999847412109,7.559999942779541,7.650000095367432,7.840000152587891,4664800.0,3.474377393722534
2009-02-04,7.96999979019165,7.53000020980835,7.71999979019165,7.71999979019165,6025100.0,3.4211983680725098
2009-02-05,7.880000114440918,7.340000152587891,7.519999980926514,7.75,13030300.0,3.4344937801361084
2009-02-06,7.929999828338623,7.730000019073486,7.869999885559082,7.849999904632568,9468200.0,3.478808641433716
2009-02-09,7.940000057220459,7.78000020980835,7.849999904632568,7.809999942779541,6930200.0,3.461082696914673
2009-02-10,7.960000038146973,7.269999980926514,7.860000133514404,7.309999942779541,8896500.0,3.2395029067993164
2009-02-11,7.659999847412109,7.269999980926514,7.639999866485596,7.409999847412109,9713000.0,3.2838196754455566
2009-02-12,7.429999828338623,7.090000152587891,7.239999771118164,7.420000076293945,7949000.0,3.288249969482422
2009-02-13,7.400000095367432,7.190000057220459,7.289999961853027,7.199999809265137,7618500.0,3.190755844116211
2009-02-17,6.5,6.329999923706055,6.489999771118164,6.369999885559082,4595700.0,2.8229315280914307
2009-02-18,6.570000171661377,6.309999942779541,6.570000171661377,6.480000019073486,3415000.0,2.8716795444488525
2009-02-19,6.710000038146973,6.409999847412109,6.690000057220459,6.440000057220459,3545600.0,2.8539533615112305
2009-02-20,6.329999923706055,6.130000114440918,6.190000057220459,6.28000020980835,8060400.0,2.783047676086426
2009-02-23,6.349999904632568,5.889999866485596,6.349999904632568,5.920000076293945,5697700.0,2.6235103607177734
2009-02-24,6.25,5.829999923706055,5.880000114440918,6.199999809265137,4767600.0,2.7475945949554443
2009-02-25,6.349999904632568,5.900000095367432,6.179999828338623,6.190000057220459,5883300.0,2.7431631088256836
2009-02-26,6.53000020980835,6.28000020980835,6.420000076293945,6.289999961853027,3134800.0,2.787479877471924
2009-02-27,6.260000228881836,6.010000228881836,6.050000190734863,6.019999980926514,4598900.0,2.6678261756896973
2009-03-02,5.800000190734863,5.5,5.71999979019165,5.539999961853027,4263300.0,2.455108642578125
2009-03-03,5.730000019073486,5.429999828338623,5.730000019073486,5.539999961853027,2975800.0,2.455108642578125
2009-03-04,5.840000152587891,5.559999942779541,5.670000076293945,5.690000057220459,3706700.0,2.5215823650360107
2009-03-05,5.409999847412109,5.119999885559082,5.349999904632568,5.190000057220459,2936800.0,2.3000028133392334
2009-03-06,5.300000190734863,5.059999942779541,5.199999809265137,5.230000019073486,4549800.0,2.3177292346954346
2009-03-09,5.059999942779541,4.869999885559082,4.909999847412109,4.900000095367432,4206600.0,2.1714863777160645
2009-03-10,5.75,5.429999828338623,5.440000057220459,5.75,7467700.0,2.5481724739074707
2009-03-11,6.079999923706055,5.730000019073486,5.960000038146973,5.849999904632568,3119300.0,2.5924885272979736
2009-03-12,6.320000171661377,5.710000038146973,5.809999942779541,6.289999961853027,3235900.0,2.787479877471924
2009-03-13,6.440000057220459,6.179999828338623,6.389999866485596,6.440000057220459,2566000.0,2.8539533615112305
2009-03-16,6.699999809265137,6.380000114440918,6.610000133514404,6.380000114440918,5772800.0,2.827364683151245
2009-03-17,6.800000190734863,6.360000133514404,6.449999809265137,6.769999980926514,1723800.0,3.0001964569091797
2009-03-18,7.090000152587891,6.480000019073486,6.630000114440918,7.070000171661377,1722700.0,3.1331443786621094
2009-03-19,7.28000020980835,6.929999828338623,7.239999771118164,6.940000057220459,2897600.0,3.0755343437194824
2009-03-20,6.960000038146973,6.699999809265137,6.869999885559082,6.820000171661377,2580900.0,3.0223548412323
2009-03-23,7.630000114440918,7.139999866485596,7.190000057220459,7.590000152587891,2959500.0,3.3635878562927246
2009-03-24,7.519999980926514,7.179999828338623,7.289999961853027,7.210000038146973,3655300.0,3.1951873302459717
2009-03-25,7.510000228881836,7.070000171661377,7.309999942779541,7.409999847412109,2332600.0,3.2838196754455566
2009-03-26,7.550000190734863,7.300000190734863,7.400000095367432,7.510000228881836,2000200.0,3.3281352519989014
2009-03-27,7.210000038146973,6.96999979019165,7.210000038146973,6.980000019073486,1604700.0,3.09325909614563
2009-03-30,6.590000152587891,6.400000095367432,6.590000152587891,6.429999828338623,2061400.0,2.8495209217071533
2009-03-31,6.989999771118164,6.610000133514404,6.630000114440918,6.900000095367432,3380900.0,3.057807683944702
2009-04-01,7.170000076293945,6.809999942779541,6.829999923706055,7.150000095367432,2904700.0,3.1685972213745117
2009-04-02,7.96999979019165,7.599999904632568,7.599999904632568,7.760000228881836,3406300.0,3.43892502784729
2009-04-03,8.149999618530273,7.78000020980835,7.909999847412109,8.100000381469727,3537600.0,3.5896003246307373
2009-04-06,7.869999885559082,7.670000076293945,7.78000020980835,7.869999885559082,3094900.0,3.4876725673675537
2009-04-07,7.829999923706055,7.610000133514404,7.659999847412109,7.659999847412109,3901600.0,3.39461088180542
2009-04-08,8.010000228881836,7.75,7.840000152587891,7.900000095367432,1438900.0,3.5009689331054688
2009-04-09,8.779999732971191,8.40999984741211,8.489999771118164,8.779999732971191,2002500.0,3.8909480571746826
2009-04-13,9.079999923706055,8.609999656677246,8.989999771118164,8.989999771118164,3022100.0,3.9840123653411865
2009-04-14,8.850000381469727,8.5600004196167,8.619999885559082,8.569999694824219,2777500.0,3.797884464263916
2009-04-15,8.779999732971191,8.390000343322754,8.449999809265137,8.739999771118164,2524500.0,3.8732237815856934
2009-04-16,8.989999771118164,8.710000038146973,8.859999656677246,8.90999984741211,1762400.0,3.948559522628784
2009-04-17,9.109999656677246,8.770000457763672,8.880000114440918,8.989999771118164,2235900.0,3.9840123653411865
2009-04-20,8.619999885559082,8.270000457763672,8.619999885559082,8.289999961853027,4265500.0,3.6738016605377197
2009-04-21,8.579999923706055,7.980000019073486,8.0,8.539999961853027,5396100.0,3.784590005874634
2009-04-22,8.6899995803833,8.180000305175781,8.229999542236328,8.420000076293945,2837300.0,3.7314116954803467
2009-04-23,8.6899995803833,8.34000015258789,8.550000190734863,8.649999618530273,1839100.0,3.8333380222320557
2009-04-24,8.989999771118164,8.729999542236328,8.84000015258789,8.890000343322754,2206700.0,3.939697265625
2009-04-27,8.739999771118164,8.430000305175781,8.579999923706055,8.460000038146973,2024400.0,3.7491371631622314
2009-04-28,8.520000457763672,8.029999732971191,8.100000381469727,8.359999656677246,3367700.0,3.8542537689208984
2009-04-29,8.970000267028809,8.760000228881836,8.800000190734863,8.890000343322754,1669400.0,4.098601818084717
2009-04-30,9.380000114440918,9.079999923706055,9.109999656677246,9.149999618530273,2457200.0,4.218470573425293
2009-05-01,9.579999923706055,8.970000267028809,8.970000267028809,9.25,1866100.0,4.264575481414795
2009-05-04,9.59000015258789,9.050000190734863,9.09000015258789,9.539999961853027,3631800.0,4.398274898529053
2009-05-05,9.539999961853027,9.300000190734863,9.510000228881836,9.380000114440918,2777900.0,4.324509620666504
2009-05-06,9.880000114440918,9.369999885559082,9.5,9.739999771118164,2326100.0,4.490481376647949
2009-05-07,9.739999771118164,9.210000038146973,9.720000267028809,9.279999732971191,1994000.0,4.278405666351318
2009-05-08,10.199999809265137,9.729999542236328,9.75,10.199999809265137,1608700.0,4.702557563781738
2009-05-11,9.970000267028809,9.720000267028809,9.779999732971191,9.8100004196167,1328400.0,4.522754669189453
2009-05-12,9.989999771118164,9.649999618530273,9.90999984741211,9.869999885559082,3296700.0,4.550415515899658
2009-05-13,9.529999732971191,9.15999984741211,9.40999984741211,9.199999809265137,6956900.0,4.241522789001465
2009-05-14,9.520000457763672,9.079999923706055,9.109999656677246,9.40999984741211,1378500.0,4.338339805603027
2009-05-15,9.420000076293945,9.069999694824219,9.300000190734863,9.15999984741211,2177200.0,4.223082065582275
2009-05-18,9.800000190734863,9.359999656677246,9.359999656677246,9.800000190734863,2367600.0,4.5181427001953125
2009-05-19,10.140000343322754,9.829999923706055,9.869999885559082,9.970000267028809,2179200.0,4.59652042388916
2009-05-20,10.170000076293945,9.8100004196167,10.09000015258789,9.829999923706055,2588700.0,4.531975269317627
2009-05-21,9.960000038146973,9.760000228881836,9.8100004196167,9.890000343322754,3830300.0,4.55963659286499
2009-05-22,10.25,10.050000190734863,10.149999618530273,10.119999885559082,1724500.0,4.665676116943359
2009-05-26,10.520000457763672,10.069999694824219,10.100000381469727,10.460000038146973,2503800.0,4.822428226470947
2009-05-27,10.680000305175781,10.319999694824219,10.59000015258789,10.359999656677246,2689700.0,4.776325702667236
2009-05-28,10.710000038146973,10.319999694824219,10.489999771118164,10.649999618530273,9420800.0,4.910022258758545
2009-05-29,10.789999961853027,10.5600004196167,10.739999771118164,10.739999771118164,2023500.0,4.9515156745910645
2009-06-01,11.15999984741211,10.869999885559082,10.90999984741211,11.0600004196167,1791700.0,5.099049091339111
2009-06-02,11.1899995803833,11.0,11.050000190734863,11.119999885559082,1789500.0,5.126710414886475
2009-06-03,10.859999656677246,10.539999961853027,10.84000015258789,10.720000267028809,3710800.0,4.942295074462891
2009-06-04,10.890000343322754,10.579999923706055,10.710000038146973,10.819999694824219,2467800.0,4.988400459289551
2009-06-05,11.010000228881836,10.699999809265137,11.010000228881836,10.800000190734863,2583700.0,4.979180335998535
2009-06-08,10.819999694824219,10.470000267028809,10.640000343322754,10.729999542236328,2746200.0,4.946907043457031
2009-06-09,11.079999923706055,10.829999923706055,10.890000343322754,10.989999771118164,1821400.0,5.066777229309082
2009-06-10,11.300000190734863,10.979999542236328,11.300000190734863,11.130000114440918,4432600.0,5.131320476531982
2009-06-11,11.510000228881836,11.1899995803833,11.199999809265137,11.359999656677246,3408500.0,5.237358570098877
2009-06-12,11.430000305175781,11.130000114440918,11.210000038146973,11.399999618530273,2698400.0,5.255797863006592
2009-06-15,11.079999923706055,10.800000190734863,11.079999923706055,10.949999809265137,7242400.0,5.048334121704102
2009-06-16,11.069999694824219,10.819999694824219,11.0600004196167,10.829999923706055,4558100.0,4.993010520935059
2009-06-17,11.069999694824219,10.720000267028809,10.960000038146973,10.899999618530273,4379700.0,5.025284290313721
2009-06-18,11.300000190734863,11.0,11.020000457763672,11.1899995803833,2487000.0,5.15898323059082
2009-06-19,11.800000190734863,11.489999771118164,11.539999961853027,11.699999809265137,2469100.0,5.394111633300781
2009-06-22,11.329999923706055,11.079999923706055,11.3100004196167,11.119999885559082,2353700.0,5.126710414886475
2009-06-23,11.369999885559082,11.130000114440918,11.260000228881836,11.270000457763672,2090000.0,5.19586706161499
2009-06-24,11.640000343322754,11.319999694824219,11.510000228881836,11.460000038146973,2345000.0,5.283463478088379
2009-06-25,11.819999694824219,11.270000457763672,11.329999923706055,11.760000228881836,4221500.0,5.42177152633667
2009-06-26,11.930000305175781,11.65999984741211,11.739999771118164,11.850000381469727,2292400.0,5.4632649421691895
2009-06-29,12.220000267028809,11.880000114440918,11.930000305175781,12.170000076293945,2280200.0,5.61079740524292
2009-06-30,12.210000038146973,11.920000076293945,12.199999809265137,12.100000381469727,3686100.0,5.578524112701416
2009-07-01,12.430000305175781,12.229999542236328,12.34000015258789,12.25,1867100.0,5.647680759429932
2009-07-02,12.029999732971191,11.720000267028809,12.029999732971191,11.75,5906700.0,5.417161464691162
2009-07-06,11.829999923706055,11.5600004196167,11.609999656677246,11.800000190734863,3971100.0,5.440215587615967
2009-07-07,11.949999809265137,11.569999694824219,11.899999618530273,11.600000381469727,3857200.0,5.348008632659912
2009-07-08,11.529999732971191,11.109999656677246,11.5,11.34000015258789,4710200.0,5.228138446807861
2009-07-09,11.770000457763672,11.470000267028809,11.649999618530273,11.65999984741211,4217300.0,5.375668048858643
2009-07-10,11.600000381469727,11.34000015258789,11.40999984741211,11.5,2488000.0,5.30190372467041
2009-07-13,11.920000076293945,11.470000267028809,11.5600004196167,11.890000343322754,2918400.0,5.4817070960998535
2009-07-14,11.979999542236328,11.760000228881836,11.90999984741211,11.899999618530273,1995700.0,5.4863176345825195
2009-07-15,12.600000381469727,12.239999771118164,12.260000228881836,12.510000228881836,3254600.0,5.76754903793335
2009-07-16,12.890000343322754,12.569999694824219,12.699999809265137,12.819999694824219,2837600.0,5.9104695320129395
2009-07-17,12.819999694824219,12.600000381469727,12.720000267028809,12.739999771118164,1832200.0,5.873586654663086
2009-07-20,13.279999732971191,12.970000267028809,13.039999961853027,13.180000305175781,5267900.0,6.07644510269165
2009-07-21,13.319999694824219,12.819999694824219,13.3100004196167,12.979999542236328,3871700.0,5.984234809875488
2009-07-22,13.270000457763672,12.899999618530273,12.9399995803833,13.100000381469727,2647200.0,6.0395612716674805
2009-07-23,13.609999656677246,13.199999809265137,13.229999542236328,13.479999542236328,3070900.0,6.214752197265625
2009-07-24,13.859999656677246,13.510000228881836,13.6899995803833,13.800000190734863,4376600.0,6.3622846603393555
2009-07-27,14.229999542236328,13.899999618530273,14.0,14.15999984741211,5554200.0,6.528255939483643
2009-07-28,14.369999885559082,14.039999961853027,14.229999542236328,14.279999732971191,2640800.0,6.583581447601318
2009-07-29,13.859999656677246,13.520000457763672,13.710000038146973,13.859999656677246,3588500.0,6.475192070007324
2009-07-30,14.09000015258789,13.710000038146973,13.850000381469727,14.029999732971191,7879900.0,6.554616928100586
2009-07-31,14.5,14.029999732971191,14.029999732971191,14.460000038146973,3715500.0,6.755504608154297
2009-08-03,14.6899995803833,14.329999923706055,14.34000015258789,14.630000114440918,3201500.0,6.834927082061768
2009-08-04,14.569999694824219,14.329999923706055,14.380000114440918,14.539999961853027,5513500.0,6.792879581451416
2009-08-05,14.449999809265137,14.079999923706055,14.390000343322754,14.369999885559082,3612500.0,6.713459014892578
2009-08-06,14.579999923706055,14.25,14.5,14.380000114440918,3059500.0,6.718130588531494
2009-08-07,14.640000343322754,14.470000267028809,14.619999885559082,14.489999771118164,3510600.0,6.769518852233887
2009-08-10,14.460000038146973,14.34000015258789,14.4399995803833,14.40999984741211,2261200.0,6.732144355773926
2009-08-11,14.449999809265137,14.220000267028809,14.350000381469727,14.300000190734863,1992400.0,6.680756568908691
2009-08-12,14.699999809265137,14.350000381469727,14.350000381469727,14.609999656677246,2864700.0,6.825584411621094
2009-08-13,14.869999885559082,14.640000343322754,14.710000038146973,14.770000457763672,2954200.0,6.900332927703857
2009-08-14,14.760000228881836,14.40999984741211,14.760000228881836,14.619999885559082,2537900.0,6.830255031585693
2009-08-17,13.970000267028809,13.819999694824219,13.960000038146973,13.859999656677246,3476300.0,6.475192070007324
2009-08-18,14.300000190734863,13.9399995803833,13.960000038146973,14.220000267028809,2627400.0,6.643383502960205
2009-08-19,14.470000267028809,13.880000114440918,13.880000114440918,14.329999923706055,2228400.0,6.694771766662598
2009-08-20,14.670000076293945,14.350000381469727,14.399999618530273,14.619999885559082,1657500.0,6.830255031585693
2009-08-21,15.100000381469727,14.8100004196167,14.890000343322754,15.050000190734863,2576100.0,7.031147480010986
2009-08-24,15.34000015258789,14.890000343322754,15.119999885559082,14.930000305175781,2930200.0,6.9750823974609375
2009-08-25,15.510000228881836,15.229999542236328,15.289999961853027,15.3100004196167,2283500.0,7.15261173248291
2009-08-26,15.380000114440918,15.210000038146973,15.270000457763672,15.350000381469727,1720200.0,7.17130184173584
2009-08-27,15.699999809265137,15.1899995803833,15.34000015258789,15.619999885559082,1831500.0,7.2974395751953125
2009-08-28,15.779999732971191,15.449999809265137,15.729999542236328,15.520000457763672,4033100.0,7.250725746154785
2009-08-31,15.510000228881836,15.329999923706055,15.399999618530273,15.430000305175781,2497800.0,7.208676815032959
2009-09-01,15.359999656677246,14.6899995803833,15.109999656677246,14.729999542236328,4099900.0,6.881644248962402
2009-09-02,14.579999923706055,14.279999732971191,14.390000343322754,14.4399995803833,2956900.0,6.746160507202148
2009-09-03,14.960000038146973,14.649999618530273,14.899999618530273,14.829999923706055,2347100.0,6.928365707397461
2009-09-04,15.670000076293945,14.960000038146973,15.010000228881836,15.5600004196167,2424600.0,7.269409656524658
2009-09-08,15.640000343322754,15.460000038146973,15.579999923706055,15.539999961853027,2024900.0,7.260065078735352
2009-09-09,15.699999809265137,15.489999771118164,15.579999923706055,15.59000015258789,2171700.0,7.283425331115723
2009-09-10,15.630000114440918,15.180000305175781,15.260000228881836,15.550000190734863,3852100.0,7.264737129211426
2009-09-11,15.789999961853027,15.420000076293945,15.720000267028809,15.569999694824219,2605000.0,7.274082660675049
2009-09-14,15.710000038146973,15.359999656677246,15.380000114440918,15.680000305175781,2493100.0,7.325473785400391
2009-09-15,15.949999809265137,15.609999656677246,15.699999809265137,15.899999618530273,2108500.0,7.428253650665283
2009-09-16,16.31999969482422,16.06999969482422,16.15999984741211,16.270000457763672,2845700.0,7.601111888885498
2009-09-17,16.25,15.949999809265137,16.030000686645508,16.049999237060547,2171100.0,7.498328685760498
2009-09-18,16.469999313354492,16.25,16.3700008392334,16.389999389648438,2790000.0,7.657176494598389
2009-09-21,16.229999542236328,15.960000038146973,15.989999771118164,16.149999618530273,2415600.0,7.545049667358398
2009-09-22,16.540000915527344,16.3799991607666,16.489999771118164,16.5,2661500.0,7.708565711975098
2009-09-23,16.799999237060547,16.40999984741211,16.559999465942383,16.43000030517578,2668500.0,7.6758623123168945
2009-09-24,16.700000762939453,16.020000457763672,16.639999389648438,16.190000534057617,2067800.0,7.563736915588379
2009-09-25,16.239999771118164,15.960000038146973,16.0,16.1299991607666,1854200.0,7.535705089569092
2009-09-28,16.549999237060547,16.15999984741211,16.15999984741211,16.479999542236328,1359100.0,7.699220657348633
2009-09-29,16.420000076293945,16.15999984741211,16.329999923706055,16.239999771118164,1927100.0,7.587095737457275
2009-09-30,16.399999618530273,16.0,16.3700008392334,16.149999618530273,2873800.0,7.545049667358398
2009-10-01,16.010000228881836,15.380000114440918,16.010000228881836,15.380000114440918,3139800.0,7.185317039489746
2009-10-02,15.369999885559082,15.109999656677246,15.15999984741211,15.220000267028809,4724200.0,7.110567092895508
2009-10-05,15.960000038146973,15.449999809265137,15.510000228881836,15.930000305175781,2841100.0,7.442269325256348
2009-10-06,16.579999923706055,16.270000457763672,16.280000686645508,16.40999984741211,5954000.0,7.666516304016113
2009-10-07,16.3799991607666,16.010000228881836,16.219999313354492,16.200000762939453,4873300.0,7.568408012390137
2009-10-08,16.420000076293945,16.25,16.389999389648438,16.299999237060547,13471700.0,7.615126609802246
2009-10-09,16.280000686645508,16.020000457763672,16.18000030517578,16.09000015258789,9361700.0,7.517019271850586
2009-10-12,16.489999771118164,16.18000030517578,16.440000534057617,16.190000534057617,5075400.0,7.563736915588379
2009-10-13,16.100000381469727,15.850000381469727,16.059999465942383,15.9399995803833,3336400.0,7.528315544128418
2009-10-14,16.850000381469727,16.5,16.579999923706055,16.81999969482422,4597700.0,7.943930625915527
2009-10-15,17.09000015258789,16.8799991607666,16.8799991607666,17.059999465942383,2764500.0,8.05727767944336
2009-10-16,16.809999465942383,16.549999237060547,16.700000762939453,16.68000030517578,3929000.0,7.877812385559082
2009-10-19,17.43000030517578,16.969999313354492,17.1200008392334,17.3799991607666,3836100.0,8.208416938781738
2009-10-20,17.309999465942383,16.940000534057617,17.309999465942383,17.170000076293945,4818200.0,8.109231948852539
2009-10-21,17.540000915527344,17.030000686645508,17.059999465942383,17.139999389648438,3769900.0,8.09506607055664
2009-10-22,17.59000015258789,17.059999465942383,17.190000534057617,17.520000457763672,2336300.0,8.274531364440918
2009-10-23,17.469999313354492,17.010000228881836,17.459999084472656,17.110000610351562,3311800.0,8.080894470214844
2009-10-26,17.3700008392334,16.65999984741211,17.200000762939453,16.700000762939453,3410200.0,7.8872575759887695
2009-10-27,16.8799991607666,16.440000534057617,16.770000457763672,16.459999084472656,3882300.0,7.773904800415039
2009-10-28,16.34000015258789,15.930000305175781,16.219999313354492,15.970000267028809,5249400.0,7.542483329772949
2009-10-29,17.0,16.510000228881836,16.540000915527344,16.920000076293945,3277600.0,7.991159439086914
2009-10-30,16.709999084472656,16.010000228881836,16.600000381469727,16.059999465942383,4906100.0,7.584991455078125
2009-11-02,16.56999969482422,15.949999809265137,16.110000610351562,16.25,4502900.0,7.674727916717529
2009-11-03,15.979999542236328,15.579999923706055,15.619999885559082,15.899999618530273,2985800.0,7.50942325592041
2009-11-04,16.350000381469727,16.020000457763672,16.1200008392334,16.079999923706055,2649600.0,7.594437122344971
2009-11-05,16.739999771118164,16.34000015258789,16.40999984741211,16.520000457763672,3837600.0,7.802244186401367
2009-11-06,16.790000915527344,16.299999237060547,16.360000610351562,16.719999313354492,4116500.0,7.896701812744141
2009-11-09,17.209999084472656,16.8700008392334,16.93000030517578,17.170000076293945,3190400.0,8.109231948852539
2009-11-10,17.200000762939453,16.950000762939453,17.020000457763672,17.170000076293945,2121500.0,8.109231948852539
2009-11-11,17.40999984741211,17.149999618530273,17.280000686645508,17.229999542236328,2225500.0,8.13757038116455
2009-11-12,17.40999984741211,17.030000686645508,17.309999465942383,17.1200008392334,2460600.0,8.085618019104004
2009-11-13,17.440000534057617,17.040000915527344,17.170000076293945,17.350000381469727,2036400.0,8.194247245788574
2009-11-16,17.760000228881836,17.5,17.540000915527344,17.549999237060547,2651700.0,8.288702964782715
2009-11-17,17.549999237060547,17.270000457763672,17.440000534057617,17.540000915527344,1301500.0,8.283981323242188
2009-11-18,17.719999313354492,17.479999542236328,17.68000030517578,17.649999618530273,1364000.0,8.335933685302734
2009-11-19,17.469999313354492,17.170000076293945,17.459999084472656,17.399999618530273,1537400.0,8.217857360839844
2009-11-20,17.15999984741211,16.950000762939453,17.049999237060547,16.969999313354492,4088400.0,8.01477336883545
2009-11-23,17.690000534057617,17.479999542236328,17.56999969482422,17.56999969482422,2316000.0,8.298149108886719
2009-11-24,17.65999984741211,17.479999542236328,17.6299991607666,17.649999618530273,2412800.0,8.335933685302734
2009-11-25,17.850000381469727,17.6200008392334,17.75,17.829999923706055,2177100.0,8.420944213867188
2009-11-27,17.450000762939453,17.010000228881836,17.020000457763672,17.270000457763672,1733700.0,8.156462669372559
2009-11-30,17.420000076293945,17.059999465942383,17.190000534057617,17.299999237060547,2766200.0,8.170631408691406
2009-12-01,17.670000076293945,17.440000534057617,17.510000228881836,17.56999969482422,2280800.0,8.298149108886719
2009-12-02,17.709999084472656,17.450000762939453,17.520000457763672,17.56999969482422,1954700.0,8.298149108886719
2009-12-03,17.889999389648438,17.459999084472656,17.829999923706055,17.459999084472656,2646200.0,8.246197700500488
2009-12-04,17.8700008392334,17.520000457763672,17.790000915527344,17.700000762939453,3079100.0,8.359548568725586
2009-12-07,17.760000228881836,17.510000228881836,17.600000381469727,17.530000686645508,2213800.0,8.279260635375977
2009-12-08,17.229999542236328,17.0,17.200000762939453,17.040000915527344,3337500.0,8.047833442687988
2009-12-09,16.670000076293945,16.290000915527344,16.59000015258789,16.5,4523700.0,7.7927985191345215
2009-12-10,16.600000381469727,16.3799991607666,16.559999465942383,16.549999237060547,2383900.0,7.81641149520874
2009-12-11,16.40999984741211,16.260000228881836,16.350000381469727,16.350000381469727,2975800.0,7.72195291519165
2009-12-14,16.65999984741211,16.440000534057617,16.559999465942383,16.6200008392334,2163500.0,7.849475383758545
2009-12-15,16.530000686645508,16.329999923706055,16.399999618530273,16.43000030517578,1927100.0,7.759737968444824
2009-12-16,16.860000610351562,16.6299991607666,16.6299991607666,16.739999771118164,3310600.0,7.90614652633667
2009-12-17,16.270000457763672,16.0,16.239999771118164,16.049999237060547,3527900.0,7.580264568328857
2009-12-18,16.31999969482422,15.90999984741211,16.219999313354492,16.1200008392334,2603300.0,7.613326549530029
2009-12-21,16.389999389648438,16.190000534057617,16.190000534057617,16.31999969482422,2485700.0,7.707787036895752
2009-12-22,16.489999771118164,16.309999465942383,16.40999984741211,16.450000762939453,1669600.0,7.769186496734619
2009-12-23,16.6200008392334,16.420000076293945,16.479999542236328,16.530000686645508,1789700.0,7.806967258453369
2009-12-24,16.75,16.510000228881836,16.510000228881836,16.729999542236328,1015500.0,7.901425838470459
2009-12-28,16.780000686645508,16.65999984741211,16.729999542236328,16.709999084472656,1336400.0,7.891976833343506
2009-12-29,16.829999923706055,16.6200008392334,16.799999237060547,16.719999313354492,1258700.0,7.896701812744141
2009-12-30,16.600000381469727,16.469999313354492,16.540000915527344,16.600000381469727,1027900.0,7.840027809143066
2009-12-31,16.649999618530273,16.440000534057617,16.530000686645508,16.440000534057617,902100.0,7.76446008682251
2010-01-04,17.0,16.770000457763672,16.780000686645508,16.920000076293945,2166000.0,7.991159439086914
2010-01-05,17.229999542236328,16.959999084472656,17.1299991607666,17.139999389648438,2169300.0,8.09506607055664
2010-01-06,17.329999923706055,17.010000228881836,17.020000457763672,17.280000686645508,1615900.0,8.161184310913086
2010-01-07,17.209999084472656,16.959999084472656,17.09000015258789,17.190000534057617,1896200.0,8.118680953979492
2010-01-08,17.290000915527344,17.100000381469727,17.170000076293945,17.270000457763672,1785900.0,8.156462669372559
2010-01-11,17.549999237060547,17.34000015258789,17.530000686645508,17.5,1976200.0,8.265088081359863
2010-01-12,17.229999542236328,16.920000076293945,17.110000610351562,17.0,2053300.0,8.028942108154297
2010-01-13,17.06999969482422,16.780000686645508,17.0,17.030000686645508,1557600.0,8.043115615844727
2010-01-14,17.059999465942383,16.780000686645508,16.780000686645508,17.040000915527344,1703900.0,8.047833442687988
2010-01-15,16.860000610351562,16.5,16.81999969482422,16.559999465942383,1802700.0,7.821135997772217
2010-01-19,16.979999542236328,16.559999465942383,16.559999465942383,16.950000762939453,9675800.0,8.005330085754395
2010-01-20,16.329999923706055,15.949999809265137,16.329999923706055,16.18000030517578,6363800.0,7.641664981842041
2010-01-21,15.880000114440918,15.149999618530273,15.800000190734863,15.210000038146973,6228200.0,7.183542728424072
2010-01-22,15.420000076293945,14.880000114440918,15.0,14.979999542236328,4298600.0,7.074916362762451
2010-01-25,15.34000015258789,15.09000015258789,15.34000015258789,15.15999984741211,2432000.0,7.159928321838379
2010-01-26,15.279999732971191,14.899999618530273,14.90999984741211,15.020000457763672,2407500.0,7.093808650970459
2010-01-27,14.5,14.149999618530273,14.369999885559082,14.430000305175781,5954900.0,6.896890163421631
2010-01-28,14.5,13.869999885559082,14.449999809265137,14.020000457763672,5296600.0,6.700927257537842
2010-01-29,14.40999984741211,13.989999771118164,14.109999656677246,14.079999923706055,4346300.0,6.729608058929443
2010-02-01,14.550000190734863,14.359999656677246,14.460000038146973,14.470000267028809,3499300.0,6.916008472442627
2010-02-02,14.989999771118164,14.739999771118164,14.8100004196167,14.960000038146973,3376000.0,7.150205135345459
2010-02-03,14.470000267028809,14.130000114440918,14.279999732971191,14.180000305175781,4899400.0,6.777401924133301
2010-02-04,13.539999961853027,12.630000114440918,13.529999732971191,12.649999618530273,13952100.0,6.0461297035217285
2010-02-05,12.979999542236328,12.369999885559082,12.90999984741211,12.739999771118164,10496000.0,6.089146137237549
2010-02-08,12.960000038146973,12.520000457763672,12.65999984741211,12.890000343322754,13634800.0,6.1608405113220215
2010-02-09,13.729999542236328,13.109999656677246,13.3100004196167,13.59000015258789,14409000.0,6.495408058166504
2010-02-10,13.829999923706055,13.510000228881836,13.729999542236328,13.739999771118164,6386600.0,6.56710147857666
2010-02-11,13.460000038146973,13.029999732971191,13.1899995803833,13.4399995803833,6900600.0,6.423713684082031
2010-02-12,13.1899995803833,12.890000343322754,12.970000267028809,13.15999984741211,4786200.0,6.28988790512085
2010-02-16,13.5600004196167,13.100000381469727,13.170000076293945,13.479999542236328,5429800.0,6.442831993103027
2010-02-17,13.670000076293945,13.420000076293945,13.600000381469727,13.4399995803833,5263500.0,6.423713684082031
2010-02-18,13.6899995803833,13.359999656677246,13.380000114440918,13.640000343322754,4198500.0,6.5193047523498535
2010-02-19,13.720000267028809,13.359999656677246,13.470000267028809,13.670000076293945,3576200.0,6.533644676208496
2010-02-22,13.569999694824219,13.430000305175781,13.529999732971191,13.449999809265137,4037300.0,6.428495407104492
2010-02-23,13.09000015258789,12.75,13.039999961853027,12.789999961853027,5745300.0,6.113046646118164
2010-02-24,12.819999694824219,12.420000076293945,12.489999771118164,12.75,10627200.0,6.093926906585693
2010-02-25,12.739999771118164,12.359999656677246,12.449999809265137,12.739999771118164,6203700.0,6.089146137237549
2010-02-26,13.119999885559082,12.579999923706055,12.710000038146973,13.039999961853027,5084400.0,6.2325334548950195
2010-03-01,13.09000015258789,12.859999656677246,12.930000305175781,13.029999732971191,5096800.0,6.227751731872559
2010-03-02,13.229999542236328,13.0,13.15999984741211,13.119999885559082,4222800.0,6.27077054977417
2010-03-03,13.770000457763672,13.300000190734863,13.319999694824219,13.59000015258789,10117700.0,6.495408058166504
2010-03-04,13.859999656677246,13.600000381469727,13.8100004196167,13.739999771118164,4701000.0,6.56710147857666
2010-03-05,14.270000457763672,13.880000114440918,13.920000076293945,14.239999771118164,5646300.0,6.806078910827637
2010-03-08,14.40999984741211,14.210000038146973,14.350000381469727,14.279999732971191,5342100.0,6.825195789337158
2010-03-09,14.15999984741211,13.920000076293945,13.9399995803833,14.029999732971191,4424300.0,6.705708026885986
2010-03-10,14.34000015258789,14.079999923706055,14.109999656677246,14.199999809265137,4833700.0,6.786961078643799
2010-03-11,14.199999809265137,14.010000228881836,14.050000190734863,14.170000076293945,2367000.0,6.772620677947998
2010-03-12,14.40999984741211,14.180000305175781,14.40999984741211,14.229999542236328,2964200.0,6.801300525665283
2010-03-15,14.15999984741211,13.90999984741211,14.140000343322754,14.039999961853027,3234100.0,6.710489273071289
2010-03-16,14.279999732971191,13.90999984741211,14.039999961853027,14.25,3131500.0,6.810857772827148
2010-03-17,14.40999984741211,14.220000267028809,14.300000190734863,14.300000190734863,3066500.0,6.834756851196289
2010-03-18,14.199999809265137,13.819999694824219,14.170000076293945,13.970000267028809,3940800.0,6.677029132843018
2010-03-19,13.970000267028809,13.550000190734863,13.550000190734863,13.550000190734863,5272900.0,6.476290225982666
2010-03-22,13.430000305175781,13.039999961853027,13.0600004196167,13.369999885559082,4658900.0,6.390259265899658
2010-03-23,13.680000305175781,13.449999809265137,13.539999961853027,13.649999618530273,3270400.0,6.52408504486084
2010-03-24,13.130000114440918,12.9399995803833,13.09000015258789,12.989999771118164,6613600.0,6.2086334228515625
2010-03-25,13.479999542236328,13.1899995803833,13.34000015258789,13.199999809265137,5327800.0,6.3090057373046875
2010-03-26,13.600000381469727,13.390000343322754,13.430000305175781,13.460000038146973,4417400.0,6.433273792266846
2010-03-29,13.649999618530273,13.449999809265137,13.470000267028809,13.569999694824219,2387000.0,6.485848903656006
2010-03-30,13.609999656677246,13.3100004196167,13.609999656677246,13.380000114440918,2841300.0,6.3950371742248535
2010-03-31,13.390000343322754,13.109999656677246,13.210000038146973,13.270000457763672,6270600.0,6.342464447021484
2010-04-01,13.760000228881836,13.539999961853027,13.539999961853027,13.760000228881836,2946200.0,6.576659679412842
2010-04-05,14.199999809265137,13.800000190734863,14.199999809265137,13.920000076293945,5529100.0,6.653135299682617
2010-04-06,13.649999618530273,13.359999656677246,13.40999984741211,13.579999923706055,6635900.0,6.490628719329834
2010-04-07,13.75,13.5600004196167,13.680000305175781,13.630000114440918,4876700.0,6.514525890350342
2010-04-08,13.630000114440918,13.319999694824219,13.369999885559082,13.579999923706055,7051100.0,6.490628719329834
2010-04-09,14.210000038146973,13.670000076293945,13.699999809265137,14.210000038146973,4906100.0,6.791741371154785
2010-04-12,14.65999984741211,14.5,14.539999961853027,14.550000190734863,4362300.0,6.954246997833252
2010-04-13,14.65999984741211,14.4399995803833,14.640000343322754,14.59000015258789,2923800.0,6.97336483001709
2010-04-14,14.800000190734863,14.550000190734863,14.640000343322754,14.770000457763672,3242100.0,7.059393882751465
2010-04-15,14.710000038146973,14.479999542236328,14.5,14.640000343322754,3781700.0,6.997259140014648
2010-04-16,14.609999656677246,14.039999961853027,14.539999961853027,14.170000076293945,6526600.0,6.772620677947998
2010-04-19,14.100000381469727,13.859999656677246,13.949999809265137,14.050000190734863,5475200.0,6.715267658233643
2010-04-20,14.279999732971191,14.079999923706055,14.279999732971191,14.15999984741211,5467500.0,6.76784086227417
2010-04-21,13.930000305175781,13.619999885559082,13.880000114440918,13.75,6260300.0,6.571881294250488
2010-04-22,13.470000267028809,13.130000114440918,13.279999732971191,13.430000305175781,6809600.0,6.418935775756836
2010-04-23,13.460000038146973,13.220000267028809,13.350000381469727,13.430000305175781,5411500.0,6.418935775756836
2010-04-26,13.489999771118164,13.279999732971191,13.449999809265137,13.300000190734863,5821600.0,6.356801509857178
2010-04-27,13.069999694824219,12.34000015258789,12.850000381469727,12.34000015258789,16514900.0,5.8979644775390625
2010-04-28,12.229999542236328,11.75,12.15999984741211,11.989999771118164,17365600.0,5.872983932495117
2010-04-29,12.479999542236328,12.130000114440918,12.270000457763672,12.329999923706055,7563900.0,6.039523124694824
2010-04-30,12.529999732971191,12.239999771118164,12.460000038146973,12.34000015258789,7402900.0,6.0444231033325195
2010-05-03,12.319999694824219,12.170000076293945,12.1899995803833,12.220000267028809,10647900.0,5.98564338684082
2010-05-04,11.5600004196167,11.100000381469727,11.449999809265137,11.140000343322754,23574000.0,5.4566330909729
2010-05-05,11.0600004196167,10.59000015258789,10.640000343322754,10.8100004196167,16461700.0,5.294992446899414
2010-05-06,10.739999771118164,9.170000076293945,10.619999885559082,9.930000305175781,29539900.0,4.863945960998535
2010-05-07,10.3100004196167,9.600000381469727,10.109999656677246,9.829999923706055,40834500.0,4.81496524810791
2010-05-10,12.239999771118164,11.829999923706055,12.100000381469727,12.09000015258789,48495800.0,5.921966552734375
2010-05-11,11.8100004196167,11.300000190734863,11.359999656677246,11.5,16043200.0,5.632969856262207
2010-05-12,11.899999618530273,11.5,11.579999923706055,11.739999771118164,12799800.0,5.750527381896973
2010-05-13,11.529999732971191,11.260000228881836,11.399999618530273,11.260000228881836,8799600.0,5.515412330627441
2010-05-14,10.880000114440918,10.109999656677246,10.869999885559082,10.4399995803833,23734200.0,5.1137566566467285
2010-05-17,10.520000457763672,10.010000228881836,10.449999809265137,10.359999656677246,15288400.0,5.0745720863342285
2010-05-18,10.899999618530273,10.350000381469727,10.880000114440918,10.399999618530273,18285900.0,5.094162940979004
2010-05-19,10.829999923706055,10.380000114440918,10.510000228881836,10.829999923706055,16510900.0,5.304787635803223
2010-05-20,10.65999984741211,10.050000190734863,10.300000190734863,10.40999984741211,21077000.0,5.099061965942383
2010-05-21,11.020000457763672,10.220000267028809,10.270000457763672,10.979999542236328,25703700.0,5.378260612487793
2010-05-24,10.699999809265137,10.40999984741211,10.529999732971191,10.40999984741211,14886300.0,5.099061965942383
2010-05-25,10.399999618530273,9.770000457763672,9.880000114440918,10.369999885559082,19090000.0,5.079469680786133
2010-05-26,10.279999732971191,9.789999961853027,10.15999984741211,9.880000114440918,22016800.0,4.839456081390381
2010-05-27,10.430000305175781,9.960000038146973,10.09000015258789,10.430000305175781,29357100.0,5.108859062194824
2010-05-28,10.489999771118164,10.119999885559082,10.40999984741211,10.149999618530273,19715800.0,4.971709251403809
2010-06-01,10.279999732971191,9.829999923706055,9.899999618530273,9.829999923706055,14163700.0,4.81496524810791
2010-06-02,10.050000190734863,9.720000267028809,9.84000015258789,10.029999732971191,11846700.0,4.912930011749268
2010-06-03,10.130000114440918,9.670000076293945,10.100000381469727,9.739999771118164,14466400.0,4.770879745483398
2010-06-04,9.350000381469727,8.899999618530273,9.180000305175781,8.920000076293945,30431200.0,4.369225978851318
2010-06-07,9.180000305175781,8.770000457763672,9.119999885559082,8.770000457763672,15535900.0,4.295751571655273
2010-06-08,8.970000267028809,8.649999618530273,8.789999961853027,8.949999809265137,16445100.0,4.383920669555664
2010-06-09,9.279999732971191,8.949999809265137,9.119999885559082,8.989999771118164,13102600.0,4.403513431549072
2010-06-10,9.960000038146973,9.600000381469727,9.609999656677246,9.90999984741211,14681600.0,4.854151248931885
2010-06-11,10.630000114440918,10.25,10.319999694824219,10.550000190734863,18780900.0,5.167638301849365
2010-06-14,10.739999771118164,10.399999618530273,10.609999656677246,10.449999809265137,13704600.0,5.118655681610107
2010-06-15,11.1899995803833,10.779999732971191,10.859999656677246,11.1899995803833,18918700.0,5.4811248779296875
2010-06-16,11.069999694824219,10.779999732971191,10.829999923706055,11.0,11826400.0,5.38805627822876
2010-06-17,11.369999885559082,11.079999923706055,11.329999923706055,11.270000457763672,13516000.0,5.52031135559082
2010-06-18,11.75,11.399999618530273,11.460000038146973,11.529999732971191,12167100.0,5.647664546966553
2010-06-21,11.789999961853027,11.369999885559082,11.779999732971191,11.460000038146973,12218700.0,5.613378047943115
2010-06-22,11.550000190734863,11.180000305175781,11.420000076293945,11.25,11632900.0,5.510513782501221
2010-06-23,11.420000076293945,11.0600004196167,11.289999961853027,11.300000190734863,8623800.0,5.535006523132324
2010-06-24,11.15999984741211,10.800000190734863,11.140000343322754,10.869999885559082,11685000.0,5.324381351470947
2010-06-25,11.130000114440918,10.8100004196167,10.960000038146973,11.050000190734863,8206200.0,5.412548542022705
2010-06-28,11.210000038146973,10.890000343322754,11.039999961853027,11.010000228881836,5717300.0,5.392953395843506
2010-06-29,10.479999542236328,10.210000038146973,10.479999542236328,10.289999961853027,9994900.0,5.040281772613525
2010-06-30,10.789999961853027,10.460000038146973,10.550000190734863,10.5,9284100.0,5.143147945404053
2010-07-01,11.119999885559082,10.630000114440918,10.989999771118164,11.069999694824219,11678300.0,5.422347068786621
2010-07-02,11.279999732971191,10.819999694824219,11.15999984741211,10.920000076293945,7658100.0,5.348872184753418
2010-07-06,11.680000305175781,11.300000190734863,11.510000228881836,11.479999542236328,10604000.0,5.623171806335449
2010-07-07,12.619999885559082,11.880000114440918,11.949999809265137,12.600000381469727,18517000.0,6.171774864196777
2010-07-08,12.720000267028809,12.390000343322754,12.609999656677246,12.6899995803833,14086500.0,6.215859889984131
2010-07-09,12.789999961853027,12.40999984741211,12.479999542236328,12.739999771118164,7274900.0,6.240351676940918
2010-07-12,12.569999694824219,12.329999923706055,12.449999809265137,12.550000190734863,7762800.0,6.147284984588623
2010-07-13,12.880000114440918,12.600000381469727,12.619999885559082,12.800000190734863,8271800.0,6.269742488861084
2010-07-14,12.890000343322754,12.579999923706055,12.720000267028809,12.829999923706055,9488400.0,6.284435749053955
2010-07-15,12.890000343322754,12.539999961853027,12.869999885559082,12.869999885559082,9001700.0,6.304027557373047
2010-07-16,12.670000076293945,12.270000457763672,12.649999618530273,12.3100004196167,12571400.0,6.029728412628174
2010-07-19,12.770000457763672,12.359999656677246,12.729999542236328,12.529999732971191,9490300.0,6.137486457824707
2010-07-20,12.779999732971191,12.279999732971191,12.289999961853027,12.75,7959400.0,6.245249271392822
2010-07-21,12.569999694824219,12.0600004196167,12.529999732971191,12.119999885559082,13810500.0,5.936660289764404
2010-07-22,12.960000038146973,12.699999809265137,12.720000267028809,12.960000038146973,12397600.0,6.3481125831604
2010-07-23,13.289999961853027,12.609999656677246,12.739999771118164,13.289999961853027,20898500.0,6.509753227233887
2010-07-26,13.289999961853027,13.010000228881836,13.069999694824219,13.279999732971191,8468300.0,6.50485372543335
2010-07-27,13.59000015258789,13.390000343322754,13.569999694824219,13.579999923706055,12769300.0,6.651803016662598
2010-07-28,13.4399995803833,13.1899995803833,13.380000114440918,13.270000457763672,6662300.0,6.579414367675781
2010-07-29,13.390000343322754,12.989999771118164,13.25,13.140000343322754,8695200.0,6.514959335327148
2010-07-30,12.899999618530273,12.649999618530273,12.739999771118164,12.770000457763672,9216600.0,6.331509590148926
2010-08-02,13.640000343322754,13.3100004196167,13.369999885559082,13.579999923706055,10461400.0,6.733115196228027
2010-08-03,13.710000038146973,13.5,13.609999656677246,13.6899995803833,7554100.0,6.787652492523193
2010-08-04,13.75,13.479999542236328,13.630000114440918,13.569999694824219,8079000.0,6.728157043457031
2010-08-05,13.729999542236328,13.5,13.619999885559082,13.729999542236328,3906800.0,6.807487964630127
2010-08-06,13.619999885559082,13.279999732971191,13.4399995803833,13.539999961853027,6119500.0,6.713284492492676
2010-08-09,13.65999984741211,13.4399995803833,13.539999961853027,13.59000015258789,3912600.0,6.738073825836182
2010-08-10,13.569999694824219,13.199999809265137,13.34000015258789,13.510000228881836,8111800.0,6.698408603668213
2010-08-11,12.819999694824219,12.430000305175781,12.819999694824219,12.479999542236328,10373600.0,6.1877241134643555
2010-08-12,12.489999771118164,12.260000228881836,12.270000457763672,12.399999618530273,8486200.0,6.1480584144592285
2010-08-13,12.300000190734863,12.050000190734863,12.210000038146973,12.069999694824219,8852600.0,5.984438896179199
2010-08-16,12.199999809265137,11.9399995803833,11.979999542236328,12.109999656677246,7292500.0,6.0042724609375
2010-08-17,12.359999656677246,12.079999923706055,12.260000228881836,12.220000267028809,5508100.0,6.058813095092773
2010-08-18,12.4399995803833,12.180000305175781,12.279999732971191,12.3100004196167,5540100.0,6.103435039520264
2010-08-19,12.489999771118164,11.859999656677246,12.420000076293945,11.949999809265137,8397600.0,5.924942970275879
2010-08-20,11.770000457763672,11.600000381469727,11.710000038146973,11.710000038146973,5821500.0,5.805947303771973
2010-08-23,12.100000381469727,11.84000015258789,11.9399995803833,11.890000343322754,4435400.0,5.8951945304870605
2010-08-24,11.729999542236328,11.449999809265137,11.600000381469727,11.630000114440918,7729700.0,5.76628303527832
2010-08-25,11.529999732971191,11.199999809265137,11.350000381469727,11.479999542236328,7633300.0,5.6919121742248535
2010-08-26,11.770000457763672,11.430000305175781,11.670000076293945,11.5,5548400.0,5.7018280029296875
2010-08-27,11.899999618530273,11.479999542236328,11.75,11.890000343322754,9259300.0,5.8951945304870605
2010-08-30,11.800000190734863,11.600000381469727,11.739999771118164,11.600000381469727,3897700.0,5.751410007476807
2010-08-31,11.829999923706055,11.460000038146973,11.5,11.6899995803833,4919800.0,5.7960333824157715
2010-09-01,12.449999809265137,12.039999961853027,12.079999923706055,12.329999923706055,6549400.0,6.113351345062256
2010-09-02,12.489999771118164,12.329999923706055,12.420000076293945,12.430000305175781,6570300.0,6.1629319190979
2010-09-03,12.779999732971191,12.550000190734863,12.710000038146973,12.680000305175781,5354100.0,6.2868852615356445
2010-09-07,12.380000114440918,12.180000305175781,12.34000015258789,12.199999809265137,4859400.0,6.048895359039307
2010-09-08,12.539999961853027,12.329999923706055,12.329999923706055,12.399999618530273,4619600.0,6.1480584144592285
2010-09-09,12.800000190734863,12.350000381469727,12.779999732971191,12.479999542236328,6057300.0,6.1877241134643555
2010-09-10,12.6899995803833,12.550000190734863,12.600000381469727,12.59000015258789,3696800.0,6.242263317108154
2010-09-13,12.890000343322754,12.760000228881836,12.789999961853027,12.850000381469727,4539400.0,6.37117338180542
2010-09-14,13.100000381469727,12.720000267028809,12.84000015258789,13.029999732971191,4779600.0,6.46042013168335
2010-09-15,13.020000457763672,12.789999961853027,12.869999885559082,13.0,4640200.0,6.445545196533203
2010-09-16,13.039999961853027,12.899999618530273,13.020000457763672,13.0,4446800.0,6.445545196533203
2010-09-17,12.859999656677246,12.600000381469727,12.789999961853027,12.670000076293945,6815100.0,6.281928062438965
2010-09-20,12.90999984741211,12.460000038146973,12.5,12.869999885559082,6794200.0,6.381088733673096
2010-09-21,13.029999732971191,12.720000267028809,13.010000228881836,12.899999618530273,6783300.0,6.3959641456604
2010-09-22,12.850000381469727,12.630000114440918,12.699999809265137,12.720000267028809,7308900.0,6.306718349456787
2010-09-23,12.430000305175781,12.229999542236328,12.3100004196167,12.260000228881836,6250600.0,6.078645706176758
2010-09-24,12.890000343322754,12.6899995803833,12.720000267028809,12.880000114440918,5256500.0,6.386048793792725
2010-09-27,12.760000228881836,12.600000381469727,12.75,12.609999656677246,3893400.0,6.252179145812988
2010-09-28,12.720000267028809,12.34000015258789,12.640000343322754,12.720000267028809,5714800.0,6.306718349456787
2010-09-29,12.670000076293945,12.5,12.569999694824219,12.579999923706055,4479400.0,6.237304210662842
2010-09-30,12.970000267028809,12.579999923706055,12.829999923706055,12.65999984741211,6054700.0,6.276968479156494
2010-10-01,12.670000076293945,12.420000076293945,12.640000343322754,12.579999923706055,9593500.0,6.237304210662842
2010-10-04,12.649999618530273,12.369999885559082,12.550000190734863,12.449999809265137,6305400.0,6.172849655151367
2010-10-05,13.229999542236328,12.84000015258789,12.869999885559082,13.180000305175781,10685800.0,6.534791469573975
2010-10-06,13.3100004196167,13.130000114440918,13.270000457763672,13.199999809265137,6599200.0,6.544707298278809
2010-10-07,13.430000305175781,13.0600004196167,13.380000114440918,13.210000038146973,5297500.0,6.549665927886963
2010-10-08,13.149999618530273,12.949999809265137,13.069999694824219,13.109999656677246,4507200.0,6.500082969665527
2010-10-11,13.079999923706055,12.920000076293945,13.020000457763672,12.979999542236328,3436500.0,6.435628890991211
2010-10-12,12.859999656677246,12.569999694824219,12.760000228881836,12.8100004196167,4460100.0,6.433119297027588
2010-10-13,13.3100004196167,13.050000190734863,13.100000381469727,13.15999984741211,5244900.0,6.608887195587158
2010-10-14,13.300000190734863,13.0600004196167,13.260000228881836,13.180000305175781,7648800.0,6.618930339813232
2010-10-15,13.350000381469727,13.100000381469727,13.329999923706055,13.199999809265137,8186100.0,6.628973484039307
2010-10-18,13.460000038146973,13.15999984741211,13.220000267028809,13.460000038146973,6711800.0,6.759544849395752
2010-10-19,13.34000015258789,13.0,13.289999961853027,13.119999885559082,7512900.0,6.588798999786377
2010-10-20,13.489999771118164,13.109999656677246,13.130000114440918,13.420000076293945,4859400.0,6.739455699920654
2010-10-21,13.520000457763672,13.119999885559082,13.359999656677246,13.25,4808300.0,6.654083728790283
2010-10-22,13.449999809265137,13.329999923706055,13.399999618530273,13.380000114440918,3292100.0,6.7193708419799805
2010-10-25,13.359999656677246,13.109999656677246,13.270000457763672,13.130000114440918,4770700.0,6.593820095062256
2010-10-26,13.010000228881836,12.819999694824219,12.859999656677246,12.960000038146973,4472100.0,6.50844669342041
2010-10-27,12.899999618530273,12.539999961853027,12.829999923706055,12.65999984741211,5698400.0,6.357788562774658
2010-10-28,12.760000228881836,12.59000015258789,12.729999542236328,12.710000038146973,6357300.0,6.382899284362793
2010-10-29,12.970000267028809,12.760000228881836,12.789999961853027,12.8100004196167,7057700.0,6.433119297027588
2010-11-01,12.609999656677246,12.199999809265137,12.539999961853027,12.300000190734863,10900800.0,6.17699670791626
2010-11-02,12.619999885559082,12.390000343322754,12.460000038146973,12.5600004196167,7694000.0,6.307567596435547
2010-11-03,12.380000114440918,12.0600004196167,12.359999656677246,12.350000381469727,15741400.0,6.2021098136901855
2010-11-04,12.539999961853027,12.319999694824219,12.520000457763672,12.5,11004700.0,6.277437210083008
2010-11-05,12.050000190734863,11.829999923706055,12.020000457763672,11.9399995803833,14181700.0,5.996206283569336
2010-11-08,11.920000076293945,11.630000114440918,11.739999771118164,11.899999618530273,7443500.0,5.976120948791504
2010-11-09,12.130000114440918,11.760000228881836,12.050000190734863,11.789999961853027,6059800.0,5.920879364013672
2010-11-10,11.699999809265137,11.34000015258789,11.670000076293945,11.65999984741211,10291300.0,5.855592727661133
2010-11-11,11.569999694824219,11.260000228881836,11.300000190734863,11.520000457763672,7256900.0,5.785288333892822
2010-11-12,11.850000381469727,11.5600004196167,11.760000228881836,11.640000343322754,10198700.0,5.845550537109375
2010-11-15,11.90999984741211,11.699999809265137,11.859999656677246,11.699999809265137,5672600.0,5.875680923461914
2010-11-16,11.699999809265137,11.270000457763672,11.6899995803833,11.329999923706055,9059600.0,5.689869403839111
2010-11-17,11.65999984741211,11.470000267028809,11.510000228881836,11.5600004196167,5854100.0,5.805374622344971
2010-11-18,11.9399995803833,11.760000228881836,11.869999885559082,11.84000015258789,6078300.0,5.945988655090332
2010-11-19,11.710000038146973,11.399999618530273,11.510000228881836,11.710000038146973,4077200.0,5.880702972412109
2010-11-22,11.319999694824219,11.050000190734863,11.199999809265137,11.180000305175781,7929700.0,5.614542007446289
2010-11-23,10.779999732971191,10.4399995803833,10.729999542236328,10.479999542236328,15462100.0,5.263001441955566
2010-11-24,10.640000343322754,10.449999809265137,10.479999542236328,10.489999771118164,14302100.0,5.2680253982543945
2010-11-26,10.15999984741211,9.949999809265137,9.979999542236328,9.960000038146973,17452100.0,5.001862525939941
2010-11-29,9.789999961853027,9.5600004196167,9.739999771118164,9.739999771118164,27650900.0,4.891378402709961
2010-11-30,9.75,9.430000305175781,9.479999542236328,9.619999885559082,30219700.0,4.831117153167725
2010-12-01,10.420000076293945,10.149999618530273,10.260000228881836,10.369999885559082,27788400.0,5.207762241363525
2010-12-02,11.020000457763672,10.390000343322754,10.399999618530273,11.020000457763672,27579200.0,5.5341901779174805
2010-12-03,11.229999542236328,11.0,11.029999732971191,11.229999542236328,11813600.0,5.639649868011475
2010-12-06,10.979999542236328,10.779999732971191,10.899999618530273,10.850000381469727,8682100.0,5.448816299438477
2010-12-07,11.029999732971191,10.710000038146973,10.979999542236328,10.729999542236328,9922700.0,5.388553619384766
2010-12-08,11.100000381469727,10.890000343322754,10.949999809265137,11.0600004196167,5864500.0,5.554275989532471
2010-12-09,11.279999732971191,11.069999694824219,11.229999542236328,11.279999732971191,14951000.0,5.664759159088135
2010-12-10,11.050000190734863,10.880000114440918,11.0,11.020000457763672,8808600.0,5.5341901779174805
2010-12-13,11.210000038146973,11.109999656677246,11.170000076293945,11.149999618530273,7529300.0,5.59947395324707
2010-12-14,11.229999542236328,11.069999694824219,11.180000305175781,11.130000114440918,9086400.0,5.589430809020996
2010-12-15,11.029999732971191,10.630000114440918,10.949999809265137,10.699999809265137,10246200.0,5.373486518859863
2010-12-16,10.779999732971191,10.569999694824219,10.649999618530273,10.739999771118164,8583300.0,5.393574237823486
2010-12-17,10.600000381469727,10.369999885559082,10.59000015258789,10.520000457763672,7031900.0,5.283092021942139
2010-12-20,10.649999618530273,10.510000228881836,10.619999885559082,10.579999923706055,7546800.0,5.3132243156433105
2010-12-21,10.930000305175781,10.800000190734863,10.819999694824219,10.859999656677246,4353900.0,5.453836917877197
2010-12-22,10.800000190734863,10.670000076293945,10.789999961853027,10.789999961853027,5660700.0,5.418684005737305
2010-12-23,10.6899995803833,10.569999694824219,10.640000343322754,10.640000343322754,5318600.0,5.343353748321533
2010-12-27,10.4399995803833,10.319999694824219,10.350000381469727,10.4399995803833,3673200.0,5.242915153503418
2010-12-28,10.479999542236328,10.380000114440918,10.479999542236328,10.430000305175781,2921500.0,5.2378950119018555
2010-12-29,10.619999885559082,10.489999771118164,10.539999961853027,10.569999694824219,4480300.0,5.308199405670166
2010-12-30,10.65999984741211,10.5,10.619999885559082,10.539999961853027,2697500.0,5.293133735656738
2010-12-31,10.680000305175781,10.510000228881836,10.539999961853027,10.649999618530273,3725200.0,5.348377704620361
2011-01-03,10.720000267028809,10.609999656677246,10.6899995803833,10.630000114440918,4612900.0,5.338333606719971
2011-01-04,10.850000381469727,10.5600004196167,10.84000015258789,10.680000305175781,8344300.0,5.363442420959473
2011-01-05,10.539999961853027,10.229999542236328,10.239999771118164,10.5,13545700.0,5.273048400878906
2011-01-06,10.420000076293945,10.079999923706055,10.350000381469727,10.130000114440918,19040500.0,5.087235450744629
2011-01-07,10.109999656677246,9.789999961853027,9.960000038146973,9.920000076293945,31747500.0,4.98177433013916
2011-01-10,9.789999961853027,9.619999885559082,9.6899995803833,9.739999771118164,16364600.0,4.891378402709961
2011-01-11,9.84000015258789,9.640000343322754,9.729999542236328,9.829999923706055,16233300.0,4.936576843261719
2011-01-12,10.890000343322754,10.350000381469727,10.359999656677246,10.890000343322754,28056500.0,5.558818340301514
2011-01-13,11.579999923706055,11.239999771118164,11.470000267028809,11.359999656677246,24003200.0,5.798731803894043
2011-01-14,11.489999771118164,11.220000267028809,11.25,11.479999542236328,11242700.0,5.859982967376709
2011-01-18,11.8100004196167,11.550000190734863,11.670000076293945,11.609999656677246,25157800.0,5.926341533660889
2011-01-19,11.880000114440918,11.59000015258789,11.84000015258789,11.619999885559082,14679500.0,5.931448936462402
2011-01-20,11.920000076293945,11.65999984741211,11.779999732971191,11.859999656677246,13694900.0,6.053956508636475
2011-01-21,12.470000267028809,12.210000038146973,12.449999809265137,12.390000343322754,21350700.0,6.3244948387146
2011-01-24,12.380000114440918,12.15999984741211,12.15999984741211,12.34000015258789,10595400.0,6.298972129821777
2011-01-25,12.050000190734863,11.859999656677246,11.9399995803833,12.050000190734863,15174500.0,6.150941371917725
2011-01-26,12.0600004196167,11.850000381469727,11.970000267028809,11.880000114440918,11929700.0,6.064164638519287
2011-01-27,12.489999771118164,12.220000267028809,12.239999771118164,12.3100004196167,19267500.0,6.283657073974609
2011-01-28,12.359999656677246,11.899999618530273,12.329999923706055,11.920000076293945,11859100.0,6.084582805633545
2011-01-31,12.449999809265137,12.149999618530273,12.420000076293945,12.239999771118164,13823000.0,6.247927188873291
2011-02-01,12.720000267028809,12.449999809265137,12.470000267028809,12.6899995803833,12780300.0,6.4776291847229
2011-02-02,12.579999923706055,12.399999618530273,12.449999809265137,12.529999732971191,6393600.0,6.3959574699401855
2011-02-03,12.329999923706055,12.039999961853027,12.229999542236328,12.3100004196167,7298000.0,6.283657073974609
2011-02-04,12.100000381469727,11.869999885559082,12.039999961853027,12.09000015258789,6768300.0,6.171358108520508
2011-02-07,12.180000305175781,11.90999984741211,11.9399995803833,12.15999984741211,7264700.0,6.207089900970459
2011-02-08,12.34000015258789,12.130000114440918,12.260000228881836,12.319999694824219,12481900.0,6.288763046264648
2011-02-09,12.470000267028809,12.220000267028809,12.300000190734863,12.289999961853027,6610200.0,6.27345085144043
2011-02-10,11.9399995803833,11.770000457763672,11.859999656677246,11.890000343322754,11326300.0,6.069267272949219
2011-02-11,12.0600004196167,11.779999732971191,11.789999961853027,12.020000457763672,6375600.0,6.135629177093506
2011-02-14,11.930000305175781,11.699999809265137,11.84000015258789,11.789999961853027,9965400.0,6.018224716186523
2011-02-15,12.079999923706055,11.899999618530273,11.960000038146973,12.0,11866700.0,6.125417232513428
2011-02-16,12.539999961853027,12.359999656677246,12.380000114440918,12.479999542236328,8171800.0,6.370433807373047
2011-02-17,12.699999809265137,12.460000038146973,12.510000228881836,12.670000076293945,6900200.0,6.4674201011657715
2011-02-18,12.670000076293945,12.430000305175781,12.5,12.649999618530273,4827800.0,6.457212448120117
2011-02-22,12.300000190734863,12.0,12.130000114440918,12.039999961853027,10520600.0,6.145835876464844
2011-02-23,12.239999771118164,11.970000267028809,12.079999923706055,12.029999732971191,8776300.0,6.140732765197754
2011-02-24,12.119999885559082,11.930000305175781,12.050000190734863,12.069999694824219,9447200.0,6.16115140914917
2011-02-25,12.289999961853027,12.210000038146973,12.270000457763672,12.270000457763672,5785900.0,6.263240337371826
2011-02-28,12.470000267028809,12.229999542236328,12.420000076293945,12.300000190734863,5241400.0,6.278552532196045
2011-03-01,12.279999732971191,11.970000267028809,12.239999771118164,12.0,11519300.0,6.125417232513428
2011-03-02,12.140000343322754,11.899999618530273,12.010000228881836,11.949999809265137,5668500.0,6.0998945236206055
2011-03-03,12.119999885559082,11.729999542236328,12.050000190734863,11.970000267028809,12501600.0,6.110105514526367
2011-03-04,11.800000190734863,11.550000190734863,11.760000228881836,11.640000343322754,9260600.0,5.94165563583374
2011-03-07,11.729999542236328,11.40999984741211,11.6899995803833,11.5,6640000.0,5.870192050933838
2011-03-08,11.579999923706055,11.279999732971191,11.420000076293945,11.510000228881836,6841900.0,5.8752970695495605
2011-03-09,11.59000015258789,11.449999809265137,11.5,11.510000228881836,3796200.0,5.8752970695495605
2011-03-10,11.300000190734863,11.119999885559082,11.180000305175781,11.239999771118164,7615900.0,5.737475395202637
2011-03-11,11.3100004196167,11.170000076293945,11.199999809265137,11.300000190734863,5991400.0,5.768104076385498
2011-03-14,11.729999542236328,11.460000038146973,11.609999656677246,11.65999984741211,9725000.0,5.951864719390869
2011-03-15,11.680000305175781,11.109999656677246,11.140000343322754,11.649999618530273,15797700.0,5.9467597007751465
2011-03-16,11.489999771118164,10.920000076293945,11.430000305175781,11.069999694824219,13974700.0,5.650696277618408
2011-03-17,11.680000305175781,11.4399995803833,11.59000015258789,11.609999656677246,9457600.0,5.926341533660889
2011-03-18,11.829999923706055,11.619999885559082,11.8100004196167,11.65999984741211,6387800.0,5.951864719390869
2011-03-21,12.130000114440918,11.899999618530273,11.960000038146973,12.130000114440918,9675200.0,6.191777229309082
2011-03-22,12.15999984741211,11.930000305175781,12.149999618530273,11.989999771118164,6264700.0,6.12031364440918
2011-03-23,12.010000228881836,11.779999732971191,11.84000015258789,11.960000038146973,4552200.0,6.1050004959106445
2011-03-24,12.199999809265137,11.989999771118164,12.0600004196167,12.15999984741211,6927600.0,6.207089900970459
2011-03-25,12.100000381469727,11.90999984741211,12.029999732971191,11.9399995803833,4745000.0,6.094791412353516
2011-03-28,12.079999923706055,11.90999984741211,12.0,11.90999984741211,5242700.0,6.079476833343506
2011-03-29,11.899999618530273,11.770000457763672,11.869999885559082,11.899999618530273,3312600.0,6.074373245239258
2011-03-30,11.899999618530273,11.720000267028809,11.770000457763672,11.890000343322754,6269700.0,6.069267272949219
2011-03-31,11.75,11.59000015258789,11.630000114440918,11.710000038146973,7155800.0,5.97738790512085
2011-04-01,11.949999809265137,11.65999984741211,11.800000190734863,11.949999809265137,4570300.0,6.0998945236206055
2011-04-04,11.970000267028809,11.8100004196167,11.949999809265137,11.890000343322754,2551900.0,6.069267272949219
2011-04-05,11.729999542236328,11.600000381469727,11.630000114440918,11.720000267028809,5260300.0,5.982491970062256
2011-04-06,12.140000343322754,11.9399995803833,11.949999809265137,12.119999885559082,6670700.0,6.186672210693359
2011-04-07,12.369999885559082,12.170000076293945,12.289999961853027,12.300000190734863,7681100.0,6.278552532196045
2011-04-08,12.489999771118164,12.350000381469727,12.470000267028809,12.420000076293945,5292700.0,6.339808464050293
2011-04-11,12.479999542236328,12.3100004196167,12.40999984741211,12.380000114440918,3614200.0,6.319390296936035
2011-04-12,12.569999694824219,12.260000228881836,12.539999961853027,12.359999656677246,6932100.0,6.30918025970459
2011-04-13,12.399999618530273,12.15999984741211,12.390000343322754,12.1899995803833,3886500.0,6.222404479980469
2011-04-14,12.0600004196167,11.880000114440918,11.960000038146973,12.020000457763672,4865100.0,6.135629177093506
2011-04-15,11.960000038146973,11.739999771118164,11.829999923706055,11.869999885559082,5650900.0,6.059060573577881
2011-04-18,11.5600004196167,11.300000190734863,11.420000076293945,11.479999542236328,9166000.0,5.859982967376709
2011-04-19,11.729999542236328,11.539999961853027,11.680000305175781,11.640000343322754,4119200.0,5.94165563583374
2011-04-20,11.890000343322754,11.779999732971191,11.890000343322754,11.829999923706055,4793500.0,6.03864049911499
2011-04-21,12.0,11.829999923706055,11.960000038146973,11.90999984741211,4038500.0,6.079476833343506
2011-04-25,12.09000015258789,11.930000305175781,11.970000267028809,12.029999732971191,2954000.0,6.140732765197754
2011-04-26,12.220000267028809,12.100000381469727,12.140000343322754,12.1899995803833,4900000.0,6.222404479980469
2011-04-27,12.180000305175781,12.0,12.140000343322754,12.15999984741211,6417600.0,6.371742248535156
2011-04-28,12.489999771118164,12.260000228881836,12.350000381469727,12.479999542236328,10217200.0,6.539417743682861
2011-04-29,12.430000305175781,12.350000381469727,12.390000343322754,12.399999618530273,4362600.0,6.497501373291016
2011-05-02,12.489999771118164,12.3100004196167,12.479999542236328,12.34000015258789,3398900.0,6.466062545776367
2011-05-03,12.449999809265137,12.210000038146973,12.300000190734863,12.270000457763672,7430500.0,6.429380893707275
2011-05-04,12.479999542236328,12.210000038146973,12.470000267028809,12.279999732971191,7420200.0,6.4346184730529785
2011-05-05,12.039999961853027,11.819999694824219,11.989999771118164,11.880000114440918,5450800.0,6.225025653839111
2011-05-06,12.079999923706055,11.640000343322754,12.020000457763672,11.670000076293945,8638800.0,6.114985942840576
2011-05-09,11.619999885559082,11.420000076293945,11.529999732971191,11.59000015258789,4610200.0,6.073065757751465
2011-05-10,11.850000381469727,11.600000381469727,11.680000305175781,11.829999923706055,5221800.0,6.198825836181641
2011-05-11,11.75,11.489999771118164,11.699999809265137,11.550000190734863,6261700.0,6.0521063804626465
2011-05-12,11.720000267028809,11.4399995803833,11.550000190734863,11.640000343322754,5367500.0,6.0992655754089355
2011-05-13,11.479999542236328,11.210000038146973,11.470000267028809,11.300000190734863,7204200.0,5.921108245849609
2011-05-16,11.520000457763672,11.289999961853027,11.300000190734863,11.34000015258789,4086800.0,5.9420695304870605
2011-05-17,11.460000038146973,11.289999961853027,11.40999984741211,11.430000305175781,5832200.0,5.989229202270508
2011-05-18,11.539999961853027,11.380000114440918,11.420000076293945,11.529999732971191,3723900.0,6.041627407073975
2011-05-19,11.59000015258789,11.399999618530273,11.5600004196167,11.550000190734863,2773400.0,6.0521063804626465
2011-05-20,11.399999618530273,11.079999923706055,11.380000114440918,11.100000381469727,7005100.0,5.816311359405518
2011-05-23,10.979999542236328,10.850000381469727,10.920000076293945,10.899999618530273,9084300.0,5.711512088775635
2011-05-24,11.050000190734863,10.920000076293945,10.989999771118164,10.970000267028809,3125000.0,5.7481913566589355
2011-05-25,11.220000267028809,10.949999809265137,10.979999542236328,11.149999618530273,4715300.0,5.84251070022583
2011-05-26,11.279999732971191,11.039999961853027,11.199999809265137,11.220000267028809,7159500.0,5.8791890144348145
2011-05-27,11.460000038146973,11.350000381469727,11.4399995803833,11.40999984741211,5214800.0,5.978747367858887
2011-05-31,11.920000076293945,11.760000228881836,11.859999656677246,11.890000343322754,10751200.0,6.230262756347656
2011-06-01,11.720000267028809,11.4399995803833,11.670000076293945,11.460000038146973,6042400.0,6.004945755004883
2011-06-02,11.75,11.520000457763672,11.699999809265137,11.65999984741211,6528300.0,6.10974645614624
2011-06-03,11.880000114440918,11.5,11.520000457763672,11.770000457763672,6370800.0,6.167386531829834
2011-06-06,11.630000114440918,11.420000076293945,11.600000381469727,11.460000038146973,3538300.0,6.004945755004883
2011-06-07,11.720000267028809,11.550000190734863,11.619999885559082,11.5600004196167,4477000.0,6.057348728179932
2011-06-08,11.489999771118164,11.289999961853027,11.4399995803833,11.329999923706055,5557600.0,5.936829090118408
2011-06-09,11.460000038146973,11.3100004196167,11.369999885559082,11.420000076293945,4179800.0,5.983989715576172
2011-06-10,11.3100004196167,10.970000267028809,11.279999732971191,11.069999694824219,9396300.0,5.800590515136719
2011-06-13,11.09000015258789,10.90999984741211,11.039999961853027,11.020000457763672,6226100.0,5.77439022064209
2011-06-14,11.399999618530273,11.260000228881836,11.279999732971191,11.279999732971191,12461000.0,5.910628795623779
2011-06-15,10.960000038146973,10.579999923706055,10.890000343322754,10.670000076293945,17688000.0,5.590993881225586
2011-06-16,10.789999961853027,10.550000190734863,10.670000076293945,10.729999542236328,11111100.0,5.622434139251709
2011-06-17,11.460000038146973,11.119999885559082,11.199999809265137,11.260000228881836,18515300.0,5.900151252746582
2011-06-20,11.300000190734863,11.079999923706055,11.079999923706055,11.260000228881836,8867600.0,5.900151252746582
2011-06-21,11.579999923706055,11.449999809265137,11.489999771118164,11.550000190734863,6570000.0,6.0521063804626465
2011-06-22,11.600000381469727,11.319999694824219,11.529999732971191,11.34000015258789,7024500.0,5.9420695304870605
2011-06-23,11.069999694824219,10.699999809265137,10.880000114440918,11.029999732971191,15480500.0,5.779630661010742
2011-06-24,10.800000190734863,10.550000190734863,10.779999732971191,10.65999984741211,10990200.0,5.585753917694092
2011-06-27,10.869999885559082,10.649999618530273,10.680000305175781,10.859999656677246,6963000.0,5.690552234649658
2011-06-28,11.119999885559082,10.90999984741211,10.9399995803833,11.020000457763672,4470100.0,5.77439022064209
2011-06-29,11.270000457763672,11.09000015258789,11.170000076293945,11.260000228881836,7963500.0,5.900151252746582
2011-06-30,11.569999694824219,11.329999923706055,11.359999656677246,11.510000228881836,7745400.0,6.031147003173828
2011-07-01,11.890000343322754,11.5600004196167,11.630000114440918,11.869999885559082,8036200.0,6.219783306121826
2011-07-05,11.6899995803833,11.489999771118164,11.680000305175781,11.529999732971191,7749100.0,6.041627407073975
2011-07-06,11.25,11.0600004196167,11.109999656677246,11.15999984741211,8579800.0,5.847749710083008
2011-07-07,11.470000267028809,11.239999771118164,11.460000038146973,11.279999732971191,6482700.0,5.910628795623779
2011-07-08,10.930000305175781,10.680000305175781,10.890000343322754,10.779999732971191,11709100.0,5.648633003234863
2011-07-11,10.359999656677246,10.100000381469727,10.300000190734863,10.25,16935200.0,5.370917320251465
2011-07-12,10.359999656677246,10.1899995803833,10.220000267028809,10.199999809265137,12196200.0,5.344717979431152
2011-07-13,10.460000038146973,10.140000343322754,10.279999732971191,10.359999656677246,12532800.0,5.4285569190979
2011-07-14,10.579999923706055,10.289999961853027,10.470000267028809,10.3100004196167,7679300.0,5.402357578277588
2011-07-15,10.399999618530273,10.180000305175781,10.350000381469727,10.279999732971191,8684600.0,5.386635780334473
2011-07-18,10.1899995803833,9.979999542236328,10.130000114440918,10.079999923706055,8882300.0,5.281838417053223
2011-07-19,10.350000381469727,10.180000305175781,10.1899995803833,10.34000015258789,7728100.0,5.4180755615234375
2011-07-20,10.9399995803833,10.619999885559082,10.720000267028809,10.890000343322754,19011300.0,5.706270694732666
2011-07-21,11.5,11.270000457763672,11.40999984741211,11.380000114440918,18741900.0,5.963027477264404
2011-07-22,11.300000190734863,11.119999885559082,11.289999961853027,11.239999771118164,6891500.0,5.889669418334961
2011-07-25,10.930000305175781,10.760000228881836,10.890000343322754,10.890000343322754,9976500.0,5.706270694732666
2011-07-26,11.0600004196167,10.890000343322754,10.920000076293945,10.90999984741211,4702600.0,5.716753959655762
2011-07-27,10.449999809265137,10.119999885559082,10.4399995803833,10.149999618530273,15223200.0,5.415308952331543
2011-07-28,10.34000015258789,10.15999984741211,10.210000038146973,10.1899995803833,7343300.0,5.436650276184082
2011-07-29,10.399999618530273,10.09000015258789,10.130000114440918,10.210000038146973,8447300.0,5.447320938110352
2011-08-01,10.3100004196167,9.789999961853027,10.289999961853027,9.869999885559082,12249800.0,5.2659196853637695
2011-08-02,9.8100004196167,9.470000267028809,9.720000267028809,9.489999771118164,17542000.0,5.0631794929504395
2011-08-03,9.779999732971191,9.390000343322754,9.779999732971191,9.649999618530273,17309200.0,5.148545742034912
2011-08-04,9.350000381469727,8.800000190734863,9.329999923706055,8.800000190734863,23619900.0,4.695046424865723
2011-08-05,9.640000343322754,8.90999984741211,9.220000267028809,9.390000343322754,33277200.0,5.009828567504883
2011-08-08,9.289999961853027,8.600000381469727,9.199999809265137,8.649999618530273,28562100.0,4.615016937255859
2011-08-09,9.1899995803833,8.420000076293945,9.010000228881836,9.180000305175781,23319900.0,4.897787094116211
2011-08-10,8.630000114440918,8.109999656677246,8.619999885559082,8.3100004196167,17990900.0,4.433618068695068
2011-08-11,8.84000015258789,8.0,8.0,8.720000267028809,15592200.0,4.652364253997803
2011-08-12,9.239999771118164,8.819999694824219,8.90999984741211,9.0,8474900.0,4.801753044128418
2011-08-15,9.489999771118164,9.109999656677246,9.1899995803833,9.390000343322754,4237900.0,5.009828567504883
2011-08-16,9.479999542236328,9.09000015258789,9.140000343322754,9.229999542236328,5671600.0,4.924462795257568
2011-08-17,9.59000015258789,9.270000457763672,9.390000343322754,9.289999961853027,9029100.0,4.956474304199219
2011-08-18,9.119999885559082,8.609999656677246,8.90999984741211,9.09000015258789,10077900.0,4.849769592285156
2011-08-19,8.869999885559082,8.640000343322754,8.739999771118164,8.720000267028809,6511800.0,4.652364253997803
2011-08-22,8.920000076293945,8.680000305175781,8.90999984741211,8.6899995803833,4150700.0,4.636358261108398
2011-08-23,9.109999656677246,8.670000076293945,8.779999732971191,9.109999656677246,5336800.0,4.860439300537109
2011-08-24,8.970000267028809,8.770000457763672,8.819999694824219,8.920000076293945,3667300.0,4.759069919586182
2011-08-25,9.029999732971191,8.600000381469727,8.949999809265137,8.789999961853027,7874400.0,4.68971061706543
2011-08-26,8.8100004196167,8.430000305175781,8.569999694824219,8.789999961853027,6135100.0,4.68971061706543
2011-08-29,9.050000190734863,8.880000114440918,8.949999809265137,9.050000190734863,4260800.0,4.828428268432617
2011-08-30,8.960000038146973,8.75,8.890000343322754,8.869999885559082,4655900.0,4.732394218444824
2011-08-31,9.289999961853027,9.010000228881836,9.039999961853027,9.279999732971191,5589100.0,4.9511399269104
2011-09-01,9.199999809265137,8.949999809265137,8.960000038146973,9.050000190734863,5023800.0,4.828428268432617
2011-09-02,8.75,8.539999961853027,8.680000305175781,8.579999923706055,6727600.0,4.577670097351074
2011-09-06,8.300000190734863,7.840000152587891,7.940000057220459,8.270000457763672,8644300.0,4.412276744842529
2011-09-07,8.529999732971191,7.929999828338623,7.980000019073486,8.300000190734863,10309200.0,4.428281784057617
2011-09-08,8.329999923706055,8.029999732971191,8.25,8.149999618530273,7604300.0,4.34825325012207
2011-09-09,7.900000095367432,7.579999923706055,7.699999809265137,7.869999885559082,11764600.0,4.1988654136657715
2011-09-12,7.539999961853027,7.150000095367432,7.300000190734863,7.5,16886400.0,4.001459121704102
2011-09-13,7.659999847412109,7.309999942779541,7.389999866485596,7.610000133514404,8643400.0,4.060147762298584
2011-09-14,7.949999809265137,7.460000038146973,7.670000076293945,7.860000133514404,9039300.0,4.1935296058654785
2011-09-15,8.34000015258789,8.09000015258789,8.25,8.25,8986600.0,4.401605606079102
2011-09-16,8.350000381469727,8.039999961853027,8.3100004196167,8.180000305175781,6004200.0,4.364258766174316
2011-09-19,8.069999694824219,7.809999942779541,7.920000076293945,7.980000019073486,5698200.0,4.257553577423096
2011-09-20,8.100000381469727,7.860000133514404,7.989999771118164,7.949999809265137,4204200.0,4.241547584533691
2011-09-21,8.029999732971191,7.579999923706055,7.980000019073486,7.579999923706055,4253000.0,4.0441412925720215
2011-09-22,7.5,7.269999980926514,7.380000114440918,7.380000114440918,7162600.0,3.9374358654022217
2011-09-23,7.900000095367432,7.369999885559082,7.389999866485596,7.900000095367432,6416800.0,4.214871406555176
2011-09-26,8.140000343322754,7.690000057220459,7.909999847412109,8.109999656677246,7183100.0,4.326912879943848
2011-09-27,8.479999542236328,8.130000114440918,8.350000381469727,8.170000076293945,7841100.0,4.358922958374023
2011-09-28,8.520000457763672,7.880000114440918,8.390000343322754,7.909999847412109,16125100.0,4.2202043533325195
2011-09-29,8.529999732971191,8.25,8.5,8.40999984741211,7036300.0,4.4869704246521
2011-09-30,8.380000114440918,8.039999961853027,8.210000038146973,8.039999961853027,8979000.0,4.289563179016113
2011-10-03,8.010000228881836,7.650000095367432,7.949999809265137,7.679999828338623,6507600.0,4.097495079040527
2011-10-04,8.319999694824219,7.539999961853027,7.610000133514404,8.319999694824219,20200000.0,4.438952922821045
2011-10-05,8.270000457763672,7.940000057220459,7.989999771118164,8.239999771118164,6729400.0,4.39626932144165
2011-10-06,8.489999771118164,8.100000381469727,8.149999618530273,8.470000267028809,5724000.0,4.518980979919434
2011-10-07,8.600000381469727,8.329999923706055,8.569999694824219,8.479999542236328,4035400.0,4.524316787719727
2011-10-10,8.65999984741211,8.510000228881836,8.550000190734863,8.65999984741211,5358100.0,4.620351791381836
2011-10-11,8.550000190734863,8.399999618530273,8.470000267028809,8.550000190734863,3507500.0,4.561665058135986
2011-10-12,8.59000015258789,8.40999984741211,8.550000190734863,8.420000076293945,13764600.0,4.585080146789551
2011-10-13,8.5,8.149999618530273,8.319999694824219,8.460000038146973,8890100.0,4.606861591339111
2011-10-14,8.520000457763672,8.3100004196167,8.5,8.4399995803833,2855600.0,4.595970630645752
2011-10-17,8.5,8.170000076293945,8.479999542236328,8.170000076293945,4093700.0,4.448943138122559
2011-10-18,8.619999885559082,8.109999656677246,8.210000038146973,8.600000381469727,12767600.0,4.683097839355469
2011-10-19,8.489999771118164,8.220000267028809,8.479999542236328,8.229999542236328,3984600.0,4.481616020202637
2011-10-20,8.279999732971191,7.849999904632568,8.270000457763672,8.130000114440918,5558300.0,4.427161693572998
2011-10-21,8.420000076293945,8.260000228881836,8.3100004196167,8.34000015258789,3186900.0,4.54151725769043
2011-10-24,8.520000457763672,8.319999694824219,8.319999694824219,8.479999542236328,5930900.0,4.6177520751953125
2011-10-25,8.460000038146973,8.300000190734863,8.399999618530273,8.350000381469727,5464900.0,4.546961307525635
2011-10-26,8.470000267028809,8.149999618530273,8.449999809265137,8.399999618530273,3642900.0,4.574189186096191
2011-10-27,9.329999923706055,8.970000267028809,9.0600004196167,9.199999809265137,9247200.0,5.00982666015625
2011-10-28,9.100000381469727,8.970000267028809,9.050000190734863,9.010000228881836,3883500.0,4.906362533569336
2011-10-31,8.800000190734863,8.529999732971191,8.789999961853027,8.5600004196167,3747000.0,4.661316871643066
2011-11-01,8.180000305175781,7.869999885559082,7.960000038146973,8.079999923706055,6430000.0,4.3999342918396
2011-11-02,8.09000015258789,7.880000114440918,8.0600004196167,8.069999694824219,3521100.0,4.394488334655762
2011-11-03,8.300000190734863,7.860000133514404,8.130000114440918,8.15999984741211,4810800.0,4.4434967041015625
2011-11-04,8.029999732971191,7.769999980926514,8.010000228881836,8.020000457763672,4330100.0,4.36726188659668
2011-11-07,8.039999961853027,7.75,8.010000228881836,7.96999979019165,3909200.0,4.340033531188965
2011-11-08,8.119999885559082,7.860000133514404,7.949999809265137,8.069999694824219,4578900.0,4.394488334655762
2011-11-09,7.650000095367432,7.400000095367432,7.53000020980835,7.429999828338623,7977500.0,4.045979022979736
2011-11-10,7.690000057220459,7.489999771118164,7.679999828338623,7.630000114440918,4057900.0,4.154888153076172
2011-11-11,7.989999771118164,7.809999942779541,7.820000171661377,7.920000076293945,4345700.0,4.312806606292725
2011-11-14,7.71999979019165,7.559999942779541,7.699999809265137,7.610000133514404,3440000.0,4.143998146057129
2011-11-15,7.599999904632568,7.400000095367432,7.480000019073486,7.559999942779541,3944100.0,4.116770267486572
2011-11-16,7.599999904632568,7.400000095367432,7.480000019073486,7.400000095367432,4291100.0,4.029642105102539
2011-11-17,7.5,7.260000228881836,7.46999979019165,7.340000152587891,3768400.0,3.99696946144104
2011-11-18,7.579999923706055,7.409999847412109,7.519999980926514,7.449999809265137,2909800.0,4.056869983673096
2011-11-21,7.349999904632568,7.21999979019165,7.329999923706055,7.28000020980835,3642900.0,3.9642977714538574
2011-11-22,7.159999847412109,7.0,7.139999866485596,7.079999923706055,22183800.0,3.8553876876831055
2011-11-23,7.0,6.78000020980835,6.980000019073486,6.849999904632568,5995800.0,3.7301430702209473
2011-11-25,6.909999847412109,6.769999980926514,6.800000190734863,6.800000190734863,2170500.0,3.7029147148132324
2011-11-28,7.329999923706055,7.170000076293945,7.309999942779541,7.21999979019165,4817700.0,3.9316246509552
2011-11-29,7.28000020980835,7.110000133514404,7.239999771118164,7.159999847412109,7053400.0,3.898951768875122
2011-11-30,7.559999942779541,7.409999847412109,7.519999980926514,7.480000019073486,19516500.0,4.073205947875977
2011-12-01,7.550000190734863,7.409999847412109,7.46999979019165,7.46999979019165,9810400.0,4.067759037017822
2011-12-02,7.809999942779541,7.510000228881836,7.78000020980835,7.570000171661377,18032300.0,4.122215747833252
2011-12-05,8.010000228881836,7.760000228881836,7.96999979019165,7.840000152587891,6359600.0,4.269242763519287
2011-12-06,8.0,7.860000133514404,7.889999866485596,7.960000038146973,3017000.0,4.334588050842285
2011-12-07,8.010000228881836,7.670000076293945,7.75,7.960000038146973,4092000.0,4.334588050842285
2011-12-08,7.949999809265137,7.619999885559082,7.909999847412109,7.659999847412109,4174100.0,4.171224594116211
2011-12-09,8.0,7.809999942779541,7.840000152587891,7.909999847412109,3395400.0,4.307360649108887
2011-12-12,7.639999866485596,7.440000057220459,7.610000133514404,7.590000152587891,4327700.0,4.133106231689453
2011-12-13,7.539999961853027,7.150000095367432,7.429999828338623,7.230000019073486,4483000.0,3.937069892883301
2011-12-14,7.239999771118164,7.059999942779541,7.179999828338623,7.110000133514404,3427200.0,3.8717243671417236
2011-12-15,7.329999923706055,7.159999847412109,7.309999942779541,7.170000076293945,1857900.0,3.9043962955474854
2011-12-16,7.309999942779541,7.110000133514404,7.170000076293945,7.159999847412109,4074900.0,3.898951768875122
2011-12-19,7.389999866485596,7.150000095367432,7.340000152587891,7.150000095367432,2990600.0,3.8935060501098633
2011-12-20,7.579999923706055,7.449999809265137,7.460000038146973,7.570000171661377,6027700.0,4.122215747833252
2011-12-21,7.46999979019165,7.28000020980835,7.420000076293945,7.460000038146973,3890000.0,4.062314987182617
2011-12-22,7.559999942779541,7.449999809265137,7.480000019073486,7.53000020980835,2492400.0,4.100433349609375
2011-12-23,7.610000133514404,7.53000020980835,7.590000152587891,7.570000171661377,2160500.0,4.122215747833252
2011-12-27,7.570000171661377,7.489999771118164,7.53000020980835,7.510000228881836,7227900.0,4.089541912078857
2011-12-28,7.510000228881836,7.289999961853027,7.489999771118164,7.329999923706055,1740700.0,3.9915239810943604
2011-12-29,7.5,7.25,7.25,7.480000019073486,2842500.0,4.073205947875977
2011-12-30,7.559999942779541,7.46999979019165,7.480000019073486,7.519999980926514,2270800.0,4.0949883460998535
2012-01-03,7.829999923706055,7.679999828338623,7.699999809265137,7.75,2822000.0,4.22023344039917
2012-01-04,7.539999961853027,7.389999866485596,7.429999828338623,7.539999961853027,2772300.0,4.105878829956055
2012-01-05,7.190000057220459,7.0,7.119999885559082,7.139999866485596,7406300.0,3.8880605697631836
2012-01-06,7.059999942779541,6.829999923706055,7.03000020980835,6.909999847412109,23348600.0,3.762814521789551
2012-01-09,7.070000171661377,6.869999885559082,7.039999961853027,6.96999979019165,6678900.0,3.795487403869629
2012-01-10,7.320000171661377,7.210000038146973,7.21999979019165,7.28000020980835,3892900.0,3.9642977714538574
2012-01-11,7.179999828338623,7.03000020980835,7.130000114440918,7.139999866485596,2995200.0,3.975991725921631
2012-01-12,7.300000190734863,7.119999885559082,7.28000020980835,7.21999979019165,3923900.0,4.020539283752441
2012-01-13,7.21999979019165,7.03000020980835,7.170000076293945,7.179999828338623,2952600.0,3.998265266418457
2012-01-17,7.289999961853027,7.170000076293945,7.190000057220459,7.230000019073486,3262600.0,4.026108264923096
2012-01-18,7.300000190734863,7.170000076293945,7.230000019073486,7.28000020980835,5039400.0,4.053951740264893
2012-01-19,7.75,7.480000019073486,7.539999961853027,7.670000076293945,9813700.0,4.271128177642822
2012-01-20,7.78000020980835,7.590000152587891,7.590000152587891,7.75,4321100.0,4.315676689147949
2012-01-23,7.929999828338623,7.710000038146973,7.829999923706055,7.820000171661377,5753600.0,4.3546576499938965
2012-01-24,7.920000076293945,7.670000076293945,7.710000038146973,7.889999866485596,5035800.0,4.393637180328369
2012-01-25,8.020000457763672,7.739999771118164,7.78000020980835,7.96999979019165,6609200.0,4.438185691833496
2012-01-26,8.180000305175781,8.050000190734863,8.180000305175781,8.100000381469727,6541800.0,4.510578632354736
2012-01-27,8.220000267028809,8.020000457763672,8.029999732971191,8.149999618530273,4509600.0,4.538421154022217
2012-01-30,7.960000038146973,7.789999961853027,7.829999923706055,7.889999866485596,6603600.0,4.393637180328369
2012-01-31,7.960000038146973,7.78000020980835,7.949999809265137,7.880000114440918,4393300.0,4.3880696296691895
2012-02-01,8.199999809265137,8.069999694824219,8.130000114440918,8.079999923706055,4929500.0,4.499441146850586
2012-02-02,8.319999694824219,8.180000305175781,8.210000038146973,8.260000228881836,4304400.0,4.599676132202148
2012-02-03,8.449999809265137,8.279999732971191,8.3100004196167,8.420000076293945,6871900.0,4.6887736320495605
2012-02-06,8.510000228881836,8.369999885559082,8.390000343322754,8.460000038146973,3536300.0,4.7110466957092285
2012-02-07,8.680000305175781,8.449999809265137,8.489999771118164,8.59000015258789,6271400.0,4.783438682556152
2012-02-08,8.770000457763672,8.609999656677246,8.699999809265137,8.75,5082600.0,4.872539043426514
2012-02-09,8.850000381469727,8.729999542236328,8.779999732971191,8.760000228881836,6079500.0,4.878106594085693
2012-02-10,8.600000381469727,8.470000267028809,8.520000457763672,8.539999961853027,3399700.0,4.7555975914001465
2012-02-13,8.670000076293945,8.539999961853027,8.65999984741211,8.550000190734863,1801100.0,4.761166095733643
2012-02-14,8.539999961853027,8.319999694824219,8.520000457763672,8.479999542236328,3769900.0,4.7221856117248535
2012-02-15,8.479999542236328,8.300000190734863,8.460000038146973,8.380000114440918,4546800.0,4.666499137878418
2012-02-16,8.380000114440918,8.109999656677246,8.140000343322754,8.350000381469727,7534200.0,4.649792671203613
2012-02-17,8.520000457763672,8.380000114440918,8.520000457763672,8.460000038146973,3823800.0,4.7110466957092285
2012-02-21,8.6899995803833,8.539999961853027,8.619999885559082,8.5600004196167,5922200.0,4.7667341232299805
2012-02-22,8.510000228881836,8.369999885559082,8.510000228881836,8.40999984741211,2936400.0,4.683205604553223
2012-02-23,8.449999809265137,8.260000228881836,8.319999694824219,8.449999809265137,3215500.0,4.705480575561523
2012-02-24,8.479999542236328,8.329999923706055,8.359999656677246,8.430000305175781,2639700.0,4.694342613220215
2012-02-27,8.40999984741211,8.229999542236328,8.289999961853027,8.390000343322754,2904500.0,4.6720685958862305
2012-02-28,8.460000038146973,8.289999961853027,8.34000015258789,8.430000305175781,2795200.0,4.694342613220215
2012-02-29,8.539999961853027,8.25,8.479999542236328,8.300000190734863,4660700.0,4.621950626373291
2012-03-01,8.470000267028809,8.359999656677246,8.40999984741211,8.449999809265137,5969800.0,4.705480575561523
2012-03-02,8.449999809265137,8.34000015258789,8.399999618530273,8.399999618530273,2778200.0,4.677636623382568
2012-03-05,8.329999923706055,8.180000305175781,8.3100004196167,8.220000267028809,4332200.0,4.577401638031006
2012-03-06,7.929999828338623,7.730000019073486,7.889999866485596,7.800000190734863,8059000.0,4.343519687652588
2012-03-07,7.909999847412109,7.71999979019165,7.789999961853027,7.880000114440918,3937400.0,4.3880696296691895
2012-03-08,8.270000457763672,7.960000038146973,8.0,8.199999809265137,4980200.0,4.566264629364014
2012-03-09,8.109999656677246,8.0,8.029999732971191,8.050000190734863,4104400.0,4.482735633850098
2012-03-12,7.980000019073486,7.829999923706055,7.96999979019165,7.920000076293945,5015500.0,4.410344123840332
2012-03-13,8.210000038146973,7.920000076293945,7.960000038146973,8.170000076293945,11755900.0,4.549559116363525
2012-03-14,8.199999809265137,8.039999961853027,8.180000305175781,8.100000381469727,5052800.0,4.510578632354736
2012-03-15,8.229999542236328,8.029999732971191,8.119999885559082,8.220000267028809,4864800.0,4.577401638031006
2012-03-16,8.369999885559082,8.229999542236328,8.229999542236328,8.329999923706055,5346700.0,4.638656139373779
2012-03-19,8.619999885559082,8.390000343322754,8.40999984741211,8.520000457763672,5595200.0,4.744460582733154
2012-03-20,8.510000228881836,8.359999656677246,8.420000076293945,8.449999809265137,5502100.0,4.705480575561523
2012-03-21,8.350000381469727,8.140000343322754,8.329999923706055,8.15999984741211,13919400.0,4.5439887046813965
2012-03-22,8.050000190734863,7.960000038146973,8.010000228881836,8.010000228881836,5339100.0,4.460461139678955
2012-03-23,8.050000190734863,7.860000133514404,7.949999809265137,8.010000228881836,5402600.0,4.460461139678955
2012-03-26,8.050000190734863,7.929999828338623,7.989999771118164,8.020000457763672,5918000.0,4.466028690338135
2012-03-27,7.980000019073486,7.829999923706055,7.96999979019165,7.849999904632568,6228000.0,4.371363162994385
2012-03-28,7.809999942779541,7.570000171661377,7.800000190734863,7.670000076293945,17084700.0,4.271128177642822
2012-03-29,7.610000133514404,7.5,7.539999961853027,7.590000152587891,8782100.0,4.226578235626221
2012-03-30,7.710000038146973,7.519999980926514,7.650000095367432,7.670000076293945,5425700.0,4.271128177642822
2012-04-02,7.78000020980835,7.449999809265137,7.46999979019165,7.739999771118164,8786000.0,4.310107707977295
2012-04-03,7.590000152587891,7.309999942779541,7.570000171661377,7.360000133514404,15653100.0,4.098500728607178
2012-04-04,7.25,7.079999923706055,7.179999828338623,7.170000076293945,14552000.0,3.99269700050354
2012-04-05,7.119999885559082,6.96999979019165,7.0,7.039999961853027,9884200.0,3.9203052520751953
2012-04-09,7.099999904632568,6.960000038146973,6.96999979019165,7.0,7944600.0,3.8980302810668945
2012-04-10,6.760000228881836,6.5,6.730000019073486,6.510000228881836,19914900.0,3.783536911010742
2012-04-11,6.809999942779541,6.639999866485596,6.789999961853027,6.699999809265137,12588700.0,3.8939621448516846
2012-04-12,6.71999979019165,6.559999942779541,6.610000133514404,6.699999809265137,6791300.0,3.8939621448516846
2012-04-13,6.590000152587891,6.380000114440918,6.590000152587891,6.400000095367432,21629700.0,3.7196059226989746
2012-04-16,6.480000019073486,6.300000190734863,6.440000057220459,6.429999828338623,10410900.0,3.737041473388672
2012-04-17,6.630000114440918,6.449999809265137,6.460000038146973,6.550000190734863,14447300.0,3.8067853450775146
2012-04-18,6.460000038146973,6.320000171661377,6.349999904632568,6.340000152587891,11501900.0,3.684734582901001
2012-04-19,6.230000019073486,6.079999923706055,6.159999847412109,6.099999904632568,28443000.0,3.5452494621276855
2012-04-20,6.360000133514404,6.210000038146973,6.230000019073486,6.269999980926514,9268200.0,3.6440513134002686
2012-04-23,6.260000228881836,6.110000133514404,6.159999847412109,6.239999771118164,10948700.0,3.6266160011291504
2012-04-24,6.420000076293945,6.210000038146973,6.210000038146973,6.349999904632568,9981300.0,3.6905460357666016
2012-04-25,6.619999885559082,6.429999828338623,6.579999923706055,6.519999980926514,16140300.0,3.789348602294922
2012-04-26,6.380000114440918,6.21999979019165,6.230000019073486,6.349999904632568,17204700.0,3.6905460357666016
2012-04-27,6.5,6.320000171661377,6.420000076293945,6.46999979019165,9635900.0,3.760288953781128
2012-04-30,6.400000095367432,6.260000228881836,6.389999866485596,6.329999923706055,9461900.0,3.678922653198242
2012-05-01,6.449999809265137,6.309999942779541,6.340000152587891,6.389999866485596,7770200.0,3.713793992996216
2012-05-02,6.079999923706055,5.940000057220459,5.980000019073486,6.03000020980835,22652000.0,3.5045664310455322
2012-05-03,6.079999923706055,6.0,6.03000020980835,6.039999961853027,7828900.0,3.510378122329712
2012-05-04,6.21999979019165,6.059999942779541,6.159999847412109,6.170000076293945,11679900.0,3.585932970046997
2012-05-07,6.429999828338623,6.269999980926514,6.289999961853027,6.389999866485596,10971700.0,3.713793992996216
2012-05-08,6.400000095367432,6.260000228881836,6.360000133514404,6.369999885559082,6772100.0,3.7021701335906982
2012-05-09,6.070000171661377,5.920000076293945,5.960000038146973,6.010000228881836,12909100.0,3.4929423332214355
2012-05-10,6.440000057220459,6.320000171661377,6.369999885559082,6.329999923706055,9804300.0,3.678922653198242
2012-05-11,6.349999904632568,6.119999885559082,6.139999866485596,6.230000019073486,8820000.0,3.620802879333496
2012-05-14,6.090000152587891,6.010000228881836,6.070000171661377,6.019999980926514,4927200.0,3.498753786087036
2012-05-15,5.96999979019165,5.789999961853027,5.960000038146973,5.809999942779541,10475000.0,3.3767051696777344
2012-05-16,5.900000095367432,5.659999847412109,5.869999885559082,5.670000076293945,53014200.0,3.2953379154205322
2012-05-17,5.650000095367432,5.519999980926514,5.619999885559082,5.559999942779541,8508000.0,3.231407880783081
2012-05-18,5.840000152587891,5.710000038146973,5.820000171661377,5.760000228881836,9132600.0,3.3476450443267822
2012-05-21,5.78000020980835,5.659999847412109,5.670000076293945,5.739999771118164,6652700.0,3.3360214233398438
2012-05-22,5.889999866485596,5.730000019073486,5.809999942779541,5.789999961853027,6737700.0,3.3650803565979004
2012-05-23,5.730000019073486,5.570000171661377,5.699999809265137,5.71999979019165,6246700.0,3.324397087097168
2012-05-24,5.769999980926514,5.610000133514404,5.730000019073486,5.670000076293945,5075000.0,3.2953379154205322
2012-05-25,5.699999809265137,5.619999885559082,5.630000114440918,5.659999847412109,7176300.0,3.2895259857177734
2012-05-29,5.429999828338623,5.340000152587891,5.420000076293945,5.389999866485596,14217300.0,3.1326050758361816
2012-05-30,5.340000152587891,5.21999979019165,5.340000152587891,5.25,11455400.0,3.051239252090454
2012-05-31,5.360000133514404,5.190000057220459,5.260000228881836,5.320000171661377,7104900.0,3.091921091079712
2012-06-01,5.400000095367432,5.25,5.309999942779541,5.329999923706055,8182500.0,3.0977344512939453
2012-06-04,5.670000076293945,5.579999923706055,5.630000114440918,5.630000114440918,8508100.0,3.272090196609497
2012-06-05,5.78000020980835,5.639999866485596,5.690000057220459,5.690000057220459,5832700.0,3.306962251663208
2012-06-06,5.949999809265137,5.739999771118164,5.75,5.929999828338623,9902900.0,3.4464468955993652
2012-06-07,6.099999904632568,5.929999828338623,6.070000171661377,5.940000057220459,9126800.0,3.4522593021392822
2012-06-08,6.150000095367432,5.909999847412109,5.960000038146973,6.110000133514404,9758400.0,3.5510618686676025
2012-06-11,6.309999942779541,5.909999847412109,6.289999961853027,5.920000076293945,12761600.0,3.4406354427337646
2012-06-12,6.050000190734863,5.909999847412109,6.010000228881836,6.050000190734863,5117000.0,3.5161898136138916
2012-06-13,6.179999828338623,6.03000020980835,6.059999942779541,6.099999904632568,7166400.0,3.5452494621276855
2012-06-14,6.289999961853027,6.139999866485596,6.170000076293945,6.21999979019165,5576500.0,3.6149916648864746
2012-06-15,6.21999979019165,6.070000171661377,6.130000114440918,6.190000057220459,8169200.0,3.5975565910339355
2012-06-18,5.980000019073486,5.829999923706055,5.960000038146973,5.869999885559082,7189200.0,3.4115755558013916
2012-06-19,6.150000095367432,5.96999979019165,5.989999771118164,6.059999942779541,5352700.0,3.522000789642334
2012-06-20,6.320000171661377,6.159999847412109,6.190000057220459,6.260000228881836,5623600.0,3.6382384300231934
2012-06-21,6.429999828338623,6.090000152587891,6.420000076293945,6.090000152587891,5511600.0,3.5394372940063477
2012-06-22,6.420000076293945,6.25,6.389999866485596,6.329999923706055,8018500.0,3.678922653198242
2012-06-25,6.070000171661377,5.940000057220459,6.059999942779541,5.980000019073486,5248800.0,3.4755072593688965
2012-06-26,6.0,5.840000152587891,5.980000019073486,5.929999828338623,4227200.0,3.4464468955993652
2012-06-27,6.090000152587891,5.900000095367432,5.940000057220459,6.059999942779541,3837400.0,3.522000789642334
2012-06-28,6.159999847412109,5.96999979019165,6.010000228881836,6.150000095367432,3615700.0,3.5743088722229004
2012-06-29,6.599999904632568,6.440000057220459,6.5,6.559999942779541,10251200.0,3.8125946521759033
2012-07-02,6.639999866485596,6.489999771118164,6.570000171661377,6.639999866485596,4500300.0,3.859091281890869
2012-07-03,6.699999809265137,6.579999923706055,6.599999904632568,6.659999847412109,3978600.0,3.870713710784912
2012-07-05,6.349999904632568,6.210000038146973,6.329999923706055,6.309999942779541,7081400.0,3.6672983169555664
2012-07-06,6.110000133514404,6.0,6.03000020980835,6.070000171661377,9210900.0,3.5278139114379883
2012-07-09,5.960000038146973,5.869999885559082,5.920000076293945,5.949999809265137,10016100.0,3.4580700397491455
2012-07-10,6.019999980926514,5.769999980926514,5.940000057220459,5.809999942779541,6405200.0,3.462242603302002
2012-07-11,5.849999904632568,5.71999979019165,5.739999771118164,5.800000190734863,4154400.0,3.5731332302093506
2012-07-12,5.71999979019165,5.590000152587891,5.679999828338623,5.699999809265137,3967600.0,3.5115275382995605
2012-07-13,5.75,5.630000114440918,5.639999866485596,5.730000019073486,4339800.0,3.53000807762146
2012-07-16,5.590000152587891,5.5,5.539999961853027,5.550000190734863,6071500.0,3.4191184043884277
2012-07-17,5.639999866485596,5.480000019073486,5.639999866485596,5.619999885559082,4113700.0,3.4622421264648438
2012-07-18,5.579999923706055,5.5,5.510000228881836,5.559999942779541,6178300.0,3.425278425216675
2012-07-19,5.579999923706055,5.489999771118164,5.539999961853027,5.559999942779541,2960500.0,3.425278425216675
2012-07-20,5.349999904632568,5.099999904632568,5.260000228881836,5.110000133514404,19712900.0,3.14805269241333
2012-07-23,5.21999979019165,4.96999979019165,5.010000228881836,5.150000095367432,7223800.0,3.1726951599121094
2012-07-24,5.03000020980835,4.889999866485596,5.010000228881836,4.889999866485596,9512900.0,3.0125203132629395
2012-07-25,5.039999961853027,4.880000114440918,4.940000057220459,5.039999961853027,5515800.0,3.104928970336914
2012-07-26,5.550000190734863,5.369999885559082,5.409999847412109,5.480000019073486,10052000.0,3.375993490219116
2012-07-27,5.989999771118164,5.659999847412109,5.679999828338623,5.929999828338623,10782100.0,3.653219223022461
2012-07-30,6.139999866485596,6.010000228881836,6.050000190734863,6.079999923706055,6230500.0,3.745628833770752
2012-07-31,6.079999923706055,5.960000038146973,6.019999980926514,5.960000038146973,4803100.0,3.671701192855835
2012-08-01,6.159999847412109,6.0,6.039999961853027,6.099999904632568,14735400.0,3.757949113845825
2012-08-02,5.800000190734863,5.570000171661377,5.639999866485596,5.699999809265137,7804300.0,3.5115275382995605
2012-08-03,6.150000095367432,5.960000038146973,5.980000019073486,6.110000133514404,6713000.0,3.764111042022705
2012-08-06,6.420000076293945,6.309999942779541,6.340000152587891,6.309999942779541,6911500.0,3.887322425842285
2012-08-07,6.619999885559082,6.519999980926514,6.539999961853027,6.539999961853027,7732800.0,4.029015064239502
2012-08-08,6.590000152587891,6.489999771118164,6.510000228881836,6.539999961853027,6245500.0,4.029015064239502
2012-08-09,6.539999961853027,6.440000057220459,6.46999979019165,6.5,3967400.0,4.004372596740723
2012-08-10,6.519999980926514,6.400000095367432,6.46999979019165,6.489999771118164,3291900.0,3.9982125759124756
2012-08-13,6.599999904632568,6.46999979019165,6.559999942779541,6.510000228881836,2894900.0,4.010533809661865
2012-08-14,6.630000114440918,6.539999961853027,6.610000133514404,6.570000171661377,1953100.0,4.047497272491455
2012-08-15,6.639999866485596,6.550000190734863,6.610000133514404,6.619999885559082,2786700.0,4.078299045562744
2012-08-16,6.940000057220459,6.730000019073486,6.75,6.869999885559082,7350600.0,4.2323126792907715
2012-08-17,7.010000228881836,6.940000057220459,6.949999809265137,7.0,6466100.0,4.3124003410339355
2012-08-20,6.949999809265137,6.800000190734863,6.869999885559082,6.900000095367432,3699200.0,4.250793933868408
2012-08-21,7.079999923706055,6.949999809265137,6.949999809265137,7.010000228881836,4018300.0,4.318562030792236
2012-08-22,6.96999979019165,6.840000152587891,6.900000095367432,6.96999979019165,3158300.0,4.293919086456299
2012-08-23,6.980000019073486,6.730000019073486,6.829999923706055,6.840000152587891,6515400.0,4.213832855224609
2012-08-24,6.949999809265137,6.760000228881836,6.800000190734863,6.909999847412109,2696100.0,4.256955623626709
2012-08-27,7.010000228881836,6.900000095367432,6.960000038146973,6.940000057220459,2499100.0,4.275437355041504
2012-08-28,6.96999979019165,6.860000133514404,6.860000133514404,6.940000057220459,2022800.0,4.275437355041504
2012-08-29,6.889999866485596,6.800000190734863,6.869999885559082,6.849999904632568,6866100.0,4.219992637634277
2012-08-30,6.78000020980835,6.639999866485596,6.75,6.71999979019165,4105400.0,4.1399054527282715
2012-08-31,7.090000152587891,6.820000171661377,6.889999866485596,7.039999961853027,5390900.0,4.337043762207031
2012-09-04,7.170000076293945,7.079999923706055,7.159999847412109,7.130000114440918,3447600.0,4.392488479614258
2012-09-05,7.199999809265137,7.119999885559082,7.179999828338623,7.190000057220459,4192600.0,4.429452419281006
2012-09-06,7.539999961853027,7.25,7.260000228881836,7.5,8227800.0,4.620429515838623
2012-09-07,7.75,7.659999847412109,7.690000057220459,7.710000038146973,4880400.0,4.749802112579346
2012-09-10,7.75,7.599999904632568,7.690000057220459,7.599999904632568,3938500.0,4.682034969329834
2012-09-11,7.929999828338623,7.670000076293945,7.670000076293945,7.840000152587891,6624900.0,4.82988977432251
2012-09-12,8.0600004196167,7.949999809265137,8.020000457763672,8.0,5746500.0,4.928458213806152
2012-09-13,8.079999923706055,7.730000019073486,7.820000171661377,8.029999732971191,6616100.0,4.946939945220947
2012-09-14,8.289999961853027,8.0600004196167,8.170000076293945,8.119999885559082,7260800.0,5.002386569976807
2012-09-17,8.199999809265137,8.079999923706055,8.149999618530273,8.119999885559082,3788700.0,5.002386569976807
2012-09-18,7.949999809265137,7.820000171661377,7.920000076293945,7.840000152587891,4242800.0,4.82988977432251
2012-09-19,7.96999979019165,7.840000152587891,7.880000114440918,7.929999828338623,3584400.0,4.8853349685668945
2012-09-20,7.820000171661377,7.670000076293945,7.690000057220459,7.789999961853027,3603000.0,4.79908561706543
2012-09-21,8.0600004196167,7.900000095367432,7.949999809265137,7.940000057220459,5668700.0,4.891495227813721
2012-09-24,8.0,7.880000114440918,7.909999847412109,7.960000038146973,2505500.0,4.9038166999816895
2012-09-25,8.050000190734863,7.820000171661377,8.010000228881836,7.840000152587891,3733800.0,4.82988977432251
2012-09-26,7.650000095367432,7.489999771118164,7.639999866485596,7.519999980926514,8097400.0,4.63275146484375
2012-09-27,7.730000019073486,7.53000020980835,7.579999923706055,7.690000057220459,5939800.0,4.737480640411377
2012-09-28,7.550000190734863,7.429999828338623,7.539999961853027,7.460000038146973,5533500.0,4.595787048339844
2012-10-01,7.610000133514404,7.420000076293945,7.539999961853027,7.440000057220459,3736700.0,4.583465576171875
2012-10-02,7.699999809265137,7.570000171661377,7.670000076293945,7.599999904632568,3492100.0,4.682034969329834
2012-10-03,7.579999923706055,7.46999979019165,7.559999942779541,7.53000020980835,1842400.0,4.638911247253418
2012-10-04,7.650000095367432,7.510000228881836,7.610000133514404,7.619999885559082,1953400.0,4.694356441497803
2012-10-05,7.880000114440918,7.739999771118164,7.75,7.760000228881836,3981800.0,4.780605316162109
2012-10-08,7.789999961853027,7.71999979019165,7.760000228881836,7.760000228881836,1662400.0,4.780605316162109
2012-10-09,7.619999885559082,7.420000076293945,7.610000133514404,7.440000057220459,4290900.0,4.583465576171875
2012-10-10,7.46999979019165,7.329999923706055,7.389999866485596,7.380000114440918,3902100.0,4.54650354385376
2012-10-11,7.590000152587891,7.420000076293945,7.460000038146973,7.460000038146973,3122100.0,4.595787048339844
2012-10-12,7.349999904632568,7.179999828338623,7.320000171661377,7.239999771118164,2043000.0,4.579972267150879
2012-10-15,7.380000114440918,7.25,7.28000020980835,7.360000133514404,2307300.0,4.655884742736816
2012-10-16,7.670000076293945,7.559999942779541,7.610000133514404,7.639999866485596,3968000.0,4.833009243011475
2012-10-17,8.029999732971191,7.800000190734863,7.800000190734863,7.96999979019165,5122400.0,5.041766166687012
2012-10-18,7.909999847412109,7.78000020980835,7.829999923706055,7.820000171661377,3136200.0,4.946876525878906
2012-10-19,7.659999847412109,7.539999961853027,7.650000095367432,7.639999866485596,3476300.0,4.833009243011475
2012-10-22,7.599999904632568,7.46999979019165,7.5,7.599999904632568,3255900.0,4.807706356048584
2012-10-23,7.480000019073486,7.320000171661377,7.360000133514404,7.480000019073486,2952300.0,4.731796741485596
2012-10-24,7.5,7.409999847412109,7.460000038146973,7.5,2872700.0,4.744446277618408
2012-10-25,7.46999979019165,7.349999904632568,7.460000038146973,7.440000057220459,2547400.0,4.706490993499756
2012-10-26,7.400000095367432,7.309999942779541,7.349999904632568,7.349999904632568,2440500.0,4.649557590484619
2012-10-31,7.579999923706055,7.420000076293945,7.53000020980835,7.460000038146973,2495500.0,4.719142913818359
2012-11-01,7.619999885559082,7.460000038146973,7.53000020980835,7.510000228881836,1622900.0,4.750772953033447
2012-11-02,7.570000171661377,7.400000095367432,7.570000171661377,7.429999828338623,1322300.0,4.700165271759033
2012-11-05,7.349999904632568,7.269999980926514,7.340000152587891,7.349999904632568,2072800.0,4.649557590484619
2012-11-06,7.409999847412109,7.269999980926514,7.289999961853027,7.309999942779541,1746000.0,4.62425422668457
2012-11-07,7.139999866485596,7.0,7.130000114440918,7.130000114440918,3534900.0,4.510387420654297
2012-11-08,7.110000133514404,6.980000019073486,7.019999980926514,7.0,3683400.0,4.428149700164795
2012-11-09,7.03000020980835,6.849999904632568,6.869999885559082,6.940000057220459,3940700.0,4.390194892883301
2012-11-12,6.960000038146973,6.849999904632568,6.880000114440918,6.920000076293945,2372300.0,4.37754487991333
2012-11-13,7.150000095367432,6.869999885559082,6.869999885559082,7.03000020980835,2916100.0,4.447127819061279
2012-11-14,7.25,6.980000019073486,7.199999809265137,6.989999771118164,3346600.0,4.421824932098389
2012-11-15,7.21999979019165,7.070000171661377,7.139999866485596,7.110000133514404,2252000.0,4.497735023498535
2012-11-16,7.110000133514404,6.940000057220459,7.099999904632568,7.039999961853027,1981600.0,4.453454971313477
2012-11-19,7.239999771118164,7.079999923706055,7.090000152587891,7.190000057220459,2413200.0,4.548343181610107
2012-11-20,7.260000228881836,7.159999847412109,7.179999828338623,7.230000019073486,1442900.0,4.5736470222473145
2012-11-21,7.320000171661377,7.260000228881836,7.269999980926514,7.28000020980835,2092600.0,4.605275630950928
2012-11-23,7.480000019073486,7.400000095367432,7.440000057220459,7.460000038146973,1484800.0,4.719142913818359
2012-11-26,7.480000019073486,7.420000076293945,7.440000057220459,7.449999809265137,1602700.0,4.712817192077637
2012-11-27,7.480000019073486,7.369999885559082,7.420000076293945,7.400000095367432,2824000.0,4.681186199188232
2012-11-28,7.550000190734863,7.28000020980835,7.329999923706055,7.53000020980835,5679600.0,4.763424873352051
2012-11-29,7.650000095367432,7.380000114440918,7.630000114440918,7.619999885559082,3630600.0,4.820356845855713
2012-11-30,7.730000019073486,7.619999885559082,7.650000095367432,7.659999847412109,3897900.0,4.8456621170043945
2012-12-03,7.71999979019165,7.639999866485596,7.690000057220459,7.639999866485596,2214100.0,4.833009243011475
2012-12-04,7.769999980926514,7.690000057220459,7.730000019073486,7.71999979019165,5711800.0,4.883616924285889
2012-12-05,7.710000038146973,7.610000133514404,7.670000076293945,7.670000076293945,6533000.0,4.851988792419434
2012-12-06,7.710000038146973,7.599999904632568,7.679999828338623,7.639999866485596,3210700.0,4.833009243011475
2012-12-07,7.590000152587891,7.5,7.570000171661377,7.590000152587891,2566100.0,4.801380634307861
2012-12-10,7.46999979019165,7.340000152587891,7.369999885559082,7.440000057220459,2905900.0,4.706490993499756
2012-12-11,7.550000190734863,7.489999771118164,7.5,7.510000228881836,1670000.0,4.750772953033447
2012-12-12,7.710000038146973,7.590000152587891,7.610000133514404,7.619999885559082,3295500.0,4.820356845855713
2012-12-13,7.710000038146973,7.599999904632568,7.639999866485596,7.630000114440918,1842800.0,4.82668399810791
2012-12-14,7.730000019073486,7.659999847412109,7.679999828338623,7.71999979019165,1669600.0,4.883616924285889
2012-12-17,7.760000228881836,7.639999866485596,7.650000095367432,7.760000228881836,2662800.0,4.908921241760254
2012-12-18,7.860000133514404,7.769999980926514,7.769999980926514,7.860000133514404,2920400.0,4.972179889678955
2012-12-19,8.039999961853027,7.900000095367432,8.029999732971191,7.920000076293945,4360800.0,5.010136604309082
2012-12-20,8.029999732971191,7.909999847412109,7.940000057220459,8.010000228881836,2569400.0,5.0670695304870605
2012-12-21,8.039999961853027,7.860000133514404,7.880000114440918,8.020000457763672,4327200.0,5.073393821716309
2012-12-24,8.020000457763672,7.900000095367432,8.0,7.940000057220459,1126600.0,5.0227885246276855
2012-12-26,8.039999961853027,7.929999828338623,7.949999809265137,7.980000019073486,2271300.0,5.048090934753418
2012-12-27,8.079999923706055,7.960000038146973,8.0600004196167,8.050000190734863,2956200.0,5.092371940612793
2012-12-28,7.929999828338623,7.860000133514404,7.869999885559082,7.920000076293945,2231100.0,5.010136604309082
2012-12-31,8.199999809265137,7.960000038146973,7.989999771118164,8.170000076293945,4624400.0,5.1682844161987305
2013-01-02,8.319999694824219,8.180000305175781,8.270000457763672,8.25,5747100.0,5.2188920974731445
2013-01-03,8.25,8.140000343322754,8.229999542236328,8.180000305175781,2996700.0,5.174609661102295
2013-01-04,8.329999923706055,8.170000076293945,8.210000038146973,8.289999961853027,3289400.0,5.244195461273193
2013-01-07,8.3100004196167,8.210000038146973,8.220000267028809,8.260000228881836,2854100.0,5.225217342376709
2013-01-08,8.319999694824219,8.239999771118164,8.3100004196167,8.270000457763672,2517800.0,5.23154354095459
2013-01-09,8.359999656677246,8.300000190734863,8.329999923706055,8.300000190734863,2322600.0,5.250520706176758
2013-01-10,8.479999542236328,8.260000228881836,8.279999732971191,8.40999984741211,3668600.0,5.449449062347412
2013-01-11,8.670000076293945,8.520000457763672,8.529999732971191,8.579999923706055,4047000.0,5.559604644775391
2013-01-14,8.680000305175781,8.550000190734863,8.649999618530273,8.649999618530273,2503100.0,5.604961395263672
2013-01-15,8.619999885559082,8.460000038146973,8.470000267028809,8.5600004196167,3099400.0,5.54664421081543
2013-01-16,8.529999732971191,8.399999618530273,8.4399995803833,8.479999542236328,3357400.0,5.49480676651001
2013-01-17,8.609999656677246,8.520000457763672,8.609999656677246,8.579999923706055,2725200.0,5.559604644775391
2013-01-18,8.59000015258789,8.510000228881836,8.5600004196167,8.5600004196167,1829800.0,5.54664421081543
2013-01-22,8.630000114440918,8.510000228881836,8.5600004196167,8.600000381469727,2824700.0,5.572563648223877
2013-01-23,8.59000015258789,8.510000228881836,8.5600004196167,8.5600004196167,2293200.0,5.54664421081543
2013-01-24,8.680000305175781,8.5600004196167,8.5600004196167,8.619999885559082,2883700.0,5.5855231285095215
2013-01-25,8.859999656677246,8.710000038146973,8.729999542236328,8.8100004196167,5457800.0,5.708638668060303
2013-01-28,8.819999694824219,8.720000267028809,8.8100004196167,8.770000457763672,2200200.0,5.682718753814697
2013-01-29,8.75,8.649999618530273,8.680000305175781,8.739999771118164,1942700.0,5.663279056549072
2013-01-30,8.720000267028809,8.630000114440918,8.65999984741211,8.65999984741211,3428100.0,5.611440658569336
2013-01-31,8.460000038146973,8.180000305175781,8.420000076293945,8.180000305175781,11247400.0,5.300414562225342
2013-02-01,8.270000457763672,8.050000190734863,8.140000343322754,8.270000457763672,6750800.0,5.3587327003479
2013-02-04,7.980000019073486,7.650000095367432,7.940000057220459,7.670000076293945,14277600.0,4.969950199127197
2013-02-05,7.980000019073486,7.860000133514404,7.880000114440918,7.920000076293945,6849300.0,5.1319427490234375
2013-02-06,7.949999809265137,7.829999923706055,7.860000133514404,7.929999828338623,5164100.0,5.138421535491943
2013-02-07,7.96999979019165,7.699999809265137,7.96999979019165,7.760000228881836,6181700.0,5.028266906738281
2013-02-08,8.010000228881836,7.889999866485596,7.900000095367432,7.980000019073486,4495600.0,5.170820236206055
2013-02-11,7.940000057220459,7.849999904632568,7.929999828338623,7.900000095367432,2172100.0,5.118981838226318
2013-02-12,8.140000343322754,7.929999828338623,7.980000019073486,8.079999923706055,4636500.0,5.2356181144714355
2013-02-13,8.170000076293945,8.0600004196167,8.119999885559082,8.079999923706055,4043000.0,5.2356181144714355
2013-02-14,8.0,7.829999923706055,7.849999904632568,7.960000038146973,3375000.0,5.157861709594727
2013-02-15,7.980000019073486,7.800000190734863,7.949999809265137,7.829999923706055,4162000.0,5.073624610900879
2013-02-19,8.0,7.920000076293945,7.960000038146973,7.980000019073486,3143600.0,5.170820236206055
2013-02-20,7.929999828338623,7.710000038146973,7.909999847412109,7.710000038146973,4330900.0,4.995867729187012
2013-02-21,7.590000152587891,7.510000228881836,7.570000171661377,7.519999980926514,6397900.0,4.872753143310547
2013-02-22,7.769999980926514,7.570000171661377,7.650000095367432,7.769999980926514,5899500.0,5.034746170043945
2013-02-25,8.050000190734863,7.309999942779541,8.029999732971191,7.320000171661377,15416800.0,4.74315881729126
2013-02-26,7.550000190734863,7.320000171661377,7.489999771118164,7.400000095367432,11237000.0,4.7949957847595215
2013-02-27,7.630000114440918,7.360000133514404,7.380000114440918,7.599999904632568,4970500.0,4.924591064453125
2013-02-28,7.639999866485596,7.5,7.559999942779541,7.579999923706055,3313500.0,4.9116315841674805
2013-03-01,7.5,7.320000171661377,7.380000114440918,7.489999771118164,5225900.0,4.853313446044922
2013-03-04,7.570000171661377,7.460000038146973,7.480000019073486,7.510000228881836,4651200.0,4.866273403167725
2013-03-05,7.659999847412109,7.579999923706055,7.590000152587891,7.630000114440918,4133800.0,4.944029808044434
2013-03-06,7.670000076293945,7.510000228881836,7.659999847412109,7.559999942779541,4016000.0,4.898672580718994
2013-03-07,7.650000095367432,7.559999942779541,7.590000152587891,7.639999866485596,2302700.0,4.950509071350098
2013-03-08,7.800000190734863,7.670000076293945,7.71999979019165,7.78000020980835,3495000.0,5.041225433349609
2013-03-11,7.739999771118164,7.639999866485596,7.670000076293945,7.739999771118164,2872300.0,5.01530647277832
2013-03-12,7.699999809265137,7.590000152587891,7.699999809265137,7.639999866485596,3128700.0,4.950509071350098
2013-03-13,7.630000114440918,7.5,7.579999923706055,7.610000133514404,4830100.0,4.931070804595947
2013-03-14,7.78000020980835,7.690000057220459,7.710000038146973,7.760000228881836,3836400.0,5.028266906738281
2013-03-15,7.809999942779541,7.690000057220459,7.769999980926514,7.78000020980835,2405500.0,5.041225433349609
2013-03-18,7.619999885559082,7.449999809265137,7.480000019073486,7.489999771118164,6868300.0,4.853313446044922
2013-03-19,7.489999771118164,7.130000114440918,7.460000038146973,7.289999961853027,12867000.0,4.723720073699951
2013-03-20,7.460000038146973,7.349999904632568,7.440000057220459,7.389999866485596,4230200.0,4.788516998291016
2013-03-21,7.389999866485596,7.179999828338623,7.239999771118164,7.28000020980835,5742700.0,4.717239856719971
2013-03-22,7.400000095367432,7.260000228881836,7.360000133514404,7.320000171661377,3839300.0,4.74315881729126
2013-03-25,7.329999923706055,6.920000076293945,7.309999942779541,7.03000020980835,17417600.0,4.555246353149414
2013-03-26,6.980000019073486,6.809999942779541,6.920000076293945,6.829999923706055,17056200.0,4.425652980804443
2013-03-27,6.800000190734863,6.579999923706055,6.650000095367432,6.769999980926514,10018400.0,4.386773109436035
2013-03-28,6.840000152587891,6.730000019073486,6.789999961853027,6.809999942779541,6457100.0,4.412692070007324
2013-04-01,6.889999866485596,6.760000228881836,6.880000114440918,6.789999961853027,9992800.0,4.399733543395996
2013-04-02,6.980000019073486,6.800000190734863,6.809999942779541,6.900000095367432,12614200.0,4.471009254455566
2013-04-03,6.920000076293945,6.730000019073486,6.900000095367432,6.769999980926514,12601100.0,4.386773109436035
2013-04-04,6.840000152587891,6.690000057220459,6.769999980926514,6.789999961853027,11264200.0,4.399733543395996
2013-04-05,6.889999866485596,6.699999809265137,6.760000228881836,6.869999885559082,6232300.0,4.4515700340271
2013-04-08,6.900000095367432,6.75,6.880000114440918,6.78000020980835,10476200.0,4.393254280090332
2013-04-09,6.829999923706055,6.659999847412109,6.710000038146973,6.789999961853027,6545400.0,4.530708312988281
2013-04-10,7.150000095367432,7.019999980926514,7.050000190734863,7.050000190734863,9547500.0,4.704198837280273
2013-04-11,7.170000076293945,7.03000020980835,7.070000171661377,7.079999923706055,5346000.0,4.724216461181641
2013-04-12,7.0,6.849999904632568,6.949999809265137,7.0,6024300.0,4.670834064483643
2013-04-15,6.949999809265137,6.789999961853027,6.900000095367432,6.789999961853027,6045700.0,4.530708312988281
2013-04-16,7.010000228881836,6.900000095367432,6.96999979019165,6.940000057220459,4719600.0,4.63079833984375
2013-04-17,6.880000114440918,6.710000038146973,6.880000114440918,6.789999961853027,4629200.0,4.530708312988281
2013-04-18,6.849999904632568,6.699999809265137,6.809999942779541,6.800000190734863,3033800.0,4.53738260269165
2013-04-19,6.949999809265137,6.820000171661377,6.880000114440918,6.900000095367432,2694700.0,4.604106903076172
2013-04-22,7.039999961853027,6.929999828338623,6.960000038146973,6.989999771118164,2861700.0,4.664162635803223
2013-04-23,7.329999923706055,7.21999979019165,7.239999771118164,7.309999942779541,9314600.0,4.877686023712158
2013-04-24,7.380000114440918,7.25,7.269999980926514,7.329999923706055,4041100.0,4.891031265258789
2013-04-25,7.21999979019165,7.099999904632568,7.099999904632568,7.130000114440918,5251100.0,4.757577896118164
2013-04-26,7.139999866485596,7.059999942779541,7.079999923706055,7.139999866485596,3687800.0,4.764251232147217
2013-04-29,7.369999885559082,7.21999979019165,7.239999771118164,7.320000171661377,8928300.0,4.884358882904053
2013-04-30,7.340000152587891,7.190000057220459,7.320000171661377,7.25,3792100.0,4.837649345397949
2013-05-01,7.289999961853027,7.039999961853027,7.039999961853027,7.159999847412109,2539400.0,4.777595520019531
2013-05-02,7.230000019073486,7.090000152587891,7.119999885559082,7.21999979019165,3115000.0,4.817631244659424
2013-05-03,7.360000133514404,7.230000019073486,7.289999961853027,7.289999961853027,4974100.0,4.864340305328369
2013-05-06,7.300000190734863,7.210000038146973,7.269999980926514,7.28000020980835,2864000.0,4.857667446136475
2013-05-07,7.420000076293945,7.300000190734863,7.400000095367432,7.380000114440918,3814200.0,4.924394130706787
2013-05-08,7.46999979019165,7.360000133514404,7.440000057220459,7.46999979019165,4908600.0,4.984448432922363
2013-05-09,7.409999847412109,7.289999961853027,7.369999885559082,7.309999942779541,9754300.0,4.877686023712158
2013-05-10,7.21999979019165,7.130000114440918,7.190000057220459,7.199999809265137,4063800.0,4.804287910461426
2013-05-13,7.070000171661377,6.989999771118164,7.019999980926514,7.050000190734863,6052200.0,4.704198837280273
2013-05-14,7.010000228881836,6.929999828338623,6.949999809265137,7.010000228881836,9654400.0,4.677506923675537
2013-05-15,7.090000152587891,6.96999979019165,7.010000228881836,7.079999923706055,4661400.0,4.724216461181641
2013-05-16,7.099999904632568,7.010000228881836,7.090000152587891,7.03000020980835,5075200.0,4.69085168838501
2013-05-17,7.179999828338623,7.059999942779541,7.090000152587891,7.159999847412109,5999300.0,4.777595520019531
2013-05-20,7.110000133514404,7.019999980926514,7.039999961853027,7.110000133514404,4984400.0,4.744233131408691
2013-05-21,7.090000152587891,6.949999809265137,7.039999961853027,7.059999942779541,8110500.0,4.710869789123535
2013-05-22,7.159999847412109,6.96999979019165,7.03000020980835,7.050000190734863,13764100.0,4.704198837280273
2013-05-23,7.070000171661377,6.909999847412109,6.949999809265137,7.050000190734863,6283400.0,4.704198837280273
2013-05-24,6.980000019073486,6.869999885559082,6.909999847412109,6.96999979019165,10479300.0,4.650816917419434
2013-05-28,7.300000190734863,7.130000114440918,7.28000020980835,7.150000095367432,9439200.0,4.770924091339111
2013-05-29,7.320000171661377,7.25,7.28000020980835,7.289999961853027,5926800.0,4.864340305328369
2013-05-30,7.409999847412109,7.260000228881836,7.289999961853027,7.329999923706055,6027200.0,4.891031265258789
2013-05-31,7.289999961853027,7.199999809265137,7.239999771118164,7.199999809265137,11946900.0,4.804287910461426
2013-06-03,7.300000190734863,7.179999828338623,7.21999979019165,7.300000190734863,8363700.0,4.871012210845947
2013-06-04,7.409999847412109,7.28000020980835,7.369999885559082,7.369999885559082,6305300.0,4.917719841003418
2013-06-05,7.340000152587891,7.210000038146973,7.329999923706055,7.230000019073486,4612500.0,4.824305534362793
2013-06-06,7.269999980926514,7.139999866485596,7.210000038146973,7.269999980926514,5348200.0,4.850995063781738
2013-06-07,7.300000190734863,7.179999828338623,7.239999771118164,7.21999979019165,3632000.0,4.817631244659424
2013-06-10,7.239999771118164,7.119999885559082,7.199999809265137,7.210000038146973,3509000.0,4.810959815979004
2013-06-11,7.070000171661377,6.949999809265137,6.96999979019165,7.010000228881836,13395700.0,4.677506923675537
2013-06-12,7.170000076293945,7.010000228881836,7.159999847412109,7.019999980926514,5610600.0,4.684179782867432
2013-06-13,7.119999885559082,7.0,7.019999980926514,7.090000152587891,5087200.0,4.730888366699219
2013-06-14,7.139999866485596,7.019999980926514,7.079999923706055,7.059999942779541,4178400.0,4.710869789123535
2013-06-17,7.159999847412109,7.039999961853027,7.130000114440918,7.079999923706055,2808100.0,4.724216461181641
2013-06-18,7.159999847412109,7.110000133514404,7.130000114440918,7.110000133514404,2936800.0,4.744233131408691
2013-06-19,7.110000133514404,6.940000057220459,7.079999923706055,6.960000038146973,10236300.0,4.644144535064697
2013-06-20,6.840000152587891,6.630000114440918,6.789999961853027,6.650000095367432,28097100.0,4.43729305267334
2013-06-21,6.639999866485596,6.5,6.630000114440918,6.570000171661377,18376700.0,4.383912086486816
2013-06-24,6.5,6.309999942779541,6.349999904632568,6.460000038146973,10054100.0,4.310513019561768
2013-06-25,6.519999980926514,6.380000114440918,6.5,6.46999979019165,12838400.0,4.317185401916504
2013-06-26,6.659999847412109,6.610000133514404,6.650000095367432,6.639999866485596,8240100.0,4.430620193481445
2013-06-27,6.570000171661377,6.449999809265137,6.539999961853027,6.53000020980835,11072800.0,4.3572211265563965
2013-06-28,6.480000019073486,6.389999866485596,6.429999828338623,6.46999979019165,10670700.0,4.317185401916504
2013-07-01,6.690000057220459,6.570000171661377,6.599999904632568,6.590000152587891,4501000.0,4.397256851196289
2013-07-02,6.650000095367432,6.510000228881836,6.619999885559082,6.550000190734863,3269200.0,4.370567321777344
2013-07-03,6.480000019073486,6.349999904632568,6.389999866485596,6.460000038146973,3846400.0,4.310513019561768
2013-07-05,6.599999904632568,6.46999979019165,6.599999904632568,6.519999980926514,4207500.0,4.350547790527344
2013-07-08,6.75,6.619999885559082,6.639999866485596,6.699999809265137,10697500.0,4.470655918121338
2013-07-09,6.730000019073486,6.590000152587891,6.71999979019165,6.670000076293945,5854900.0,4.450639247894287
2013-07-10,6.460000038146973,6.369999885559082,6.400000095367432,6.429999828338623,5658800.0,4.420389652252197
2013-07-11,6.559999942779541,6.489999771118164,6.539999961853027,6.550000190734863,3699600.0,4.502885818481445
2013-07-12,6.460000038146973,6.360000133514404,6.420000076293945,6.449999809265137,4934900.0,4.434139728546143
2013-07-15,6.5,6.420000076293945,6.449999809265137,6.46999979019165,6191500.0,4.447888374328613
2013-07-16,6.46999979019165,6.380000114440918,6.409999847412109,6.429999828338623,7884700.0,4.420389652252197
2013-07-17,6.53000020980835,6.449999809265137,6.480000019073486,6.489999771118164,3590900.0,4.461637020111084
2013-07-18,6.659999847412109,6.550000190734863,6.550000190734863,6.610000133514404,4400900.0,4.54413366317749
2013-07-19,6.610000133514404,6.550000190734863,6.570000171661377,6.599999904632568,2351900.0,4.537258148193359
2013-07-22,6.699999809265137,6.599999904632568,6.630000114440918,6.679999828338623,5583200.0,4.592255592346191
2013-07-23,6.869999885559082,6.789999961853027,6.820000171661377,6.840000152587891,8116000.0,4.702249050140381
2013-07-24,6.989999771118164,6.909999847412109,6.940000057220459,6.989999771118164,7217500.0,4.8053693771362305
2013-07-25,7.25,7.070000171661377,7.079999923706055,7.21999979019165,11514900.0,4.9634857177734375
2013-07-26,7.289999961853027,7.199999809265137,7.260000228881836,7.289999961853027,8710200.0,5.011606693267822
2013-07-29,7.300000190734863,7.210000038146973,7.260000228881836,7.300000190734863,9238700.0,5.0184831619262695
2013-07-30,7.309999942779541,7.21999979019165,7.25,7.260000228881836,4806500.0,4.990984916687012
2013-07-31,7.389999866485596,7.210000038146973,7.21999979019165,7.320000171661377,6082400.0,5.032231330871582
2013-08-01,7.389999866485596,7.300000190734863,7.320000171661377,7.369999885559082,5698900.0,5.066605567932129
2013-08-02,7.389999866485596,7.300000190734863,7.309999942779541,7.369999885559082,4089900.0,5.066605567932129
2013-08-05,7.360000133514404,7.300000190734863,7.329999923706055,7.360000133514404,3212600.0,5.059730529785156
2013-08-06,7.380000114440918,7.260000228881836,7.369999885559082,7.360000133514404,3707700.0,5.059730529785156
2013-08-07,7.5,7.340000152587891,7.360000133514404,7.449999809265137,4912600.0,5.121602535247803
2013-08-08,7.639999866485596,7.489999771118164,7.510000228881836,7.610000133514404,7901800.0,5.231595993041992
2013-08-09,7.659999847412109,7.579999923706055,7.590000152587891,7.590000152587891,5158600.0,5.217848300933838
2013-08-12,7.579999923706055,7.510000228881836,7.519999980926514,7.559999942779541,3745400.0,5.197223663330078
2013-08-13,7.619999885559082,7.510000228881836,7.559999942779541,7.590000152587891,3994100.0,5.217848300933838
2013-08-14,7.710000038146973,7.579999923706055,7.599999904632568,7.690000057220459,7049000.0,5.286593914031982
2013-08-15,7.610000133514404,7.449999809265137,7.559999942779541,7.610000133514404,8498100.0,5.231595993041992
2013-08-16,7.809999942779541,7.71999979019165,7.739999771118164,7.78000020980835,9601600.0,5.348464488983154
2013-08-19,7.650000095367432,7.510000228881836,7.650000095367432,7.550000190734863,5611200.0,5.190348148345947
2013-08-20,7.5,7.340000152587891,7.429999828338623,7.460000038146973,6575100.0,5.128476619720459
2013-08-21,7.460000038146973,7.340000152587891,7.389999866485596,7.369999885559082,3421300.0,5.066605567932129
2013-08-22,7.550000190734863,7.489999771118164,7.510000228881836,7.53000020980835,3366000.0,5.176599979400635
2013-08-23,7.639999866485596,7.570000171661377,7.619999885559082,7.619999885559082,3378900.0,5.238471508026123
2013-08-26,7.570000171661377,7.510000228881836,7.559999942779541,7.519999980926514,4087500.0,5.169724464416504
2013-08-27,7.369999885559082,7.21999979019165,7.300000190734863,7.239999771118164,9030900.0,4.977235794067383
2013-08-28,7.289999961853027,7.130000114440918,7.159999847412109,7.230000019073486,5351500.0,4.97036075592041
2013-08-29,7.25,7.159999847412109,7.179999828338623,7.21999979019165,3659100.0,4.9634857177734375
2013-08-30,7.179999828338623,7.070000171661377,7.170000076293945,7.110000133514404,7532600.0,4.88786506652832
2013-09-03,7.25,7.150000095367432,7.210000038146973,7.230000019073486,7451700.0,4.97036075592041
2013-09-04,7.260000228881836,7.130000114440918,7.150000095367432,7.190000057220459,9113700.0,4.942861557006836
2013-09-05,7.28000020980835,7.179999828338623,7.210000038146973,7.230000019073486,5359900.0,4.97036075592041
2013-09-06,7.349999904632568,7.230000019073486,7.340000152587891,7.300000190734863,4884300.0,5.0184831619262695
2013-09-09,7.449999809265137,7.349999904632568,7.349999904632568,7.420000076293945,5897700.0,5.100979328155518
2013-09-10,7.579999923706055,7.510000228881836,7.539999961853027,7.550000190734863,9409300.0,5.190348148345947
2013-09-11,7.659999847412109,7.579999923706055,7.610000133514404,7.650000095367432,4019900.0,5.259096622467041
2013-09-12,7.730000019073486,7.639999866485596,7.690000057220459,7.650000095367432,4307800.0,5.259096622467041
2013-09-13,7.679999828338623,7.599999904632568,7.650000095367432,7.659999847412109,3824600.0,5.265969753265381
2013-09-16,7.769999980926514,7.679999828338623,7.75,7.690000057220459,4242000.0,5.286593914031982
2013-09-17,7.739999771118164,7.699999809265137,7.730000019073486,7.71999979019165,3921600.0,5.307217121124268
2013-09-18,8.149999618530273,7.800000190734863,7.840000152587891,8.149999618530273,12182500.0,5.602828502655029
2013-09-19,8.09000015258789,7.980000019073486,8.069999694824219,8.039999961853027,8831600.0,5.527205944061279
2013-09-20,8.09000015258789,7.980000019073486,8.039999961853027,7.989999771118164,4732000.0,5.492831707000732
2013-09-23,8.029999732971191,7.920000076293945,8.020000457763672,7.980000019073486,5055800.0,5.485958099365234
2013-09-24,8.130000114440918,8.020000457763672,8.039999961853027,8.069999694824219,6212300.0,5.547828674316406
2013-09-25,8.220000267028809,8.100000381469727,8.109999656677246,8.180000305175781,7792500.0,5.62345027923584
2013-09-26,8.25,8.15999984741211,8.210000038146973,8.199999809265137,3863900.0,5.637200355529785
2013-09-27,8.25,8.170000076293945,8.210000038146973,8.210000038146973,4217800.0,5.6440749168396
2013-09-30,8.210000038146973,8.079999923706055,8.09000015258789,8.170000076293945,4981700.0,5.616575717926025
2013-10-01,8.350000381469727,8.25,8.270000457763672,8.3100004196167,5609900.0,5.7128214836120605
2013-10-02,8.479999542236328,8.350000381469727,8.399999618530273,8.470000267028809,5515200.0,5.822815418243408
2013-10-03,8.40999984741211,8.34000015258789,8.380000114440918,8.369999885559082,5282400.0,5.754068851470947
2013-10-04,8.670000076293945,8.5,8.520000457763672,8.65999984741211,8002000.0,5.953432083129883
2013-10-07,8.649999618530273,8.539999961853027,8.569999694824219,8.609999656677246,4227100.0,5.9190592765808105
2013-10-08,8.609999656677246,8.449999809265137,8.59000015258789,8.449999809265137,5637600.0,5.809065341949463
2013-10-09,8.680000305175781,8.550000190734863,8.579999923706055,8.609999656677246,5648300.0,5.9190592765808105
2013-10-10,8.819999694824219,8.680000305175781,8.680000305175781,8.75,10840600.0,6.1612868309021
2013-10-11,8.710000038146973,8.609999656677246,8.670000076293945,8.640000343322754,8746000.0,6.083830833435059
2013-10-14,8.8100004196167,8.649999618530273,8.670000076293945,8.770000457763672,4653800.0,6.175371170043945
2013-10-15,8.880000114440918,8.760000228881836,8.779999732971191,8.850000381469727,5799600.0,6.231701374053955
2013-10-16,9.09000015258789,8.989999771118164,9.0,9.09000015258789,9075300.0,6.400696277618408
2013-10-17,9.289999961853027,9.050000190734863,9.069999694824219,9.270000457763672,9649700.0,6.527442932128906
2013-10-18,9.289999961853027,9.239999771118164,9.270000457763672,9.289999961853027,5272800.0,6.5415263175964355
2013-10-21,9.289999961853027,9.199999809265137,9.239999771118164,9.220000267028809,5283100.0,6.492234230041504
2013-10-22,9.319999694824219,9.229999542236328,9.239999771118164,9.279999732971191,5202700.0,6.53448486328125
2013-10-23,9.069999694824219,8.930000305175781,9.029999732971191,8.989999771118164,13658400.0,6.3302812576293945
2013-10-24,9.199999809265137,9.010000228881836,9.079999923706055,9.0600004196167,11643700.0,6.379572868347168
2013-10-25,9.020000457763672,8.9399995803833,9.0,8.970000267028809,9564900.0,6.316197395324707
2013-10-28,8.84000015258789,8.65999984741211,8.829999923706055,8.8100004196167,11427400.0,6.203536510467529
2013-10-29,8.949999809265137,8.880000114440918,8.920000076293945,8.920000076293945,5057400.0,6.2809929847717285
2013-10-30,8.90999984741211,8.829999923706055,8.880000114440918,8.84000015258789,3924800.0,6.2246599197387695
2013-10-31,8.970000267028809,8.800000190734863,8.890000343322754,8.90999984741211,5075000.0,6.27394962310791
2013-11-01,8.880000114440918,8.729999542236328,8.859999656677246,8.829999923706055,4142400.0,6.217618942260742
2013-11-04,8.890000343322754,8.8100004196167,8.84000015258789,8.890000343322754,4445700.0,6.2598676681518555
2013-11-05,8.739999771118164,8.59000015258789,8.680000305175781,8.710000038146973,5101800.0,6.133120536804199
2013-11-06,8.880000114440918,8.770000457763672,8.8100004196167,8.84000015258789,2825100.0,6.2246599197387695
2013-11-07,8.930000305175781,8.600000381469727,8.869999885559082,8.600000381469727,6944400.0,6.055663585662842
2013-11-08,8.619999885559082,8.510000228881836,8.550000190734863,8.619999885559082,4846700.0,6.069746971130371
2013-11-11,8.720000267028809,8.529999732971191,8.680000305175781,8.699999809265137,2695600.0,6.126079082489014
2013-11-12,8.710000038146973,8.600000381469727,8.65999984741211,8.630000114440918,2435000.0,6.076789379119873
2013-11-13,8.640000343322754,8.520000457763672,8.529999732971191,8.619999885559082,6840700.0,6.069746971130371
2013-11-14,8.649999618530273,8.470000267028809,8.520000457763672,8.600000381469727,7514700.0,6.055663585662842
2013-11-15,8.65999984741211,8.59000015258789,8.640000343322754,8.649999618530273,3685100.0,6.090871334075928
2013-11-18,8.819999694824219,8.729999542236328,8.789999961853027,8.760000228881836,5136800.0,6.168327808380127
2013-11-19,8.710000038146973,8.600000381469727,8.670000076293945,8.640000343322754,4304200.0,6.083830833435059
2013-11-20,8.6899995803833,8.460000038146973,8.630000114440918,8.489999771118164,4534000.0,5.978207588195801
2013-11-21,8.649999618530273,8.579999923706055,8.619999885559082,8.619999885559082,3253600.0,6.069746971130371
2013-11-22,8.789999961853027,8.699999809265137,8.720000267028809,8.770000457763672,4412800.0,6.175371170043945
2013-11-25,8.760000228881836,8.6899995803833,8.739999771118164,8.720000267028809,3552500.0,6.140162467956543
2013-11-26,8.800000190734863,8.710000038146973,8.720000267028809,8.75,7090200.0,6.1612868309021
2013-11-27,8.920000076293945,8.84000015258789,8.859999656677246,8.890000343322754,6398000.0,6.2598676681518555
2013-11-29,9.010000228881836,8.90999984741211,8.989999771118164,8.9399995803833,5476200.0,6.295073509216309
2013-12-02,8.890000343322754,8.779999732971191,8.859999656677246,8.789999961853027,6376800.0,6.189452648162842
2013-12-03,8.800000190734863,8.6899995803833,8.720000267028809,8.75,9718100.0,6.1612868309021
2013-12-04,8.6899995803833,8.579999923706055,8.609999656677246,8.640000343322754,9382900.0,6.083830833435059
2013-12-05,8.649999618530273,8.449999809265137,8.630000114440918,8.510000228881836,11214500.0,5.9922919273376465
2013-12-06,8.609999656677246,8.449999809265137,8.529999732971191,8.600000381469727,4830100.0,6.055663585662842
2013-12-09,8.680000305175781,8.619999885559082,8.630000114440918,8.649999618530273,3013700.0,6.090871334075928
2013-12-10,8.6899995803833,8.619999885559082,8.630000114440918,8.640000343322754,2466800.0,6.083830833435059
2013-12-11,8.619999885559082,8.470000267028809,8.609999656677246,8.479999542236328,6649200.0,5.971167087554932
2013-12-12,8.40999984741211,8.3100004196167,8.350000381469727,8.380000114440918,6705200.0,5.900751113891602
2013-12-13,8.430000305175781,8.329999923706055,8.420000076293945,8.390000343322754,5671400.0,5.90779447555542
2013-12-16,8.600000381469727,8.510000228881836,8.550000190734863,8.550000190734863,5300100.0,6.0204572677612305
2013-12-17,8.479999542236328,8.369999885559082,8.470000267028809,8.4399995803833,6071400.0,5.9430012702941895
2013-12-18,8.619999885559082,8.4399995803833,8.520000457763672,8.619999885559082,7834000.0,6.069746971130371
2013-12-19,8.699999809265137,8.600000381469727,8.609999656677246,8.6899995803833,5981900.0,6.119039058685303
2013-12-20,8.760000228881836,8.670000076293945,8.6899995803833,8.739999771118164,4289500.0,6.154244899749756
2013-12-23,8.829999923706055,8.75,8.770000457763672,8.8100004196167,2982700.0,6.203536510467529
2013-12-24,8.899999618530273,8.850000381469727,8.850000381469727,8.890000343322754,1622000.0,6.2598676681518555
2013-12-26,8.970000267028809,8.890000343322754,8.890000343322754,8.960000038146973,2524000.0,6.309157848358154
2013-12-27,9.050000190734863,8.949999809265137,9.0,9.0,4887700.0,6.33732271194458
2013-12-30,9.050000190734863,8.979999542236328,9.010000228881836,9.010000228881836,3935900.0,6.344365119934082
2013-12-31,9.09000015258789,9.0,9.0600004196167,9.069999694824219,3477300.0,6.386614799499512
2014-01-02,8.850000381469727,8.729999542236328,8.84000015258789,8.770000457763672,9482600.0,6.175371170043945
2014-01-03,8.8100004196167,8.739999771118164,8.789999961853027,8.760000228881836,7395500.0,6.168327808380127
2014-01-06,8.949999809265137,8.880000114440918,8.899999618530273,8.90999984741211,6209900.0,6.27394962310791
2014-01-07,9.25,9.130000114440918,9.130000114440918,9.229999542236328,10982900.0,6.499277114868164
2014-01-08,9.34000015258789,9.210000038146973,9.260000228881836,9.289999961853027,9002100.0,6.5415263175964355
2014-01-09,9.289999961853027,9.130000114440918,9.289999961853027,9.199999809265137,10112200.0,6.478152751922607
2014-01-10,9.15999984741211,9.039999961853027,9.050000190734863,9.130000114440918,5196000.0,6.577573299407959
2014-01-13,9.15999984741211,9.010000228881836,9.140000343322754,9.029999732971191,6507000.0,6.505528450012207
2014-01-14,9.220000267028809,9.079999923706055,9.130000114440918,9.199999809265137,4540400.0,6.6280035972595215
2014-01-15,9.399999618530273,9.210000038146973,9.210000038146973,9.399999618530273,6575300.0,6.772089004516602
2014-01-16,9.3100004196167,9.1899995803833,9.300000190734863,9.260000228881836,4392300.0,6.671228885650635
2014-01-17,9.180000305175781,9.09000015258789,9.15999984741211,9.119999885559082,6602000.0,6.570369720458984
2014-01-21,9.140000343322754,9.039999961853027,9.130000114440918,9.109999656677246,4200600.0,6.563163757324219
2014-01-22,9.039999961853027,8.960000038146973,9.029999732971191,9.0,5509200.0,6.483916759490967
2014-01-23,9.09000015258789,8.979999542236328,9.09000015258789,9.039999961853027,4544200.0,6.512732982635498
2014-01-24,8.880000114440918,8.670000076293945,8.869999885559082,8.6899995803833,12963000.0,6.260581970214844
2014-01-27,8.739999771118164,8.520000457763672,8.670000076293945,8.600000381469727,8006300.0,6.195742130279541
2014-01-28,8.829999923706055,8.720000267028809,8.729999542236328,8.789999961853027,6934100.0,6.3326239585876465
2014-01-29,8.779999732971191,8.609999656677246,8.640000343322754,8.710000038146973,6716700.0,6.274990081787109
2014-01-30,8.84000015258789,8.680000305175781,8.789999961853027,8.8100004196167,6665200.0,6.347034454345703
2014-01-31,8.739999771118164,8.59000015258789,8.59000015258789,8.640000343322754,8014900.0,6.224560260772705
2014-02-03,8.609999656677246,8.350000381469727,8.59000015258789,8.359999656677246,7885400.0,6.022837162017822
2014-02-04,8.569999694824219,8.470000267028809,8.529999732971191,8.539999961853027,4928500.0,6.152514934539795
2014-02-05,8.680000305175781,8.539999961853027,8.539999961853027,8.649999618530273,5216300.0,6.2317633628845215
2014-02-06,8.869999885559082,8.6899995803833,8.699999809265137,8.859999656677246,4610100.0,6.383053779602051
2014-02-07,9.029999732971191,8.890000343322754,8.960000038146973,9.020000457763672,4547400.0,6.498326301574707
2014-02-10,8.859999656677246,8.779999732971191,8.829999923706055,8.829999923706055,9282400.0,6.361443996429443
2014-02-11,9.0,8.819999694824219,8.819999694824219,8.979999542236328,4990400.0,6.469507217407227
2014-02-12,8.920000076293945,8.850000381469727,8.880000114440918,8.880000114440918,5049800.0,6.397464275360107
2014-02-13,8.989999771118164,8.75,8.75,8.979999542236328,4995700.0,6.469507217407227
2014-02-14,9.020000457763672,8.949999809265137,9.0,8.989999771118164,5458800.0,6.476710796356201
2014-02-18,9.020000457763672,8.9399995803833,8.989999771118164,8.989999771118164,2709800.0,6.476710796356201
2014-02-19,9.039999961853027,8.890000343322754,8.9399995803833,8.899999618530273,5341700.0,6.411872386932373
2014-02-20,8.970000267028809,8.850000381469727,8.899999618530273,8.930000305175781,2622500.0,6.43348503112793
2014-02-21,9.260000228881836,8.869999885559082,8.899999618530273,8.899999618530273,3551400.0,6.411872386932373
2014-02-24,9.140000343322754,8.979999542236328,8.989999771118164,9.109999656677246,7191800.0,6.563163757324219
2014-02-25,9.140000343322754,9.050000190734863,9.109999656677246,9.079999923706055,4059200.0,6.54155158996582
2014-02-26,9.069999694824219,9.0,9.050000190734863,9.050000190734863,3077600.0,6.519938945770264
2014-02-27,9.069999694824219,8.949999809265137,8.989999771118164,9.050000190734863,2674000.0,6.519938945770264
2014-02-28,9.109999656677246,9.0,9.039999961853027,9.050000190734863,3887000.0,6.519938945770264
2014-03-03,8.920000076293945,8.779999732971191,8.859999656677246,8.800000190734863,6950600.0,6.339829444885254
2014-03-04,9.039999961853027,8.960000038146973,8.979999542236328,8.989999771118164,6369300.0,6.476710796356201
2014-03-05,9.180000305175781,9.069999694824219,9.09000015258789,9.149999618530273,4326700.0,6.591980934143066
2014-03-06,9.329999923706055,9.25,9.279999732971191,9.270000457763672,6501800.0,6.678435325622559
2014-03-07,9.270000457763672,9.119999885559082,9.270000457763672,9.170000076293945,3527200.0,6.60638952255249
2014-03-10,9.210000038146973,9.079999923706055,9.15999984741211,9.210000038146973,2244600.0,6.635209083557129
2014-03-11,9.220000267028809,9.079999923706055,9.149999618530273,9.119999885559082,3645700.0,6.570369720458984
2014-03-12,9.09000015258789,8.960000038146973,9.029999732971191,9.09000015258789,4201100.0,6.548754692077637
2014-03-13,9.15999984741211,8.890000343322754,9.140000343322754,8.890000343322754,7145600.0,6.404669284820557
2014-03-14,8.90999984741211,8.760000228881836,8.8100004196167,8.869999885559082,10560700.0,6.3902587890625
2014-03-17,9.039999961853027,8.9399995803833,8.949999809265137,8.979999542236328,5312300.0,6.469507217407227
2014-03-18,9.140000343322754,9.029999732971191,9.069999694824219,9.130000114440918,3943000.0,6.577573299407959
2014-03-19,9.119999885559082,8.880000114440918,9.100000381469727,8.9399995803833,6060700.0,6.440690994262695
2014-03-20,9.050000190734863,8.880000114440918,8.90999984741211,9.010000228881836,4001200.0,6.491119861602783
2014-03-21,9.069999694824219,8.9399995803833,9.029999732971191,8.979999542236328,5239500.0,6.469507217407227
2014-03-24,9.010000228881836,8.850000381469727,8.989999771118164,9.0,5011700.0,6.483916759490967
2014-03-25,9.109999656677246,9.0,9.029999732971191,9.079999923706055,9559600.0,6.54155158996582
2014-03-26,9.239999771118164,9.149999618530273,9.220000267028809,9.170000076293945,6579400.0,6.60638952255249
2014-03-27,9.25,9.15999984741211,9.1899995803833,9.25,3660600.0,6.664026260375977
2014-03-28,9.399999618530273,9.319999694824219,9.329999923706055,9.390000343322754,5968500.0,6.764886379241943
2014-03-31,9.670000076293945,9.550000190734863,9.600000381469727,9.579999923706055,6297400.0,6.901768684387207
2014-04-01,9.800000190734863,9.710000038146973,9.800000190734863,9.779999732971191,7079100.0,7.0458550453186035
2014-04-02,9.729999542236328,9.65999984741211,9.670000076293945,9.729999542236328,4272600.0,7.009833335876465
2014-04-03,9.90999984741211,9.8100004196167,9.819999694824219,9.880000114440918,4600600.0,7.117898941040039
2014-04-04,9.960000038146973,9.789999961853027,9.890000343322754,9.789999961853027,8380000.0,7.053061008453369
2014-04-07,9.949999809265137,9.8100004196167,9.90999984741211,9.899999618530273,6271600.0,7.13230562210083
2014-04-08,9.979999542236328,9.8100004196167,9.84000015258789,9.930000305175781,5608400.0,7.153921604156494
2014-04-09,9.829999923706055,9.710000038146973,9.800000190734863,9.800000190734863,6177900.0,7.210575103759766
2014-04-10,9.710000038146973,9.539999961853027,9.710000038146973,9.579999923706055,5300700.0,7.048705577850342
2014-04-11,9.699999809265137,9.470000267028809,9.489999771118164,9.579999923706055,4164000.0,7.048705577850342
2014-04-14,9.729999542236328,9.609999656677246,9.65999984741211,9.710000038146973,5016200.0,7.144355773925781
2014-04-15,9.739999771118164,9.510000228881836,9.720000267028809,9.630000114440918,5035200.0,7.085494041442871
2014-04-16,9.800000190734863,9.6899995803833,9.760000228881836,9.800000190734863,3249300.0,7.210575103759766
2014-04-17,9.850000381469727,9.770000457763672,9.800000190734863,9.819999694824219,2345700.0,7.225289344787598
2014-04-21,9.880000114440918,9.779999732971191,9.819999694824219,9.819999694824219,2191700.0,7.225289344787598
2014-04-22,9.880000114440918,9.819999694824219,9.84000015258789,9.859999656677246,2339400.0,7.2547221183776855
2014-04-23,9.8100004196167,9.760000228881836,9.8100004196167,9.800000190734863,2097600.0,7.210575103759766
2014-04-24,9.869999885559082,9.710000038146973,9.789999961853027,9.829999923706055,3065000.0,7.232648849487305
2014-04-25,9.770000457763672,9.65999984741211,9.75,9.720000267028809,3255900.0,7.151713848114014
2014-04-28,9.819999694824219,9.710000038146973,9.739999771118164,9.800000190734863,3171900.0,7.210575103759766
2014-04-29,10.0,9.800000190734863,9.920000076293945,9.819999694824219,11051800.0,7.225289344787598
2014-04-30,9.979999542236328,9.850000381469727,9.859999656677246,9.960000038146973,8439700.0,7.328299522399902
2014-05-01,10.020000457763672,9.880000114440918,10.0,9.989999771118164,5354300.0,7.350372314453125
2014-05-02,10.0,9.920000076293945,9.960000038146973,9.930000305175781,4665300.0,7.3062262535095215
2014-05-05,9.949999809265137,9.800000190734863,9.819999694824219,9.930000305175781,4825000.0,7.3062262535095215
2014-05-06,9.930000305175781,9.859999656677246,9.899999618530273,9.890000343322754,2957700.0,7.276795864105225
2014-05-07,9.989999771118164,9.899999618530273,9.949999809265137,9.949999809265137,8336400.0,7.320941925048828
2014-05-08,10.170000076293945,10.039999961853027,10.0600004196167,10.109999656677246,9623400.0,7.438664436340332
2014-05-09,10.020000457763672,9.90999984741211,10.010000228881836,9.979999542236328,5675500.0,7.343014240264893
2014-05-12,10.050000190734863,9.970000267028809,9.970000267028809,10.029999732971191,4642200.0,7.379802703857422
2014-05-13,10.079999923706055,10.010000228881836,10.039999961853027,10.069999694824219,3614600.0,7.40923547744751
2014-05-14,10.140000343322754,10.079999923706055,10.09000015258789,10.100000381469727,5079100.0,7.431307315826416
2014-05-15,9.979999542236328,9.8100004196167,9.960000038146973,9.850000381469727,10213500.0,7.247365474700928
2014-05-16,10.0600004196167,9.970000267028809,10.010000228881836,10.029999732971191,4996700.0,7.379802703857422
2014-05-19,9.979999542236328,9.930000305175781,9.960000038146973,9.930000305175781,3341400.0,7.3062262535095215
2014-05-20,10.079999923706055,9.979999542236328,10.069999694824219,10.0,6231900.0,7.357731819152832
2014-05-21,10.130000114440918,10.069999694824219,10.09000015258789,10.100000381469727,5502300.0,7.431307315826416
2014-05-22,10.020000457763672,9.949999809265137,9.970000267028809,10.0,3469400.0,7.357731819152832
2014-05-23,10.069999694824219,9.979999542236328,10.010000228881836,10.039999961853027,5467000.0,7.3871612548828125
2014-05-27,10.229999542236328,10.119999885559082,10.210000038146973,10.180000305175781,7603000.0,7.490170478820801
2014-05-28,10.229999542236328,10.15999984741211,10.1899995803833,10.210000038146973,5785200.0,7.512241840362549
2014-05-29,10.1899995803833,10.119999885559082,10.1899995803833,10.130000114440918,5079600.0,7.453383445739746
2014-05-30,10.25,10.180000305175781,10.199999809265137,10.220000267028809,6403500.0,7.519601821899414
2014-06-02,10.25,10.180000305175781,10.239999771118164,10.1899995803833,4369200.0,7.497525691986084
2014-06-03,10.229999542236328,10.15999984741211,10.1899995803833,10.229999542236328,4011100.0,7.52695894241333
2014-06-04,10.229999542236328,10.149999618530273,10.199999809265137,10.15999984741211,9305300.0,7.475453853607178
2014-06-05,10.430000305175781,10.229999542236328,10.369999885559082,10.430000305175781,19901800.0,7.6741132736206055
2014-06-06,10.6899995803833,10.59000015258789,10.640000343322754,10.670000076293945,16477100.0,7.850698471069336
2014-06-09,10.75,10.529999732971191,10.539999961853027,10.75,10435200.0,7.909559726715088
2014-06-10,10.699999809265137,10.550000190734863,10.600000381469727,10.6899995803833,7703200.0,7.865411281585693
2014-06-11,10.600000381469727,10.479999542236328,10.59000015258789,10.539999961853027,4741700.0,7.7550482749938965
2014-06-12,10.579999923706055,10.510000228881836,10.569999694824219,10.550000190734863,5674500.0,7.762404918670654
2014-06-13,10.630000114440918,10.539999961853027,10.600000381469727,10.579999923706055,9227000.0,7.784479141235352
2014-06-16,10.550000190734863,10.460000038146973,10.489999771118164,10.489999771118164,10885000.0,7.718260288238525
2014-06-17,10.470000267028809,10.380000114440918,10.40999984741211,10.460000038146973,3828700.0,7.6961846351623535
2014-06-18,10.600000381469727,10.40999984741211,10.4399995803833,10.59000015258789,5867300.0,7.791837215423584
2014-06-19,10.75,10.649999618530273,10.739999771118164,10.670000076293945,4429500.0,7.850698471069336
2014-06-20,10.630000114440918,10.550000190734863,10.600000381469727,10.59000015258789,6550100.0,7.791837215423584
2014-06-23,10.619999885559082,10.550000190734863,10.579999923706055,10.59000015258789,3336500.0,7.791837215423584
2014-06-24,10.65999984741211,10.529999732971191,10.619999885559082,10.529999732971191,4852600.0,7.747689247131348
2014-06-25,10.510000228881836,10.430000305175781,10.4399995803833,10.470000267028809,5396100.0,7.703542232513428
2014-06-26,10.520000457763672,10.319999694824219,10.510000228881836,10.470000267028809,5792400.0,7.703542232513428
2014-06-27,10.399999618530273,10.319999694824219,10.369999885559082,10.359999656677246,8650700.0,7.622607231140137
2014-06-30,10.4399995803833,10.34000015258789,10.350000381469727,10.420000076293945,4342600.0,7.666754245758057
2014-07-01,10.600000381469727,10.470000267028809,10.489999771118164,10.5600004196167,7160400.0,7.7697649002075195
2014-07-02,10.539999961853027,10.449999809265137,10.470000267028809,10.479999542236328,5067000.0,7.710900783538818
2014-07-03,10.65999984741211,10.550000190734863,10.5600004196167,10.640000343322754,3794100.0,7.828625202178955
2014-07-07,10.40999984741211,10.329999923706055,10.359999656677246,10.399999618530273,5058000.0,7.652037620544434
2014-07-08,10.260000228881836,10.130000114440918,10.25,10.15999984741211,7878800.0,7.475453853607178
2014-07-09,10.399999618530273,10.260000228881836,10.279999732971191,10.399999618530273,7393400.0,7.652037620544434
2014-07-10,9.979999542236328,9.699999809265137,9.779999732971191,9.9399995803833,15662800.0,7.460647106170654
2014-07-11,9.9399995803833,9.829999923706055,9.899999618530273,9.9399995803833,5049600.0,7.460647106170654
2014-07-14,10.079999923706055,10.010000228881836,10.039999961853027,10.050000190734863,4903700.0,7.543208122253418
2014-07-15,9.979999542236328,9.850000381469727,9.960000038146973,9.930000305175781,6142900.0,7.4531402587890625
2014-07-16,10.069999694824219,10.0,10.0600004196167,10.050000190734863,4518500.0,7.543208122253418
2014-07-17,9.989999771118164,9.800000190734863,9.930000305175781,9.800000190734863,7619100.0,7.355565547943115
2014-07-18,9.970000267028809,9.84000015258789,9.899999618530273,9.9399995803833,4675400.0,7.460647106170654
2014-07-21,9.899999618530273,9.8100004196167,9.850000381469727,9.880000114440918,3220800.0,7.415611743927002
2014-07-22,10.050000190734863,9.9399995803833,9.970000267028809,10.039999961853027,3961300.0,7.535701751708984
2014-07-23,10.050000190734863,9.989999771118164,10.029999732971191,10.0,6740000.0,7.505680561065674
2014-07-24,10.220000267028809,10.149999618530273,10.180000305175781,10.180000305175781,7892400.0,7.640783309936523
2014-07-25,10.300000190734863,10.180000305175781,10.260000228881836,10.220000267028809,5387200.0,7.670804977416992
2014-07-28,10.1899995803833,10.09000015258789,10.170000076293945,10.15999984741211,6774700.0,7.625770568847656
2014-07-29,10.239999771118164,10.140000343322754,10.220000267028809,10.140000343322754,9661900.0,7.610757827758789
2014-07-30,10.329999923706055,10.199999809265137,10.300000190734863,10.289999961853027,8019000.0,7.7233428955078125
2014-07-31,10.140000343322754,9.970000267028809,10.0600004196167,9.970000267028809,8000500.0,7.483160495758057
2014-08-01,10.039999961853027,9.8100004196167,9.979999542236328,9.899999618530273,17517300.0,7.4306206703186035
2014-08-04,9.970000267028809,9.859999656677246,9.9399995803833,9.9399995803833,6242800.0,7.460647106170654
2014-08-05,9.8100004196167,9.5600004196167,9.800000190734863,9.609999656677246,13811800.0,7.212954998016357
2014-08-06,9.699999809265137,9.579999923706055,9.59000015258789,9.649999618530273,6213700.0,7.242979526519775
2014-08-07,9.65999984741211,9.399999618530273,9.640000343322754,9.460000038146973,9660800.0,7.100371837615967
2014-08-08,9.6899995803833,9.539999961853027,9.600000381469727,9.6899995803833,7600300.0,7.273001194000244
2014-08-11,9.649999618530273,9.539999961853027,9.59000015258789,9.59000015258789,4815700.0,7.197944164276123
2014-08-12,9.729999542236328,9.609999656677246,9.649999618530273,9.649999618530273,8592400.0,7.242979526519775
2014-08-13,9.739999771118164,9.65999984741211,9.699999809265137,9.6899995803833,5280700.0,7.273001194000244
2014-08-14,9.710000038146973,9.649999618530273,9.699999809265137,9.680000305175781,3113900.0,7.265497207641602
2014-08-15,9.84000015258789,9.5600004196167,9.800000190734863,9.680000305175781,7306000.0,7.265497207641602
2014-08-18,9.75,9.710000038146973,9.729999542236328,9.739999771118164,2679900.0,7.310531139373779
2014-08-19,9.760000228881836,9.720000267028809,9.75,9.729999542236328,3193700.0,7.303025722503662
2014-08-20,9.710000038146973,9.640000343322754,9.640000343322754,9.6899995803833,2898500.0,7.273001194000244
2014-08-21,9.869999885559082,9.770000457763672,9.789999961853027,9.829999923706055,3889500.0,7.378082275390625
2014-08-22,9.84000015258789,9.710000038146973,9.779999732971191,9.75,2990100.0,7.318035125732422
2014-08-25,9.960000038146973,9.829999923706055,9.84000015258789,9.920000076293945,2878400.0,7.4456329345703125
2014-08-26,10.100000381469727,10.029999732971191,10.039999961853027,10.039999961853027,4517600.0,7.535701751708984
2014-08-27,10.140000343322754,10.029999732971191,10.140000343322754,10.079999923706055,4303300.0,7.5657243728637695
2014-08-28,9.979999542236328,9.899999618530273,9.9399995803833,9.949999809265137,4403500.0,7.468151569366455
2014-08-29,9.960000038146973,9.859999656677246,9.949999809265137,9.920000076293945,4022200.0,7.4456329345703125
2014-09-02,9.970000267028809,9.890000343322754,9.960000038146973,9.9399995803833,5564200.0,7.460647106170654
2014-09-03,10.09000015258789,10.020000457763672,10.0600004196167,10.069999694824219,5958400.0,7.558219909667969
2014-09-04,10.289999961853027,10.069999694824219,10.130000114440918,10.130000114440918,7379500.0,7.603255271911621
2014-09-05,10.239999771118164,10.109999656677246,10.199999809265137,10.239999771118164,6449800.0,7.685815334320068
2014-09-08,10.15999984741211,10.039999961853027,10.109999656677246,10.050000190734863,3213900.0,7.543208122253418
2014-09-09,10.029999732971191,9.90999984741211,10.029999732971191,9.949999809265137,7114300.0,7.468151569366455
2014-09-10,9.90999984741211,9.829999923706055,9.880000114440918,9.899999618530273,5846900.0,7.4306206703186035
2014-09-11,9.859999656677246,9.779999732971191,9.8100004196167,9.8100004196167,5429900.0,7.363071441650391
2014-09-12,10.020000457763672,9.8100004196167,9.869999885559082,9.869999885559082,6064900.0,7.408107280731201
2014-09-15,9.880000114440918,9.819999694824219,9.869999885559082,9.829999923706055,4488300.0,7.378082275390625
2014-09-16,9.880000114440918,9.739999771118164,9.75,9.850000381469727,8204300.0,7.393095016479492
2014-09-17,9.960000038146973,9.850000381469727,9.90999984741211,9.869999885559082,6563800.0,7.408107280731201
2014-09-18,10.029999732971191,9.949999809265137,9.960000038146973,9.960000038146973,10587600.0,7.475656986236572
2014-09-19,10.0,9.880000114440918,9.979999542236328,9.90999984741211,8335500.0,7.4381279945373535
2014-09-22,9.9399995803833,9.800000190734863,9.9399995803833,9.850000381469727,6289900.0,7.393095016479492
2014-09-23,9.850000381469727,9.6899995803833,9.789999961853027,9.699999809265137,6027900.0,7.280508518218994
2014-09-24,9.789999961853027,9.649999618530273,9.680000305175781,9.75,10162600.0,7.318035125732422
2014-09-25,9.770000457763672,9.649999618530273,9.75,9.699999809265137,8460600.0,7.280508518218994
2014-09-26,9.789999961853027,9.6899995803833,9.720000267028809,9.75,11054000.0,7.318035125732422
2014-09-29,9.510000228881836,9.430000305175781,9.479999542236328,9.470000267028809,12291200.0,7.1078782081604
2014-09-30,9.619999885559082,9.460000038146973,9.489999771118164,9.5,17559000.0,7.130393981933594
2014-10-01,9.550000190734863,9.380000114440918,9.529999732971191,9.430000305175781,10389600.0,7.077856540679932
2014-10-02,9.329999923706055,9.069999694824219,9.329999923706055,9.1899995803833,14419800.0,6.897718906402588
2014-10-03,9.260000228881836,9.170000076293945,9.199999809265137,9.220000267028809,9863200.0,6.920236110687256
2014-10-06,9.420000076293945,9.279999732971191,9.399999618530273,9.329999923706055,7421500.0,7.002798080444336
2014-10-07,9.220000267028809,9.079999923706055,9.1899995803833,9.09000015258789,7989500.0,6.822661399841309
2014-10-08,9.300000190734863,9.09000015258789,9.1899995803833,9.300000190734863,7896300.0,6.980282306671143
2014-10-09,9.199999809265137,8.930000305175781,9.170000076293945,8.960000038146973,9406100.0,6.725088596343994
2014-10-10,9.119999885559082,8.880000114440918,9.050000190734863,8.890000343322754,7166500.0,6.672549724578857
2014-10-13,9.09000015258789,8.930000305175781,9.0600004196167,8.930000305175781,6460800.0,6.702569961547852
2014-10-14,9.109999656677246,8.949999809265137,8.979999542236328,9.020000457763672,8260800.0,6.770123481750488
2014-10-15,8.699999809265137,8.390000343322754,8.680000305175781,8.550000190734863,16165400.0,6.554698944091797
2014-10-16,8.460000038146973,8.149999618530273,8.170000076293945,8.350000381469727,14597400.0,6.40137243270874
2014-10-17,8.6899995803833,8.569999694824219,8.640000343322754,8.640000343322754,8596100.0,6.6236958503723145
2014-10-20,8.699999809265137,8.59000015258789,8.609999656677246,8.699999809265137,11820900.0,6.669693946838379
2014-10-21,8.84000015258789,8.75,8.760000228881836,8.8100004196167,14189900.0,6.754024505615234
2014-10-22,8.800000190734863,8.670000076293945,8.75,8.699999809265137,10295000.0,6.669693946838379
2014-10-23,8.880000114440918,8.739999771118164,8.770000457763672,8.770000457763672,14015600.0,6.723359107971191
2014-10-24,8.930000305175781,8.789999961853027,8.890000343322754,8.930000305175781,5210300.0,6.846017837524414
2014-10-27,8.720000267028809,8.510000228881836,8.59000015258789,8.699999809265137,39062600.0,6.669693946838379
2014-10-28,8.880000114440918,8.789999961853027,8.859999656677246,8.859999656677246,17992200.0,6.792353630065918
2014-10-29,8.8100004196167,8.579999923706055,8.779999732971191,8.640000343322754,15245100.0,6.6236958503723145
2014-10-30,8.65999984741211,8.449999809265137,8.460000038146973,8.59000015258789,16195500.0,6.585363388061523
2014-10-31,8.779999732971191,8.710000038146973,8.739999771118164,8.770000457763672,9807800.0,6.723359107971191
2014-11-03,8.729999542236328,8.609999656677246,8.699999809265137,8.680000305175781,6226800.0,6.654360294342041
2014-11-04,8.649999618530273,8.399999618530273,8.640000343322754,8.489999771118164,12706800.0,6.508699893951416
2014-11-05,8.510000228881836,8.420000076293945,8.5,8.470000267028809,26141800.0,6.493368148803711
2014-11-06,8.520000457763672,8.260000228881836,8.470000267028809,8.369999885559082,12460700.0,6.4167046546936035
2014-11-07,8.270000457763672,8.100000381469727,8.15999984741211,8.270000457763672,10741600.0,6.340041637420654
2014-11-10,8.350000381469727,8.229999542236328,8.289999961853027,8.300000190734863,5265300.0,6.363040447235107
2014-11-11,8.430000305175781,8.300000190734863,8.350000381469727,8.399999618530273,6831800.0,6.439703941345215
2014-11-12,8.279999732971191,8.199999809265137,8.229999542236328,8.229999542236328,9510600.0,6.309376239776611
2014-11-13,8.279999732971191,8.149999618530273,8.15999984741211,8.210000038146973,9783800.0,6.294044494628906
2014-11-14,8.300000190734863,8.210000038146973,8.210000038146973,8.300000190734863,6149700.0,6.363040447235107
2014-11-17,8.420000076293945,8.300000190734863,8.3100004196167,8.359999656677246,13582500.0,6.409039497375488
2014-11-18,8.529999732971191,8.449999809265137,8.489999771118164,8.460000038146973,19041100.0,6.485702991485596
2014-11-19,8.529999732971191,8.420000076293945,8.529999732971191,8.449999809265137,13579900.0,6.478036403656006
2014-11-20,8.34000015258789,8.270000457763672,8.289999961853027,8.279999732971191,7106500.0,6.347707271575928
2014-11-21,8.579999923706055,8.470000267028809,8.5600004196167,8.5,17158900.0,6.516367435455322
2014-11-24,8.819999694824219,8.720000267028809,8.8100004196167,8.75,13613600.0,6.708024978637695
2014-11-25,8.920000076293945,8.84000015258789,8.899999618530273,8.859999656677246,13859300.0,6.792353630065918
2014-11-26,8.899999618530273,8.84000015258789,8.880000114440918,8.880000114440918,7293700.0,6.807687282562256
2014-11-28,8.960000038146973,8.899999618530273,8.920000076293945,8.899999618530273,6495800.0,6.823019981384277
2014-12-01,8.90999984741211,8.859999656677246,8.890000343322754,8.899999618530273,9077100.0,6.823019981384277
2014-12-02,8.979999542236328,8.899999618530273,8.949999809265137,8.920000076293945,27268200.0,6.838352680206299
2014-12-03,9.050000190734863,8.979999542236328,9.029999732971191,9.029999732971191,11262600.0,6.922680854797363
2014-12-04,8.9399995803833,8.789999961853027,8.899999618530273,8.880000114440918,10070800.0,6.807687282562256
2014-12-05,9.029999732971191,8.979999542236328,8.989999771118164,8.989999771118164,7343700.0,6.8920159339904785
2014-12-08,8.970000267028809,8.859999656677246,8.9399995803833,8.899999618530273,15009300.0,6.823019981384277
2014-12-09,8.760000228881836,8.65999984741211,8.6899995803833,8.720000267028809,8766600.0,6.685027122497559
2014-12-10,8.6899995803833,8.550000190734863,8.6899995803833,8.569999694824219,8535500.0,6.5700297355651855
2014-12-11,8.699999809265137,8.539999961853027,8.619999885559082,8.569999694824219,6867500.0,6.5700297355651855
2014-12-12,8.600000381469727,8.329999923706055,8.539999961853027,8.34000015258789,9894900.0,6.393706798553467
2014-12-15,8.479999542236328,8.180000305175781,8.449999809265137,8.229999542236328,12122300.0,6.309376239776611
2014-12-16,8.489999771118164,8.119999885559082,8.15999984741211,8.319999694824219,14369700.0,6.378373622894287
2014-12-17,8.529999732971191,8.34000015258789,8.350000381469727,8.479999542236328,13565100.0,6.501033782958984
2014-12-18,8.6899995803833,8.550000190734863,8.619999885559082,8.680000305175781,7849000.0,6.654360294342041
2014-12-19,8.670000076293945,8.539999961853027,8.5600004196167,8.640000343322754,13750900.0,6.6236958503723145
2014-12-22,8.670000076293945,8.569999694824219,8.609999656677246,8.670000076293945,6081300.0,6.646694660186768
2014-12-23,8.6899995803833,8.630000114440918,8.640000343322754,8.670000076293945,4770600.0,6.646694660186768
2014-12-24,8.739999771118164,8.670000076293945,8.699999809265137,8.720000267028809,2247300.0,6.685027122497559
2014-12-26,8.739999771118164,8.6899995803833,8.699999809265137,8.6899995803833,3035800.0,6.662027359008789
2014-12-29,8.670000076293945,8.479999542236328,8.479999542236328,8.600000381469727,6506200.0,6.593029499053955
2014-12-30,8.579999923706055,8.5,8.529999732971191,8.510000228881836,10235200.0,6.524033546447754
2014-12-31,8.489999771118164,8.319999694824219,8.479999542236328,8.329999923706055,9491100.0,6.386040210723877
2015-01-02,8.5,8.380000114440918,8.470000267028809,8.420000076293945,6611000.0,6.4550371170043945
2015-01-05,8.140000343322754,7.920000076293945,8.130000114440918,7.929999828338623,21728700.0,6.079387187957764
2015-01-06,8.0,7.71999979019165,7.929999828338623,7.78000020980835,10151900.0,5.964393615722656
2015-01-07,7.929999828338623,7.75,7.869999885559082,7.900000095367432,8434100.0,6.056387901306152
2015-01-08,7.920000076293945,7.340000152587891,7.659999847412109,7.349999904632568,68825400.0,5.634740829467773
2015-01-09,7.170000076293945,6.650000095367432,7.170000076293945,6.880000114440918,59412200.0,5.406835556030273
2015-01-12,6.96999979019165,6.789999961853027,6.909999847412109,6.909999847412109,20108700.0,5.430413246154785
2015-01-13,7.070000171661377,6.900000095367432,7.010000228881836,6.980000019073486,19834200.0,5.485424041748047
2015-01-14,7.010000228881836,6.909999847412109,6.96999979019165,6.960000038146973,18310800.0,5.46970796585083
2015-01-15,6.980000019073486,6.889999866485596,6.960000038146973,6.960000038146973,15348400.0,5.46970796585083
2015-01-16,6.980000019073486,6.860000133514404,6.909999847412109,6.949999809265137,10645200.0,5.46184778213501
2015-01-20,7.070000171661377,6.989999771118164,7.059999942779541,7.059999942779541,13829600.0,5.548293113708496
2015-01-21,7.050000190734863,6.889999866485596,6.900000095367432,7.039999961853027,17932700.0,5.532577037811279
2015-01-22,7.070000171661377,6.96999979019165,7.010000228881836,7.050000190734863,12361400.0,5.540435791015625
2015-01-23,7.03000020980835,6.889999866485596,6.949999809265137,6.940000057220459,9146400.0,5.453989505767822
2015-01-26,7.059999942779541,7.0,7.0,7.03000020980835,9706400.0,5.52471923828125
2015-01-27,7.010000228881836,6.929999828338623,7.0,7.0,8257400.0,5.501141548156738
2015-01-28,6.809999942779541,6.619999885559082,6.800000190734863,6.619999885559082,14071900.0,5.202508449554443
2015-01-29,6.860000133514404,6.71999979019165,6.760000228881836,6.860000133514404,11632900.0,5.391119003295898
2015-01-30,6.789999961853027,6.659999847412109,6.760000228881836,6.690000057220459,7572000.0,5.2575201988220215
2015-02-02,6.769999980926514,6.610000133514404,6.630000114440918,6.760000228881836,10204500.0,5.3125319480896
2015-02-03,7.150000095367432,7.03000020980835,7.039999961853027,7.139999866485596,11737100.0,5.611165523529053
2015-02-04,7.090000152587891,6.940000057220459,7.0,6.960000038146973,10771800.0,5.46970796585083
2015-02-05,7.019999980926514,6.889999866485596,6.920000076293945,7.019999980926514,7079200.0,5.516859531402588
2015-02-06,6.989999771118164,6.880000114440918,6.940000057220459,6.900000095367432,8900000.0,5.4225544929504395
2015-02-09,6.840000152587891,6.739999771118164,6.739999771118164,6.800000190734863,8166500.0,5.343966484069824
2015-02-10,6.940000057220459,6.829999923706055,6.929999828338623,6.889999866485596,5883500.0,5.4146952629089355
2015-02-11,6.820000171661377,6.730000019073486,6.809999942779541,6.78000020980835,7026200.0,5.328248977661133
2015-02-12,7.050000190734863,6.940000057220459,6.960000038146973,7.050000190734863,7117100.0,5.540435791015625
2015-02-13,7.230000019073486,7.130000114440918,7.150000095367432,7.179999828338623,8041700.0,5.642599582672119
2015-02-17,7.25,7.110000133514404,7.199999809265137,7.21999979019165,6724800.0,5.67403507232666
2015-02-18,7.300000190734863,7.210000038146973,7.25,7.28000020980835,5621700.0,5.721188068389893
2015-02-19,7.349999904632568,7.269999980926514,7.289999961853027,7.289999961853027,6416100.0,5.7290472984313965
2015-02-20,7.420000076293945,7.110000133514404,7.170000076293945,7.409999847412109,14271600.0,5.82335090637207
2015-02-23,7.300000190734863,7.230000019073486,7.260000228881836,7.289999961853027,8399200.0,5.7290472984313965
2015-02-24,7.329999923706055,7.239999771118164,7.25,7.309999942779541,5033900.0,5.74476432800293
2015-02-25,7.300000190734863,7.239999771118164,7.260000228881836,7.300000190734863,5145200.0,5.736906051635742
2015-02-26,7.289999961853027,7.21999979019165,7.239999771118164,7.239999771118164,4637600.0,5.689752578735352
2015-02-27,7.309999942779541,7.199999809265137,7.25,7.28000020980835,4311400.0,5.721188068389893
2015-03-02,7.320000171661377,7.269999980926514,7.300000190734863,7.300000190734863,4642500.0,5.736906051635742
2015-03-03,7.239999771118164,7.170000076293945,7.239999771118164,7.230000019073486,5602700.0,5.681894302368164
2015-03-04,7.210000038146973,7.110000133514404,7.190000057220459,7.199999809265137,3892500.0,5.658316612243652
2015-03-05,7.21999979019165,7.170000076293945,7.210000038146973,7.190000057220459,2681500.0,5.650458335876465
2015-03-06,7.079999923706055,6.980000019073486,7.050000190734863,6.980000019073486,8061600.0,5.485424041748047
2015-03-09,7.059999942779541,6.989999771118164,7.010000228881836,7.059999942779541,4624600.0,5.548293113708496
2015-03-10,6.829999923706055,6.75,6.820000171661377,6.760000228881836,8841600.0,5.3125319480896
2015-03-11,6.809999942779541,6.699999809265137,6.730000019073486,6.769999980926514,6786400.0,5.320391654968262
2015-03-12,6.900000095367432,6.820000171661377,6.840000152587891,6.869999885559082,6265900.0,5.398977756500244
2015-03-13,6.789999961853027,6.710000038146973,6.789999961853027,6.769999980926514,15063000.0,5.320391654968262
2015-03-16,6.869999885559082,6.820000171661377,6.849999904632568,6.860000133514404,5352000.0,5.391119003295898
2015-03-17,6.860000133514404,6.760000228881836,6.78000020980835,6.860000133514404,4522900.0,5.391119003295898
2015-03-18,6.980000019073486,6.78000020980835,6.820000171661377,6.940000057220459,8647600.0,5.453989505767822
2015-03-19,6.900000095367432,6.820000171661377,6.869999885559082,6.869999885559082,3628300.0,5.398977756500244
2015-03-20,7.320000171661377,7.130000114440918,7.170000076293945,7.28000020980835,13410500.0,5.721188068389893
2015-03-23,7.429999828338623,7.360000133514404,7.420000076293945,7.420000076293945,6690800.0,5.831210136413574
2015-03-24,7.559999942779541,7.480000019073486,7.519999980926514,7.510000228881836,9361500.0,5.901939868927002
2015-03-25,7.519999980926514,7.440000057220459,7.480000019073486,7.460000038146973,5074900.0,5.862645149230957
2015-03-26,7.5,7.360000133514404,7.460000038146973,7.460000038146973,8786800.0,5.862645149230957
2015-03-27,7.480000019073486,7.360000133514404,7.400000095367432,7.46999979019165,8604800.0,5.870504856109619
2015-03-30,7.559999942779541,7.489999771118164,7.53000020980835,7.5,4623500.0,5.89408016204834
2015-03-31,7.489999771118164,7.389999866485596,7.409999847412109,7.449999809265137,5416700.0,5.8547868728637695
2015-04-01,7.539999961853027,7.440000057220459,7.539999961853027,7.519999980926514,4936200.0,5.909797668457031
2015-04-02,7.659999847412109,7.590000152587891,7.610000133514404,7.639999866485596,4174900.0,6.004103183746338
2015-04-06,7.789999961853027,7.639999866485596,7.650000095367432,7.71999979019165,8561400.0,6.0669732093811035
2015-04-07,7.730000019073486,7.630000114440918,7.699999809265137,7.630000114440918,11589600.0,5.996244430541992
2015-04-08,7.670000076293945,7.53000020980835,7.670000076293945,7.590000152587891,5523500.0,5.964809417724609
2015-04-09,7.400000095367432,7.320000171661377,7.389999866485596,7.389999866485596,4207900.0,5.93669319152832
2015-04-10,7.320000171661377,7.21999979019165,7.28000020980835,7.320000171661377,5059600.0,5.880459785461426
2015-04-13,7.380000114440918,7.309999942779541,7.329999923706055,7.309999942779541,4324600.0,5.872425556182861
2015-04-14,7.300000190734863,7.239999771118164,7.239999771118164,7.300000190734863,5314900.0,5.8643927574157715
2015-04-15,7.340000152587891,7.25,7.300000190734863,7.309999942779541,6067000.0,5.872425556182861
2015-04-16,7.300000190734863,7.199999809265137,7.289999961853027,7.239999771118164,4208100.0,5.816191673278809
2015-04-17,7.079999923706055,6.989999771118164,7.059999942779541,7.070000171661377,8607800.0,5.679624557495117
2015-04-20,7.070000171661377,6.989999771118164,7.0,7.050000190734863,5236300.0,5.663557529449463
2015-04-21,7.070000171661377,7.010000228881836,7.059999942779541,7.039999961853027,8972800.0,5.655523300170898
2015-04-22,7.059999942779541,6.940000057220459,6.989999771118164,7.019999980926514,5593700.0,5.639455795288086
2015-04-23,7.150000095367432,7.0,7.0,7.119999885559082,4459800.0,5.719789981842041
2015-04-24,7.260000228881836,7.130000114440918,7.199999809265137,7.260000228881836,7063300.0,5.832258701324463
2015-04-27,7.369999885559082,7.28000020980835,7.309999942779541,7.289999961853027,5335900.0,5.856358528137207
2015-04-28,7.519999980926514,7.449999809265137,7.460000038146973,7.480000019073486,6278500.0,6.008993625640869
2015-04-29,7.579999923706055,7.449999809265137,7.510000228881836,7.489999771118164,7651200.0,6.017026424407959
2015-04-30,7.590000152587891,7.5,7.539999961853027,7.519999980926514,5275200.0,6.041126251220703
2015-05-01,7.579999923706055,7.489999771118164,7.489999771118164,7.539999961853027,6262200.0,6.057193756103516
2015-05-04,7.570000171661377,7.489999771118164,7.550000190734863,7.489999771118164,2644900.0,6.017026424407959
2015-05-05,7.409999847412109,7.260000228881836,7.400000095367432,7.28000020980835,6034900.0,5.848324775695801
2015-05-06,7.5,7.380000114440918,7.389999866485596,7.409999847412109,5802000.0,5.952759742736816
2015-05-07,7.449999809265137,7.329999923706055,7.380000114440918,7.360000133514404,4171300.0,5.912593364715576
2015-05-08,7.619999885559082,7.46999979019165,7.480000019073486,7.610000133514404,6597300.0,6.113428592681885
2015-05-11,7.570000171661377,7.5,7.53000020980835,7.519999980926514,3278700.0,6.041126251220703
2015-05-12,7.53000020980835,7.46999979019165,7.510000228881836,7.519999980926514,6834500.0,6.041126251220703
2015-05-13,7.610000133514404,7.5,7.570000171661377,7.519999980926514,13144500.0,6.041126251220703
2015-05-14,7.659999847412109,7.590000152587891,7.630000114440918,7.590000152587891,6087800.0,6.097361087799072
2015-05-15,7.599999904632568,7.510000228881836,7.550000190734863,7.579999923706055,3392800.0,6.089327812194824
2015-05-18,7.46999979019165,7.420000076293945,7.429999828338623,7.46999979019165,5058000.0,6.000959873199463
2015-05-19,7.460000038146973,7.400000095367432,7.409999847412109,7.460000038146973,4668000.0,5.992925643920898
2015-05-20,7.489999771118164,7.420000076293945,7.449999809265137,7.460000038146973,3250700.0,5.992925643920898
2015-05-21,7.5,7.429999828338623,7.449999809265137,7.5,3244000.0,6.025059223175049
2015-05-22,7.440000057220459,7.369999885559082,7.440000057220459,7.380000114440918,9431000.0,5.9286603927612305
2015-05-26,7.179999828338623,7.039999961853027,7.159999847412109,7.059999942779541,11605700.0,5.671589374542236
2015-05-27,7.260000228881836,7.079999923706055,7.090000152587891,7.190000057220459,6129800.0,5.776024341583252
2015-05-28,7.210000038146973,7.079999923706055,7.150000095367432,7.190000057220459,5083400.0,5.776024341583252
2015-05-29,7.170000076293945,7.059999942779541,7.159999847412109,7.099999904632568,3424600.0,5.703723907470703
2015-06-01,7.090000152587891,6.96999979019165,7.079999923706055,7.050000190734863,8571900.0,5.663557529449463
2015-06-02,7.289999961853027,7.21999979019165,7.269999980926514,7.25,9272300.0,5.824224948883057
2015-06-03,7.429999828338623,7.309999942779541,7.309999942779541,7.349999904632568,4074600.0,5.904559135437012
2015-06-04,7.489999771118164,7.210000038146973,7.360000133514404,7.230000019073486,7122900.0,5.808157444000244
2015-06-05,7.300000190734863,7.150000095367432,7.190000057220459,7.21999979019165,7516800.0,5.800124645233154
2015-06-08,7.21999979019165,7.159999847412109,7.21999979019165,7.199999809265137,4388000.0,5.784056663513184
2015-06-09,7.25,7.130000114440918,7.199999809265137,7.190000057220459,4784100.0,5.776024341583252
2015-06-10,7.429999828338623,7.28000020980835,7.300000190734863,7.369999885559082,6451600.0,5.920624732971191
2015-06-11,7.400000095367432,7.289999961853027,7.360000133514404,7.380000114440918,3607700.0,5.9286603927612305
2015-06-12,7.300000190734863,7.150000095367432,7.210000038146973,7.260000228881836,5002600.0,5.832258701324463
2015-06-15,7.170000076293945,7.050000190734863,7.070000171661377,7.159999847412109,7158600.0,5.751924514770508
2015-06-16,7.139999866485596,7.010000228881836,7.039999961853027,7.119999885559082,5355600.0,5.719789981842041
2015-06-17,7.139999866485596,7.019999980926514,7.130000114440918,7.079999923706055,5200700.0,5.687657356262207
2015-06-18,7.420000076293945,7.159999847412109,7.179999828338623,7.260000228881836,9739100.0,5.832258701324463
2015-06-19,7.289999961853027,7.210000038146973,7.269999980926514,7.239999771118164,5158000.0,5.816191673278809
2015-06-22,7.71999979019165,7.579999923706055,7.590000152587891,7.599999904632568,11706700.0,6.105393886566162
2015-06-23,7.639999866485596,7.539999961853027,7.619999885559082,7.550000190734863,4389800.0,6.065227031707764
2015-06-24,7.510000228881836,7.440000057220459,7.46999979019165,7.460000038146973,3913900.0,5.992925643920898
2015-06-25,7.5,7.400000095367432,7.46999979019165,7.460000038146973,3548300.0,5.992925643920898
2015-06-26,7.610000133514404,7.480000019073486,7.550000190734863,7.53000020980835,4424000.0,6.049160957336426
2015-06-29,7.170000076293945,6.989999771118164,7.099999904632568,7.0,18775400.0,5.62338924407959
2015-06-30,7.159999847412109,6.949999809265137,7.139999866485596,7.010000228881836,18692400.0,5.631423473358154
2015-07-01,7.110000133514404,7.010000228881836,7.099999904632568,7.039999961853027,6611800.0,5.655523300170898
2015-07-02,7.070000171661377,7.010000228881836,7.039999961853027,7.050000190734863,3604000.0,5.663557529449463
2015-07-06,6.849999904632568,6.699999809265137,6.71999979019165,6.78000020980835,14893700.0,5.446653842926025
2015-07-07,6.849999904632568,6.539999961853027,6.650000095367432,6.789999961853027,15251300.0,5.45468807220459
2015-07-08,6.71999979019165,6.619999885559082,6.699999809265137,6.639999866485596,7448600.0,5.334186553955078
2015-07-09,6.929999828338623,6.800000190734863,6.909999847412109,6.820000171661377,9559700.0,5.47878885269165
2015-07-10,7.260000228881836,7.170000076293945,7.239999771118164,7.21999979019165,17066500.0,5.800124645233154
2015-07-13,7.289999961853027,7.210000038146973,7.28000020980835,7.239999771118164,5768000.0,5.816191673278809
2015-07-14,7.21999979019165,7.139999866485596,7.170000076293945,7.199999809265137,3592500.0,5.784056663513184
2015-07-15,7.230000019073486,7.159999847412109,7.210000038146973,7.179999828338623,3433700.0,5.767990589141846
2015-07-16,7.340000152587891,7.269999980926514,7.300000190734863,7.309999942779541,4560600.0,5.872425556182861
2015-07-17,7.300000190734863,7.210000038146973,7.289999961853027,7.239999771118164,2785900.0,5.816191673278809
2015-07-20,7.300000190734863,7.239999771118164,7.260000228881836,7.269999980926514,4051700.0,5.840291976928711
2015-07-21,7.300000190734863,7.21999979019165,7.25,7.25,6004000.0,5.824224948883057
2015-07-22,7.309999942779541,7.230000019073486,7.260000228881836,7.28000020980835,4711400.0,5.848324775695801
2015-07-23,7.320000171661377,7.210000038146973,7.289999961853027,7.239999771118164,4363800.0,5.816191673278809
2015-07-24,7.190000057220459,7.079999923706055,7.159999847412109,7.090000152587891,4753500.0,5.695690155029297
2015-07-27,7.119999885559082,7.010000228881836,7.099999904632568,7.03000020980835,5550700.0,5.64749002456665
2015-07-28,7.119999885559082,7.059999942779541,7.099999904632568,7.099999904632568,2718400.0,5.703723907470703
2015-07-29,7.110000133514404,6.989999771118164,7.0,7.090000152587891,4391900.0,5.740971088409424
2015-07-30,6.840000152587891,6.71999979019165,6.829999923706055,6.78000020980835,10433200.0,5.489955902099609
2015-07-31,6.880000114440918,6.75,6.78000020980835,6.809999942779541,6990100.0,5.514247417449951
2015-08-03,6.869999885559082,6.78000020980835,6.849999904632568,6.800000190734863,4470000.0,5.506149768829346
2015-08-04,6.760000228881836,6.699999809265137,6.739999771118164,6.71999979019165,4296900.0,5.441371917724609
2015-08-05,6.829999923706055,6.730000019073486,6.78000020980835,6.760000228881836,2962000.0,5.473761081695557
2015-08-06,6.800000190734863,6.739999771118164,6.769999980926514,6.78000020980835,4203500.0,5.489955902099609
2015-08-07,6.789999961853027,6.71999979019165,6.730000019073486,6.760000228881836,3198900.0,5.473761081695557
2015-08-10,6.920000076293945,6.820000171661377,6.829999923706055,6.920000076293945,3930100.0,5.603317737579346
2015-08-11,6.880000114440918,6.75,6.869999885559082,6.800000190734863,19420200.0,5.506149768829346
2015-08-12,6.760000228881836,6.659999847412109,6.71999979019165,6.760000228881836,5992600.0,5.473761081695557
2015-08-13,6.670000076293945,6.630000114440918,6.659999847412109,6.630000114440918,4407000.0,5.368495941162109
2015-08-14,6.619999885559082,6.550000190734863,6.579999923706055,6.599999904632568,7394200.0,5.344204425811768
2015-08-17,6.559999942779541,6.46999979019165,6.480000019073486,6.550000190734863,4195500.0,5.303719997406006
2015-08-18,6.539999961853027,6.46999979019165,6.539999961853027,6.510000228881836,5278900.0,5.271328926086426
2015-08-19,6.53000020980835,6.429999828338623,6.46999979019165,6.46999979019165,3882800.0,5.23893928527832
2015-08-20,6.460000038146973,6.340000152587891,6.449999809265137,6.360000133514404,6439900.0,5.149869441986084
2015-08-21,6.429999828338623,6.21999979019165,6.389999866485596,6.21999979019165,13726200.0,5.0365071296691895
2015-08-24,6.050000190734863,5.880000114440918,5.980000019073486,5.960000038146973,13540800.0,4.825977802276611
2015-08-25,6.21999979019165,5.960000038146973,6.210000038146973,5.96999979019165,9361400.0,4.834075450897217
2015-08-26,6.099999904632568,5.949999809265137,6.090000152587891,6.079999923706055,6963000.0,4.923145771026611
2015-08-27,6.230000019073486,6.099999904632568,6.130000114440918,6.230000019073486,10439100.0,5.044605255126953
2015-08-28,6.210000038146973,6.139999866485596,6.170000076293945,6.199999809265137,4908800.0,5.020312786102295
2015-08-31,6.150000095367432,6.03000020980835,6.110000133514404,6.090000152587891,5357900.0,4.931243896484375
2015-09-01,5.96999979019165,5.869999885559082,5.960000038146973,5.900000095367432,7223800.0,4.777395248413086
2015-09-02,6.010000228881836,5.869999885559082,6.0,5.929999828338623,5321900.0,4.801687240600586
2015-09-03,5.940000057220459,5.829999923706055,5.869999885559082,5.860000133514404,5908700.0,4.745006561279297
2015-09-04,5.75,5.670000076293945,5.679999828338623,5.71999979019165,4947500.0,4.631642818450928
2015-09-08,5.820000171661377,5.75,5.789999961853027,5.809999942779541,3633800.0,4.704518795013428
2015-09-09,5.96999979019165,5.769999980926514,5.960000038146973,5.789999961853027,4892300.0,4.68832540512085
2015-09-10,5.789999961853027,5.690000057220459,5.710000038146973,5.760000228881836,4827300.0,4.66403341293335
2015-09-11,5.739999771118164,5.659999847412109,5.670000076293945,5.730000019073486,5083600.0,4.639740943908691
2015-09-14,5.679999828338623,5.579999923706055,5.659999847412109,5.639999866485596,6784700.0,4.566864967346191
2015-09-15,5.71999979019165,5.650000095367432,5.659999847412109,5.710000038146973,4286300.0,4.623547554016113
2015-09-16,5.800000190734863,5.71999979019165,5.739999771118164,5.800000190734863,4385800.0,4.6964216232299805
2015-09-17,5.989999771118164,5.860000133514404,5.889999866485596,5.909999847412109,8974100.0,4.785491466522217
2015-09-18,5.769999980926514,5.659999847412109,5.730000019073486,5.670000076293945,7512000.0,4.591156959533691
2015-09-21,5.659999847412109,5.570000171661377,5.639999866485596,5.610000133514404,4214000.0,4.54257345199585
2015-09-22,5.460000038146973,5.380000114440918,5.429999828338623,5.429999828338623,5993900.0,4.396822452545166
2015-09-23,5.389999866485596,5.269999980926514,5.389999866485596,5.28000020980835,5869800.0,4.275363445281982
2015-09-24,5.25,5.130000114440918,5.21999979019165,5.210000038146973,7595900.0,4.218682289123535
2015-09-25,5.289999961853027,5.199999809265137,5.260000228881836,5.21999979019165,5440200.0,4.226780414581299
2015-09-28,5.179999828338623,5.110000133514404,5.170000076293945,5.130000114440918,6690000.0,4.153904438018799
2015-09-29,5.239999771118164,5.170000076293945,5.210000038146973,5.210000038146973,6747300.0,4.218682289123535
2015-09-30,5.289999961853027,5.199999809265137,5.269999980926514,5.28000020980835,5123600.0,4.275363445281982
2015-10-01,5.309999942779541,5.210000038146973,5.300000190734863,5.28000020980835,4762300.0,4.275363445281982
2015-10-02,5.389999866485596,5.210000038146973,5.21999979019165,5.389999866485596,5189800.0,4.3644328117370605
2015-10-05,5.599999904632568,5.5,5.5,5.590000152587891,6255300.0,4.5263800621032715
2015-10-06,5.739999771118164,5.630000114440918,5.630000114440918,5.71999979019165,5050500.0,4.631642818450928
2015-10-07,5.949999809265137,5.829999923706055,5.940000057220459,5.880000114440918,8236100.0,4.761199474334717
2015-10-08,5.889999866485596,5.78000020980835,5.800000190734863,5.880000114440918,3956200.0,4.761199474334717
2015-10-09,6.059999942779541,5.980000019073486,6.03000020980835,6.039999961853027,8871500.0,4.890756130218506
2015-10-12,5.980000019073486,5.909999847412109,5.980000019073486,5.929999828338623,3899900.0,4.801687240600586
2015-10-13,5.820000171661377,5.739999771118164,5.75,5.75,3500200.0,4.655936241149902
2015-10-14,5.789999961853027,5.699999809265137,5.769999980926514,5.730000019073486,3464100.0,4.639740943908691
2015-10-15,5.699999809265137,5.619999885559082,5.650000095367432,5.690000057220459,3020700.0,4.653644561767578
2015-10-16,5.820000171661377,5.760000228881836,5.769999980926514,5.809999942779541,3061800.0,4.7517876625061035
2015-10-19,5.760000228881836,5.699999809265137,5.75,5.730000019073486,3016300.0,4.686359405517578
2015-10-20,5.690000057220459,5.630000114440918,5.650000095367432,5.659999847412109,3665000.0,4.629108428955078
2015-10-21,5.730000019073486,5.670000076293945,5.730000019073486,5.670000076293945,3892100.0,4.637287139892578
2015-10-22,5.809999942779541,5.730000019073486,5.730000019073486,5.78000020980835,5394900.0,4.727252960205078
2015-10-23,5.829999923706055,5.75,5.789999961853027,5.800000190734863,5597400.0,4.7436089515686035
2015-10-26,5.769999980926514,5.699999809265137,5.75,5.75,2328400.0,4.702717304229736
2015-10-27,5.690000057220459,5.610000133514404,5.650000095367432,5.639999866485596,4210600.0,4.612751007080078
2015-10-28,5.760000228881836,5.619999885559082,5.619999885559082,5.699999809265137,21050900.0,4.661823749542236
2015-10-29,5.559999942779541,5.480000019073486,5.510000228881836,5.510000228881836,14366800.0,4.506430149078369
2015-10-30,5.590000152587891,5.519999980926514,5.539999961853027,5.539999961853027,9281500.0,4.530964374542236
2015-11-02,5.679999828338623,5.599999904632568,5.639999866485596,5.630000114440918,6182300.0,4.604573726654053
2015-11-03,5.679999828338623,5.579999923706055,5.590000152587891,5.659999847412109,4832500.0,4.629108428955078
2015-11-04,5.800000190734863,5.659999847412109,5.78000020980835,5.690000057220459,4282000.0,4.653644561767578
2015-11-05,5.710000038146973,5.599999904632568,5.699999809265137,5.610000133514404,10293700.0,4.588215351104736
2015-11-06,5.679999828338623,5.590000152587891,5.630000114440918,5.659999847412109,5418800.0,4.629108428955078
2015-11-09,5.650000095367432,5.519999980926514,5.630000114440918,5.550000190734863,5705100.0,4.539144515991211
2015-11-10,5.53000020980835,5.460000038146973,5.5,5.510000228881836,3841900.0,4.506430149078369
2015-11-11,5.610000133514404,5.519999980926514,5.610000133514404,5.519999980926514,5395600.0,4.514608383178711
2015-11-12,5.420000076293945,5.340000152587891,5.389999866485596,5.340000152587891,4951700.0,4.367392063140869
2015-11-13,5.360000133514404,5.269999980926514,5.329999923706055,5.289999961853027,13166200.0,4.326498985290527
2015-11-16,5.309999942779541,5.21999979019165,5.230000019073486,5.300000190734863,3847900.0,4.334678649902344
2015-11-17,5.409999847412109,5.329999923706055,5.380000114440918,5.349999904632568,4690800.0,4.375571250915527
2015-11-18,5.440000057220459,5.369999885559082,5.389999866485596,5.440000057220459,4258600.0,4.449179649353027
2015-11-19,5.579999923706055,5.5,5.510000228881836,5.559999942779541,7389600.0,4.547321796417236
2015-11-20,5.559999942779541,5.429999828338623,5.550000190734863,5.440000057220459,4456600.0,4.449179649353027
2015-11-23,5.480000019073486,5.400000095367432,5.460000038146973,5.420000076293945,3506100.0,4.432821273803711
2015-11-24,5.5,5.389999866485596,5.389999866485596,5.489999771118164,4453200.0,4.4900712966918945
2015-11-25,5.360000133514404,5.289999961853027,5.320000171661377,5.340000152587891,5244100.0,4.367392063140869
2015-11-27,5.400000095367432,5.340000152587891,5.389999866485596,5.349999904632568,1914500.0,4.375571250915527
2015-11-30,5.429999828338623,5.380000114440918,5.389999866485596,5.400000095367432,3362900.0,4.416464328765869
2015-12-01,5.489999771118164,5.409999847412109,5.449999809265137,5.460000038146973,4504700.0,4.465537071228027
2015-12-02,5.420000076293945,5.300000190734863,5.380000114440918,5.320000171661377,6244200.0,4.3510355949401855
2015-12-03,5.429999828338623,5.269999980926514,5.409999847412109,5.28000020980835,5021800.0,4.318320274353027
2015-12-04,5.420000076293945,5.28000020980835,5.28000020980835,5.420000076293945,9872100.0,4.432821273803711
2015-12-07,5.300000190734863,5.210000038146973,5.300000190734863,5.239999771118164,4670300.0,4.285606384277344
2015-12-08,5.139999866485596,5.059999942779541,5.110000133514404,5.079999923706055,7734300.0,4.154747486114502
2015-12-09,5.21999979019165,5.079999923706055,5.110000133514404,5.110000133514404,13706300.0,4.17928409576416
2015-12-10,5.130000114440918,5.059999942779541,5.079999923706055,5.079999923706055,7365200.0,4.154747486114502
2015-12-11,5.059999942779541,4.949999809265137,5.050000190734863,4.96999979019165,7637800.0,4.064783096313477
2015-12-14,5.0,4.849999904632568,4.960000038146973,4.889999866485596,6324300.0,3.9993534088134766
2015-12-15,5.03000020980835,4.980000019073486,4.980000019073486,5.010000228881836,6446400.0,4.097497463226318
2015-12-16,5.150000095367432,5.03000020980835,5.119999885559082,5.150000095367432,7717800.0,4.211997985839844
2015-12-17,5.190000057220459,5.099999904632568,5.179999828338623,5.110000133514404,5474200.0,4.17928409576416
2015-12-18,5.059999942779541,4.989999771118164,5.059999942779541,5.0,5816500.0,4.089319229125977
2015-12-21,4.940000057220459,4.809999942779541,4.909999847412109,4.849999904632568,8542300.0,3.966639280319214
2015-12-22,4.940000057220459,4.869999885559082,4.900000095367432,4.929999828338623,4925400.0,4.032068729400635
2015-12-23,5.079999923706055,4.980000019073486,5.0,5.070000171661377,8489700.0,4.146568775177002
2015-12-24,5.130000114440918,5.070000171661377,5.070000171661377,5.099999904632568,2363100.0,4.171104907989502
2015-12-28,5.050000190734863,4.960000038146973,5.039999961853027,4.989999771118164,5644700.0,4.081140518188477
2015-12-29,5.010000228881836,4.960000038146973,4.980000019073486,5.010000228881836,5915700.0,4.097497463226318
2015-12-30,5.010000228881836,4.949999809265137,4.980000019073486,4.949999809265137,6661900.0,4.04842472076416
2015-12-31,4.929999828338623,4.869999885559082,4.929999828338623,4.869999885559082,4839400.0,3.9829959869384766
2016-01-04,4.800000190734863,4.699999809265137,4.789999961853027,4.789999961853027,8473400.0,3.917567014694214
2016-01-05,4.710000038146973,4.630000114440918,4.690000057220459,4.699999809265137,7419400.0,3.8439598083496094
2016-01-06,4.539999961853027,4.46999979019165,4.5,4.510000228881836,7767400.0,3.688565731048584
2016-01-07,4.5,4.420000076293945,4.449999809265137,4.420000076293945,6652700.0,3.614957571029663
2016-01-08,4.480000019073486,4.269999980926514,4.46999979019165,4.289999961853027,11567300.0,3.5086357593536377
2016-01-11,4.46999979019165,4.369999885559082,4.46999979019165,4.429999828338623,7421200.0,3.623136281967163
2016-01-12,4.539999961853027,4.400000095367432,4.539999961853027,4.480000019073486,5528000.0,3.664030075073242
2016-01-13,4.53000020980835,4.329999923706055,4.519999980926514,4.360000133514404,6025500.0,3.5658862590789795
2016-01-14,4.480000019073486,4.349999904632568,4.400000095367432,4.46999979019165,6639100.0,3.655850887298584
2016-01-15,4.380000114440918,4.269999980926514,4.340000152587891,4.300000190734863,4495700.0,3.5168137550354004
2016-01-19,4.300000190734863,4.170000076293945,4.28000020980835,4.210000038146973,5574300.0,3.443206548690796
2016-01-20,4.139999866485596,3.9800000190734863,4.110000133514404,4.059999942779541,10034700.0,3.3205268383026123
2016-01-21,4.179999828338623,4.03000020980835,4.090000152587891,4.119999885559082,6936800.0,3.369598388671875
2016-01-22,4.349999904632568,4.260000228881836,4.329999923706055,4.320000171661377,4590300.0,3.533172369003296
2016-01-25,4.179999828338623,4.110000133514404,4.170000076293945,4.119999885559082,6007800.0,3.369598388671875
2016-01-26,4.300000190734863,4.170000076293945,4.190000057220459,4.289999961853027,6761700.0,3.5086357593536377
2016-01-27,4.260000228881836,4.159999847412109,4.190000057220459,4.170000076293945,5831700.0,3.454784393310547
2016-01-28,4.170000076293945,4.050000190734863,4.170000076293945,4.119999885559082,5834400.0,3.4133598804473877
2016-01-29,4.199999809265137,4.110000133514404,4.139999866485596,4.190000057220459,4259200.0,3.471353769302368
2016-02-01,4.139999866485596,4.070000171661377,4.130000114440918,4.119999885559082,4785300.0,3.4133598804473877
2016-02-02,3.9800000190734863,3.8399999141693115,3.9700000286102295,3.8499999046325684,10989300.0,3.189668893814087
2016-02-03,3.869999885559082,3.690000057220459,3.8499999046325684,3.859999895095825,8411700.0,3.197953939437866
2016-02-04,4.099999904632568,3.9100000858306885,3.9100000858306885,4.070000171661377,5024800.0,3.3719358444213867
2016-02-05,4.190000057220459,4.099999904632568,4.159999847412109,4.119999885559082,5370700.0,3.4133598804473877
2016-02-08,3.9700000286102295,3.8499999046325684,3.9600000381469727,3.9000000953674316,7609800.0,3.231093168258667
2016-02-09,3.859999895095825,3.7300000190734863,3.75,3.819999933242798,8305400.0,3.164813756942749
2016-02-10,4.019999980926514,3.869999885559082,3.940000057220459,3.9200000762939453,5797000.0,3.247662305831909
2016-02-11,3.799999952316284,3.690000057220459,3.7799999713897705,3.740000009536743,5879600.0,3.0985355377197266
2016-02-12,3.880000114440918,3.759999990463257,3.819999933242798,3.880000114440918,4758200.0,3.2145237922668457
2016-02-16,4.03000020980835,3.930000066757202,4.019999980926514,3.990000009536743,3343200.0,3.305656909942627
2016-02-17,4.179999828338623,4.070000171661377,4.079999923706055,4.170000076293945,6908200.0,3.454784393310547
2016-02-18,4.110000133514404,3.940000057220459,4.110000133514404,3.950000047683716,5181500.0,3.272517442703247
2016-02-19,3.9000000953674316,3.7899999618530273,3.8399999141693115,3.859999895095825,6609300.0,3.197953939437866
2016-02-22,4.03000020980835,3.950000047683716,3.9600000381469727,4.019999980926514,3237600.0,3.3305113315582275
2016-02-23,4.039999961853027,3.9200000762939453,4.019999980926514,3.930000066757202,6803300.0,3.2559478282928467
2016-02-24,3.8299999237060547,3.740000009536743,3.7899999618530273,3.799999952316284,6567200.0,3.148244619369507
2016-02-25,3.890000104904175,3.8299999237060547,3.869999885559082,3.859999895095825,4077700.0,3.197953939437866
2016-02-26,4.010000228881836,3.950000047683716,4.0,3.9700000286102295,4199500.0,3.2890875339508057
2016-02-29,4.050000190734863,3.9800000190734863,4.010000228881836,3.990000009536743,3347300.0,3.305656909942627
2016-03-01,4.170000076293945,4.019999980926514,4.039999961853027,4.159999847412109,5607400.0,3.4464995861053467
2016-03-02,4.380000114440918,4.239999771118164,4.25,4.380000114440918,11311100.0,3.6287662982940674
2016-03-03,4.449999809265137,4.340000152587891,4.380000114440918,4.449999809265137,3530100.0,3.6867597103118896
2016-03-04,4.53000020980835,4.440000057220459,4.480000019073486,4.5,5942900.0,3.728184700012207
2016-03-07,4.510000228881836,4.420000076293945,4.449999809265137,4.489999771118164,4463700.0,3.7198989391326904
2016-03-08,4.599999904632568,4.5,4.579999923706055,4.519999980926514,7097800.0,3.7447540760040283
2016-03-09,4.550000190734863,4.440000057220459,4.539999961853027,4.489999771118164,4387100.0,3.7198989391326904
2016-03-10,4.800000190734863,4.539999961853027,4.690000057220459,4.619999885559082,11735400.0,3.827601909637451
2016-03-11,4.940000057220459,4.800000190734863,4.840000152587891,4.929999828338623,11814300.0,4.084432601928711
2016-03-14,4.989999771118164,4.920000076293945,4.980000019073486,4.960000038146973,6752500.0,4.109288215637207
2016-03-15,4.820000171661377,4.730000019073486,4.789999961853027,4.760000228881836,8999200.0,3.9435904026031494
2016-03-16,4.71999979019165,4.610000133514404,4.619999885559082,4.710000038146973,4934400.0,3.9021658897399902
2016-03-17,4.789999961853027,4.650000095367432,4.71999979019165,4.769999980926514,4490400.0,3.9518754482269287
2016-03-18,4.860000133514404,4.739999771118164,4.829999923706055,4.789999961853027,9005300.0,3.96844482421875
2016-03-21,4.789999961853027,4.699999809265137,4.760000228881836,4.710000038146973,7105100.0,3.9021658897399902
2016-03-22,4.670000076293945,4.590000152587891,4.610000133514404,4.639999866485596,6254200.0,3.8441720008850098
2016-03-23,4.590000152587891,4.489999771118164,4.579999923706055,4.489999771118164,3467700.0,3.7198989391326904
2016-03-24,4.46999979019165,4.389999866485596,4.409999847412109,4.420000076293945,11460800.0,3.661904811859131
2016-03-28,4.489999771118164,4.440000057220459,4.489999771118164,4.460000038146973,1832200.0,3.695045232772827
2016-03-29,4.480000019073486,4.389999866485596,4.420000076293945,4.46999979019165,5410100.0,3.70332932472229
2016-03-30,4.550000190734863,4.440000057220459,4.5,4.449999809265137,4260600.0,3.6867597103118896
2016-03-31,4.449999809265137,4.349999904632568,4.409999847412109,4.360000133514404,4493900.0,3.612196445465088
2016-04-01,4.340000152587891,4.269999980926514,4.300000190734863,4.329999923706055,4910200.0,3.587341547012329
2016-04-04,4.340000152587891,4.239999771118164,4.28000020980835,4.260000228881836,5740500.0,3.5293478965759277
2016-04-05,4.150000095367432,4.099999904632568,4.150000095367432,4.099999904632568,8408300.0,3.396789789199829
2016-04-06,4.139999866485596,4.079999923706055,4.110000133514404,4.139999866485596,5414100.0,3.429929256439209
2016-04-07,4.099999904632568,3.9800000190734863,4.070000171661377,4.0,4178500.0,3.3139421939849854
2016-04-08,4.179999828338623,4.110000133514404,4.139999866485596,4.130000114440918,3731200.0,3.421644926071167
2016-04-11,4.300000190734863,4.199999809265137,4.289999961853027,4.210000038146973,4064000.0,3.4879236221313477
2016-04-12,4.300000190734863,4.170000076293945,4.25,4.269999980926514,6365900.0,3.537632465362549
2016-04-13,4.559999942779541,4.489999771118164,4.519999980926514,4.559999942779541,7526300.0,3.777893543243408
2016-04-14,4.599999904632568,4.53000020980835,4.559999942779541,4.570000171661377,7490200.0,3.78617787361145
2016-04-15,4.599999904632568,4.53000020980835,4.579999923706055,4.550000190734863,2576000.0,3.769608497619629
2016-04-18,4.650000095367432,4.550000190734863,4.570000171661377,4.630000114440918,4457300.0,3.835887908935547
2016-04-19,4.75,4.679999828338623,4.710000038146973,4.730000019073486,6930500.0,3.9187357425689697
2016-04-20,4.889999866485596,4.809999942779541,4.849999904632568,4.860000133514404,15870000.0,4.026439189910889
2016-04-21,5.03000020980835,4.929999828338623,5.0,4.949999809265137,11866800.0,4.101001739501953
2016-04-22,5.010000228881836,4.960000038146973,4.960000038146973,5.010000228881836,5266000.0,4.150712013244629
2016-04-25,4.940000057220459,4.869999885559082,4.929999828338623,4.900000095367432,5604900.0,4.0595784187316895
2016-04-26,5.110000133514404,5.050000190734863,5.079999923706055,5.110000133514404,5621800.0,4.233561038970947
2016-04-27,5.21999979019165,5.139999866485596,5.139999866485596,5.190000057220459,5924900.0,4.299839496612549
2016-04-28,5.21999979019165,5.099999904632568,5.110000133514404,5.159999847412109,9601200.0,4.322455883026123
2016-04-29,5.170000076293945,5.010000228881836,5.139999866485596,5.03000020980835,6308600.0,4.213557720184326
2016-05-02,5.039999961853027,4.96999979019165,5.03000020980835,5.019999980926514,3685000.0,4.205180644989014
2016-05-03,4.849999904632568,4.760000228881836,4.849999904632568,4.789999961853027,4161500.0,4.012513637542725
2016-05-04,4.730000019073486,4.630000114440918,4.679999828338623,4.659999847412109,7443700.0,3.9036130905151367
2016-05-05,4.659999847412109,4.559999942779541,4.630000114440918,4.579999923706055,7974400.0,3.8365988731384277
2016-05-06,4.679999828338623,4.550000190734863,4.559999942779541,4.639999866485596,3987800.0,3.8868601322174072
2016-05-09,4.619999885559082,4.480000019073486,4.610000133514404,4.510000228881836,6413100.0,3.777960777282715
2016-05-10,4.650000095367432,4.550000190734863,4.570000171661377,4.650000095367432,3474900.0,3.8952372074127197
2016-05-11,4.650000095367432,4.559999942779541,4.579999923706055,4.599999904632568,4626400.0,3.8533525466918945
2016-05-12,4.659999847412109,4.539999961853027,4.630000114440918,4.599999904632568,5493500.0,3.8533525466918945
2016-05-13,4.639999866485596,4.510000228881836,4.570000171661377,4.519999980926514,5299700.0,3.7863376140594482
2016-05-16,4.619999885559082,4.550000190734863,4.550000190734863,4.590000152587891,2982100.0,3.8449759483337402
2016-05-17,4.630000114440918,4.550000190734863,4.599999904632568,4.559999942779541,5952700.0,3.819844961166382
2016-05-18,4.690000057220459,4.570000171661377,4.590000152587891,4.659999847412109,6646400.0,3.9036130905151367
2016-05-19,4.690000057220459,4.570000171661377,4.639999866485596,4.599999904632568,5317800.0,3.8533525466918945
2016-05-20,4.670000076293945,4.590000152587891,4.630000114440918,4.619999885559082,4204000.0,3.8701069355010986
2016-05-23,4.579999923706055,4.53000020980835,4.550000190734863,4.550000190734863,2699300.0,3.8114688396453857
2016-05-24,4.670000076293945,4.579999923706055,4.579999923706055,4.659999847412109,3157800.0,3.9036130905151367
2016-05-25,4.949999809265137,4.860000133514404,4.869999885559082,4.940000057220459,5986800.0,4.13816499710083
2016-05-26,4.909999847412109,4.820000171661377,4.889999866485596,4.849999904632568,3470900.0,4.062773704528809
2016-05-27,4.929999828338623,4.840000152587891,4.889999866485596,4.860000133514404,2510000.0,4.071149826049805
2016-05-31,4.860000133514404,4.710000038146973,4.840000152587891,4.75,5450700.0,3.979006052017212
2016-06-01,4.679999828338623,4.599999904632568,4.630000114440918,4.670000076293945,4222800.0,3.9119913578033447
2016-06-02,4.71999979019165,4.659999847412109,4.679999828338623,4.710000038146973,6135500.0,3.945497989654541
2016-06-03,4.639999866485596,4.539999961853027,4.639999866485596,4.590000152587891,8377200.0,3.8449759483337402
2016-06-06,4.639999866485596,4.579999923706055,4.579999923706055,4.599999904632568,6777500.0,3.8533525466918945
2016-06-07,4.710000038146973,4.659999847412109,4.659999847412109,4.659999847412109,3139300.0,3.9036130905151367
2016-06-08,4.670000076293945,4.610000133514404,4.639999866485596,4.630000114440918,2701200.0,3.8784828186035156
2016-06-09,4.630000114440918,4.559999942779541,4.610000133514404,4.590000152587891,4627800.0,3.8449759483337402
2016-06-10,4.409999847412109,4.289999961853027,4.400000095367432,4.320000171661377,6911100.0,3.6188008785247803
2016-06-13,4.260000228881836,4.170000076293945,4.199999809265137,4.170000076293945,8369700.0,3.493147850036621
2016-06-14,4.190000057220459,4.050000190734863,4.139999866485596,4.090000152587891,9573900.0,3.426133394241333
2016-06-15,4.190000057220459,4.099999904632568,4.130000114440918,4.110000133514404,7019100.0,3.4428868293762207
2016-06-16,4.199999809265137,3.990000009536743,4.039999961853027,4.190000057220459,7809400.0,3.509902238845825
2016-06-17,4.349999904632568,4.25,4.269999980926514,4.340000152587891,6702200.0,3.6355552673339844
2016-06-20,4.489999771118164,4.409999847412109,4.46999979019165,4.409999847412109,6180900.0,3.69419264793396
2016-06-21,4.570000171661377,4.440000057220459,4.480000019073486,4.539999961853027,6222300.0,3.803091287612915
2016-06-22,4.619999885559082,4.519999980926514,4.590000152587891,4.53000020980835,6209100.0,3.7947146892547607
2016-06-23,4.800000190734863,4.659999847412109,4.730000019073486,4.800000190734863,9123200.0,4.020890235900879
2016-06-24,3.930000066757202,3.700000047683716,3.7100000381469727,3.8299999237060547,79022700.0,3.208334445953369
2016-06-27,3.7100000381469727,3.5999999046325684,3.700000047683716,3.690000057220459,21332000.0,3.0910589694976807
2016-06-28,3.859999895095825,3.7200000286102295,3.799999952316284,3.8399999141693115,21220600.0,3.2167117595672607
2016-06-29,3.9100000858306885,3.859999895095825,3.9000000953674316,3.890000104904175,14605400.0,3.2585959434509277
2016-06-30,3.930000066757202,3.75,3.809999942779541,3.9200000762939453,16019100.0,3.2837271690368652
2016-07-01,3.9600000381469727,3.890000104904175,3.940000057220459,3.9100000858306885,16826900.0,3.2753500938415527
2016-07-05,3.859999895095825,3.740000009536743,3.8499999046325684,3.740000009536743,7840900.0,3.1329433917999268
2016-07-06,3.7799999713897705,3.630000114440918,3.7100000381469727,3.7799999713897705,18174700.0,3.1664507389068604
2016-07-07,3.7899999618530273,3.700000047683716,3.75,3.7300000190734863,7216300.0,3.1245667934417725
2016-07-08,3.930000066757202,3.8499999046325684,3.9200000762939453,3.9000000953674316,7416000.0,3.266972780227661
2016-07-11,3.990000009536743,3.940000057220459,3.9600000381469727,3.9600000381469727,9371500.0,3.3172338008880615
2016-07-12,4.230000019073486,4.170000076293945,4.210000038146973,4.210000038146973,9792300.0,3.52665638923645
2016-07-13,4.239999771118164,4.119999885559082,4.21999979019165,4.130000114440918,7867100.0,3.459641218185425
2016-07-14,4.269999980926514,4.210000038146973,4.230000019073486,4.260000228881836,8063500.0,3.568539619445801
2016-07-15,4.28000020980835,4.190000057220459,4.269999980926514,4.21999979019165,3271700.0,3.535032272338867
2016-07-18,4.260000228881836,4.139999866485596,4.179999828338623,4.210000038146973,3467500.0,3.52665638923645
2016-07-19,4.179999828338623,4.110000133514404,4.150000095367432,4.139999866485596,7023400.0,3.468017578125
2016-07-20,4.210000038146973,4.139999866485596,4.170000076293945,4.199999809265137,5391000.0,3.5182785987854004
2016-07-21,4.320000171661377,4.199999809265137,4.269999980926514,4.230000019073486,6111600.0,3.5434091091156006
2016-07-22,4.300000190734863,4.21999979019165,4.289999961853027,4.25,5039900.0,3.560162305831909
2016-07-25,4.199999809265137,4.139999866485596,4.190000057220459,4.139999866485596,3062100.0,3.468017578125
2016-07-26,4.170000076293945,4.110000133514404,4.130000114440918,4.130000114440918,5560500.0,3.459641218185425
2016-07-27,4.309999942779541,4.210000038146973,4.28000020980835,4.25,7475900.0,3.613534450531006
2016-07-28,4.150000095367432,4.110000133514404,4.150000095367432,4.130000114440918,7158400.0,3.511505603790283
2016-07-29,4.260000228881836,4.199999809265137,4.239999771118164,4.239999771118164,5779800.0,3.605032444000244
2016-08-01,4.179999828338623,4.090000152587891,4.179999828338623,4.110000133514404,6467600.0,3.4945011138916016
2016-08-02,3.990000009536743,3.930000066757202,3.990000009536743,3.950000047683716,12023000.0,3.358461856842041
2016-08-03,3.9800000190734863,3.890000104904175,3.9100000858306885,3.9800000190734863,8919700.0,3.3839690685272217
2016-08-04,4.059999942779541,4.0,4.019999980926514,4.019999980926514,8096900.0,3.417978525161743
2016-08-05,4.139999866485596,4.070000171661377,4.070000171661377,4.130000114440918,5539800.0,3.511505603790283
2016-08-08,4.210000038146973,4.170000076293945,4.190000057220459,4.190000057220459,6011500.0,3.5625205039978027
2016-08-09,4.260000228881836,4.210000038146973,4.210000038146973,4.210000038146973,3857500.0,3.5795252323150635
2016-08-10,4.309999942779541,4.25,4.309999942779541,4.260000228881836,4263700.0,3.622036933898926
2016-08-11,4.300000190734863,4.260000228881836,4.269999980926514,4.28000020980835,3474800.0,3.6390416622161865
2016-08-12,4.309999942779541,4.260000228881836,4.289999961853027,4.289999961853027,3095300.0,3.6475443840026855
2016-08-15,4.309999942779541,4.260000228881836,4.28000020980835,4.28000020980835,3824300.0,3.6390416622161865
2016-08-16,4.320000171661377,4.28000020980835,4.300000190734863,4.28000020980835,3483000.0,3.6390416622161865
2016-08-17,4.25,4.179999828338623,4.230000019073486,4.230000019073486,3864200.0,3.596529245376587
2016-08-18,4.230000019073486,4.170000076293945,4.179999828338623,4.210000038146973,3069500.0,3.5795252323150635
2016-08-19,4.150000095367432,4.079999923706055,4.099999904632568,4.150000095367432,4951800.0,3.5285098552703857
2016-08-22,4.170000076293945,4.099999904632568,4.119999885559082,4.159999847412109,2442200.0,3.5370125770568848
2016-08-23,4.289999961853027,4.25,4.260000228881836,4.260000228881836,4066800.0,3.622036933898926
2016-08-24,4.349999904632568,4.309999942779541,4.320000171661377,4.320000171661377,3888200.0,3.6730518341064453
2016-08-25,4.340000152587891,4.309999942779541,4.320000171661377,4.320000171661377,2986900.0,3.6730518341064453
2016-08-26,4.400000095367432,4.260000228881836,4.349999904632568,4.309999942779541,5166900.0,3.6645493507385254
2016-08-29,4.320000171661377,4.289999961853027,4.289999961853027,4.320000171661377,2877100.0,3.6730518341064453
2016-08-30,4.400000095367432,4.349999904632568,4.369999885559082,4.369999885559082,3664400.0,3.715564012527466
2016-08-31,4.510000228881836,4.449999809265137,4.46999979019165,4.480000019073486,7277300.0,3.8090908527374268
2016-09-01,4.579999923706055,4.46999979019165,4.550000190734863,4.519999980926514,6389800.0,3.8431005477905273
2016-09-02,4.579999923706055,4.5,4.539999961853027,4.559999942779541,5144100.0,3.877110004425049
2016-09-06,4.650000095367432,4.550000190734863,4.639999866485596,4.570000171661377,3753900.0,3.885612726211548
2016-09-07,4.639999866485596,4.599999904632568,4.619999885559082,4.610000133514404,3284200.0,3.9196221828460693
2016-09-08,4.75,4.659999847412109,4.690000057220459,4.730000019073486,8709100.0,4.021651268005371
2016-09-09,4.75,4.630000114440918,4.730000019073486,4.650000095367432,15042000.0,3.953632116317749
2016-09-12,4.659999847412109,4.53000020980835,4.53000020980835,4.650000095367432,16993500.0,3.953632116317749
2016-09-13,4.550000190734863,4.440000057220459,4.519999980926514,4.46999979019165,5487000.0,3.800588369369507
2016-09-14,4.46999979019165,4.380000114440918,4.409999847412109,4.400000095367432,4760000.0,3.7410707473754883
2016-09-15,4.46999979019165,4.380000114440918,4.389999866485596,4.46999979019165,5384100.0,3.800588369369507
2016-09-16,4.349999904632568,4.309999942779541,4.329999923706055,4.329999923706055,4182200.0,3.681553840637207
2016-09-19,4.389999866485596,4.320000171661377,4.380000114440918,4.329999923706055,2848900.0,3.681553840637207
2016-09-20,4.360000133514404,4.300000190734863,4.360000133514404,4.320000171661377,3222800.0,3.6730518341064453
2016-09-21,4.510000228881836,4.420000076293945,4.429999828338623,4.510000228881836,4324300.0,3.8345983028411865
2016-09-22,4.630000114440918,4.539999961853027,4.610000133514404,4.570000171661377,3828900.0,3.885612726211548
2016-09-23,4.440000057220459,4.400000095367432,4.409999847412109,4.429999828338623,4115400.0,3.766577959060669
2016-09-26,4.380000114440918,4.329999923706055,4.349999904632568,4.329999923706055,5075100.0,3.681553840637207
2016-09-27,4.360000133514404,4.28000020980835,4.300000190734863,4.349999904632568,4596100.0,3.698558807373047
2016-09-28,4.429999828338623,4.349999904632568,4.409999847412109,4.429999828338623,4912500.0,3.766577959060669
2016-09-29,4.449999809265137,4.190000057220459,4.420000076293945,4.269999980926514,10241800.0,3.630539655685425
2016-09-30,4.429999828338623,4.28000020980835,4.289999961853027,4.409999847412109,7511400.0,3.7495734691619873
2016-10-03,4.429999828338623,4.380000114440918,4.400000095367432,4.409999847412109,2289300.0,3.7495734691619873
2016-10-04,4.420000076293945,4.349999904632568,4.400000095367432,4.389999866485596,6744600.0,3.7325689792633057
2016-10-05,4.510000228881836,4.420000076293945,4.440000057220459,4.489999771118164,7604900.0,3.8175930976867676
2016-10-06,4.579999923706055,4.5,4.559999942779541,4.539999961853027,5619700.0,3.860105037689209
2016-10-07,4.460000038146973,4.389999866485596,4.449999809265137,4.429999828338623,4760000.0,3.766577959060669
2016-10-10,4.460000038146973,4.409999847412109,4.429999828338623,4.420000076293945,3255400.0,3.7580761909484863
2016-10-11,4.449999809265137,4.360000133514404,4.420000076293945,4.380000114440918,4351900.0,3.7240660190582275
2016-10-12,4.429999828338623,4.380000114440918,4.400000095367432,4.400000095367432,1908600.0,3.7410707473754883
2016-10-13,4.300000190734863,4.230000019073486,4.269999980926514,4.28000020980835,2556400.0,3.6808695793151855
2016-10-14,4.429999828338623,4.360000133514404,4.389999866485596,4.360000133514404,2544600.0,3.749671220779419
2016-10-17,4.409999847412109,4.360000133514404,4.389999866485596,4.380000114440918,2330200.0,3.766871452331543
2016-10-18,4.489999771118164,4.449999809265137,4.489999771118164,4.480000019073486,3870400.0,3.8528735637664795
2016-10-19,4.579999923706055,4.53000020980835,4.53000020980835,4.559999942779541,2969000.0,3.9216744899749756
2016-10-20,4.679999828338623,4.610000133514404,4.610000133514404,4.639999866485596,10387500.0,3.990476131439209
2016-10-21,4.670000076293945,4.630000114440918,4.639999866485596,4.670000076293945,10593100.0,4.016276836395264
2016-10-24,4.849999904632568,4.809999942779541,4.840000152587891,4.840000152587891,7262900.0,4.162478923797607
2016-10-25,4.800000190734863,4.739999771118164,4.78000020980835,4.769999980926514,5019600.0,4.102277755737305
2016-10-26,4.840000152587891,4.769999980926514,4.809999942779541,4.789999961853027,5336900.0,4.119478225708008
2016-10-27,4.909999847412109,4.869999885559082,4.889999866485596,4.900000095367432,5031400.0,4.214080810546875
2016-10-28,4.900000095367432,4.840000152587891,4.869999885559082,4.860000133514404,5075000.0,4.179678916931152
2016-10-31,4.900000095367432,4.840000152587891,4.880000114440918,4.840000152587891,5119100.0,4.162478923797607
2016-11-01,4.900000095367432,4.75,4.880000114440918,4.789999961853027,7553600.0,4.119478225708008
2016-11-02,4.78000020980835,4.710000038146973,4.760000228881836,4.730000019073486,7752000.0,4.067877292633057
2016-11-03,4.829999923706055,4.760000228881836,4.78000020980835,4.789999961853027,7213900.0,4.119478225708008
2016-11-04,4.760000228881836,4.679999828338623,4.71999979019165,4.699999809265137,4863900.0,4.04207706451416
2016-11-07,4.840000152587891,4.789999961853027,4.829999923706055,4.820000171661377,4417900.0,4.145279407501221
2016-11-08,4.849999904632568,4.75,4.78000020980835,4.829999923706055,3209300.0,4.153879165649414
2016-11-09,4.849999904632568,4.690000057220459,4.699999809265137,4.800000190734863,10532600.0,4.128077983856201
2016-11-10,4.949999809265137,4.739999771118164,4.900000095367432,4.829999923706055,21888500.0,4.153879165649414
2016-11-11,4.619999885559082,4.53000020980835,4.610000133514404,4.590000152587891,9547200.0,3.9474756717681885
2016-11-14,4.639999866485596,4.550000190734863,4.570000171661377,4.599999904632568,8280800.0,3.9560749530792236
2016-11-15,4.690000057220459,4.579999923706055,4.610000133514404,4.690000057220459,5266300.0,4.033477306365967
2016-11-16,4.619999885559082,4.539999961853027,4.579999923706055,4.579999923706055,6730200.0,3.938875913619995
2016-11-17,4.619999885559082,4.550000190734863,4.590000152587891,4.579999923706055,2792800.0,3.938875913619995
2016-11-18,4.5,4.460000038146973,4.5,4.480000019073486,3590700.0,3.8528735637664795
2016-11-21,4.519999980926514,4.480000019073486,4.5,4.519999980926514,3887200.0,3.8872740268707275
2016-11-22,4.579999923706055,4.53000020980835,4.579999923706055,4.570000171661377,3177000.0,3.9302749633789062
2016-11-23,4.559999942779541,4.5,4.519999980926514,4.53000020980835,3105900.0,3.895874261856079
2016-11-25,4.510000228881836,4.480000019073486,4.489999771118164,4.5,1592800.0,3.870073080062866
2016-11-28,4.46999979019165,4.400000095367432,4.460000038146973,4.409999847412109,4708100.0,3.7926719188690186
2016-11-29,4.510000228881836,4.440000057220459,4.46999979019165,4.480000019073486,5383300.0,3.8528735637664795
2016-11-30,4.550000190734863,4.5,4.510000228881836,4.519999980926514,4276500.0,3.8872740268707275
2016-12-01,4.590000152587891,4.539999961853027,4.550000190734863,4.579999923706055,6221400.0,3.938875913619995
2016-12-02,4.570000171661377,4.5,4.53000020980835,4.519999980926514,6382700.0,3.8872740268707275
2016-12-05,4.659999847412109,4.570000171661377,4.570000171661377,4.659999847412109,6556400.0,4.007676124572754
2016-12-06,4.929999828338623,4.760000228881836,4.760000228881836,4.929999828338623,9453200.0,4.239880084991455
2016-12-07,5.059999942779541,4.960000038146973,4.980000019073486,5.039999961853027,6919100.0,4.334481716156006
2016-12-08,5.230000019073486,5.119999885559082,5.130000114440918,5.199999809265137,9688600.0,4.472085475921631
2016-12-09,5.130000114440918,5.079999923706055,5.099999904632568,5.119999885559082,4472000.0,4.403284549713135
2016-12-12,5.190000057220459,5.110000133514404,5.150000095367432,5.119999885559082,5642800.0,4.403284549713135
2016-12-13,5.25,5.199999809265137,5.199999809265137,5.230000019073486,5525000.0,4.497885227203369
2016-12-14,5.21999979019165,5.090000152587891,5.199999809265137,5.099999904632568,9654200.0,4.386083602905273
2016-12-15,5.170000076293945,5.119999885559082,5.119999885559082,5.139999866485596,7676500.0,4.420483589172363
2016-12-16,5.21999979019165,5.150000095367432,5.159999847412109,5.150000095367432,7851000.0,4.429084777832031
2016-12-19,5.130000114440918,5.050000190734863,5.119999885559082,5.070000171661377,5238900.0,4.360283374786377
2016-12-20,5.150000095367432,5.090000152587891,5.090000152587891,5.150000095367432,3825700.0,4.429084777832031
2016-12-21,5.150000095367432,5.099999904632568,5.110000133514404,5.150000095367432,3162500.0,4.429084777832031
2016-12-22,5.150000095367432,5.099999904632568,5.139999866485596,5.110000133514404,3279400.0,4.394684314727783
2016-12-23,5.150000095367432,5.110000133514404,5.130000114440918,5.119999885559082,1877400.0,4.403284549713135
2016-12-27,5.150000095367432,5.110000133514404,5.119999885559082,5.110000133514404,2263400.0,4.394684314727783
2016-12-28,5.079999923706055,5.03000020980835,5.059999942779541,5.039999961853027,4192100.0,4.334481716156006
2016-12-29,5.110000133514404,5.059999942779541,5.059999942779541,5.059999942779541,3980400.0,4.351682662963867
2016-12-30,5.199999809265137,5.110000133514404,5.130000114440918,5.179999828338623,5965100.0,4.454885005950928
2017-01-03,5.329999923706055,5.25,5.269999980926514,5.309999942779541,5416800.0,4.566686630249023
2017-01-04,5.349999904632568,5.28000020980835,5.329999923706055,5.349999904632568,3371300.0,4.601088047027588
2017-01-05,5.420000076293945,5.369999885559082,5.409999847412109,5.420000076293945,3297300.0,4.661288738250732
2017-01-06,5.440000057220459,5.380000114440918,5.400000095367432,5.420000076293945,2581800.0,4.661288738250732
2017-01-09,5.380000114440918,5.340000152587891,5.369999885559082,5.349999904632568,2216800.0,4.601088047027588
2017-01-10,5.400000095367432,5.340000152587891,5.360000133514404,5.340000152587891,3187000.0,4.592487335205078
2017-01-11,5.340000152587891,5.260000228881836,5.289999961853027,5.340000152587891,3744900.0,4.592487335205078
2017-01-12,5.400000095367432,5.340000152587891,5.380000114440918,5.360000133514404,2975900.0,4.609687805175781
2017-01-13,5.440000057220459,5.380000114440918,5.420000076293945,5.409999847412109,3380100.0,4.652688026428223
2017-01-17,5.409999847412109,5.320000171661377,5.400000095367432,5.340000152587891,3904500.0,4.592487335205078
2017-01-18,5.380000114440918,5.320000171661377,5.340000152587891,5.349999904632568,3243700.0,4.601088047027588
2017-01-19,5.409999847412109,5.340000152587891,5.389999866485596,5.369999885559082,3149100.0,4.618287563323975
2017-01-20,5.449999809265137,5.409999847412109,5.409999847412109,5.429999828338623,4260800.0,4.669889450073242
2017-01-23,5.409999847412109,5.349999904632568,5.400000095367432,5.400000095367432,3505500.0,4.644088268280029
2017-01-24,5.53000020980835,5.460000038146973,5.460000038146973,5.510000228881836,3963100.0,4.738689422607422
2017-01-25,5.71999979019165,5.659999847412109,5.670000076293945,5.71999979019165,8383000.0,4.972537994384766
2017-01-26,5.699999809265137,5.610000133514404,5.690000057220459,5.650000095367432,3255000.0,4.911685466766357
2017-01-27,5.670000076293945,5.610000133514404,5.610000133514404,5.639999866485596,2322800.0,4.902992248535156
2017-01-30,5.570000171661377,5.510000228881836,5.550000190734863,5.559999942779541,9071600.0,4.833446025848389
2017-01-31,5.610000133514404,5.519999980926514,5.590000152587891,5.559999942779541,4782100.0,4.833446025848389
2017-02-01,5.650000095367432,5.53000020980835,5.579999923706055,5.639999866485596,6913400.0,4.902992248535156
2017-02-02,5.699999809265137,5.650000095367432,5.670000076293945,5.679999828338623,4356800.0,4.937765121459961
2017-02-03,5.739999771118164,5.699999809265137,5.710000038146973,5.71999979019165,2874000.0,4.972537994384766
2017-02-06,5.590000152587891,5.510000228881836,5.579999923706055,5.510000228881836,14905100.0,4.789979934692383
2017-02-07,5.480000019073486,5.420000076293945,5.46999979019165,5.449999809265137,4482400.0,4.737820148468018
2017-02-08,5.360000133514404,5.25,5.329999923706055,5.329999923706055,9473700.0,4.633502006530762
2017-02-09,5.460000038146973,5.329999923706055,5.329999923706055,5.449999809265137,7006100.0,4.737820148468018
2017-02-10,5.360000133514404,5.300000190734863,5.309999942779541,5.340000152587891,4397300.0,4.642195224761963
2017-02-13,5.429999828338623,5.380000114440918,5.400000095367432,5.389999866485596,3852500.0,4.6856608390808105
2017-02-14,5.46999979019165,5.420000076293945,5.429999828338623,5.460000038146973,3319700.0,4.746513843536377
2017-02-15,5.559999942779541,5.460000038146973,5.460000038146973,5.53000020980835,5710400.0,4.807367324829102
2017-02-16,5.539999961853027,5.5,5.519999980926514,5.519999980926514,2796500.0,4.798673629760742
2017-02-17,5.460000038146973,5.389999866485596,5.409999847412109,5.460000038146973,4767100.0,4.746513843536377
2017-02-21,5.480000019073486,5.440000057220459,5.449999809265137,5.46999979019165,3272100.0,4.755207061767578
2017-02-22,5.400000095367432,5.309999942779541,5.329999923706055,5.389999866485596,5692400.0,4.6856608390808105
2017-02-23,5.440000057220459,5.369999885559082,5.420000076293945,5.400000095367432,4923700.0,4.69435453414917
2017-02-24,5.340000152587891,5.289999961853027,5.300000190734863,5.309999942779541,3961700.0,4.616115093231201
2017-02-27,5.360000133514404,5.320000171661377,5.329999923706055,5.360000133514404,2112500.0,4.659581184387207
2017-02-28,5.460000038146973,5.400000095367432,5.409999847412109,5.409999847412109,3098200.0,4.703046798706055
2017-03-01,5.599999904632568,5.539999961853027,5.539999961853027,5.599999904632568,6313200.0,4.868219375610352
2017-03-02,5.519999980926514,5.449999809265137,5.5,5.449999809265137,3642600.0,4.737820148468018
2017-03-03,5.639999866485596,5.539999961853027,5.550000190734863,5.619999885559082,7428400.0,4.885605335235596
2017-03-06,5.599999904632568,5.550000190734863,5.590000152587891,5.579999923706055,4194400.0,4.850833415985107
2017-03-07,5.599999904632568,5.510000228881836,5.539999961853027,5.579999923706055,4318700.0,4.850833415985107
2017-03-08,5.650000095367432,5.579999923706055,5.619999885559082,5.599999904632568,4924800.0,4.868219375610352
2017-03-09,5.760000228881836,5.690000057220459,5.730000019073486,5.739999771118164,7848100.0,4.989924430847168
2017-03-10,5.849999904632568,5.739999771118164,5.75,5.829999923706055,7876700.0,5.068164825439453
2017-03-13,5.809999942779541,5.75,5.800000190734863,5.769999980926514,4061100.0,5.01600456237793
2017-03-14,5.71999979019165,5.659999847412109,5.71999979019165,5.659999847412109,4611900.0,4.920379161834717
2017-03-15,5.769999980926514,5.710000038146973,5.75,5.739999771118164,5567300.0,4.989924430847168
2017-03-16,6.079999923706055,5.960000038146973,5.989999771118164,6.079999923706055,12850500.0,5.285494804382324
2017-03-17,6.059999942779541,6.0,6.050000190734863,6.019999980926514,5106700.0,5.233335971832275
2017-03-20,6.059999942779541,5.980000019073486,6.019999980926514,6.0,4173500.0,5.215950012207031
2017-03-21,6.199999809265137,6.0,6.179999828338623,6.0,13114900.0,5.215950012207031
2017-03-22,6.159999847412109,6.039999961853027,6.070000171661377,6.110000133514404,9263000.0,5.311575412750244
2017-03-23,6.150000095367432,6.079999923706055,6.119999885559082,6.119999885559082,7125500.0,5.320268154144287
2017-03-24,6.170000076293945,6.090000152587891,6.139999866485596,6.130000114440918,3811400.0,5.32896089553833
2017-03-27,6.150000095367432,6.090000152587891,6.110000133514404,6.139999866485596,4732100.0,5.337655067443848
2017-03-28,6.230000019073486,6.150000095367432,6.150000095367432,6.199999809265137,5159600.0,5.389814376831055
2017-03-29,6.139999866485596,6.059999942779541,6.110000133514404,6.130000114440918,5136300.0,5.32896089553833
2017-03-30,6.139999866485596,6.070000171661377,6.099999904632568,6.110000133514404,3311600.0,5.311575412750244
2017-03-31,6.110000133514404,6.039999961853027,6.050000190734863,6.070000171661377,3840200.0,5.2768025398254395
2017-04-03,6.059999942779541,5.929999828338623,6.050000190734863,6.0,4248100.0,5.215950012207031
2017-04-04,6.010000228881836,5.929999828338623,5.96999979019165,6.010000228881836,3411400.0,5.224643230438232
2017-04-05,6.130000114440918,5.989999771118164,6.110000133514404,5.989999771118164,4326300.0,5.207256317138672
2017-04-06,6.119999885559082,6.039999961853027,6.050000190734863,6.079999923706055,3826500.0,5.285494804382324
2017-04-07,6.090000152587891,6.039999961853027,6.059999942779541,6.059999942779541,3424800.0,5.26810884475708
2017-04-10,6.019999980926514,5.960000038146973,6.0,5.980000019073486,3438700.0,5.198562145233154
2017-04-11,5.980000019073486,5.889999866485596,5.960000038146973,5.960000038146973,4511000.0,5.181176662445068
2017-04-12,5.909999847412109,5.849999904632568,5.880000114440918,5.889999866485596,3339200.0,5.12032413482666
2017-04-13,5.820000171661377,5.739999771118164,5.78000020980835,5.78000020980835,3816300.0,5.024698257446289
2017-04-17,5.880000114440918,5.800000190734863,5.800000190734863,5.880000114440918,2890000.0,5.111630439758301
2017-04-18,5.860000133514404,5.78000020980835,5.809999942779541,5.840000152587891,4517400.0,5.0768585205078125
2017-04-19,6.019999980926514,5.929999828338623,5.929999828338623,5.96999979019165,81074900.0,5.1898698806762695
2017-04-20,6.130000114440918,6.050000190734863,6.099999904632568,6.070000171661377,15363600.0,5.2768025398254395
2017-04-21,6.090000152587891,6.039999961853027,6.070000171661377,6.079999923706055,5028200.0,5.285494804382324
2017-04-24,6.510000228881836,6.440000057220459,6.480000019073486,6.46999979019165,20450700.0,5.624532222747803
2017-04-25,6.630000114440918,6.550000190734863,6.599999904632568,6.610000133514404,14288400.0,5.746237754821777
2017-04-26,6.539999961853027,6.46999979019165,6.489999771118164,6.5,5214200.0,5.701502323150635
2017-04-27,6.510000228881836,6.440000057220459,6.489999771118164,6.449999809265137,7532900.0,5.657644748687744
2017-04-28,6.599999904632568,6.519999980926514,6.590000152587891,6.519999980926514,6753300.0,5.719046115875244
2017-05-01,6.590000152587891,6.53000020980835,6.550000190734863,6.559999942779541,4737800.0,5.75413179397583
2017-05-02,6.610000133514404,6.53000020980835,6.559999942779541,6.610000133514404,5633200.0,5.797989845275879
2017-05-03,6.650000095367432,6.570000171661377,6.590000152587891,6.630000114440918,6336900.0,5.815532684326172
2017-05-04,6.769999980926514,6.690000057220459,6.710000038146973,6.75,8494000.0,5.920791149139404
2017-05-05,6.989999771118164,6.840000152587891,6.860000133514404,6.989999771118164,9429800.0,6.131308555603027
2017-05-08,6.849999904632568,6.800000190734863,6.809999942779541,6.829999923706055,5777400.0,5.990963459014893
2017-05-09,6.820000171661377,6.670000076293945,6.800000190734863,6.690000057220459,6440400.0,5.868162155151367
2017-05-10,6.71999979019165,6.659999847412109,6.659999847412109,6.71999979019165,6682800.0,5.894476413726807
2017-05-11,6.630000114440918,6.550000190734863,6.599999904632568,6.610000133514404,4916500.0,5.797989845275879
2017-05-12,6.630000114440918,6.579999923706055,6.610000133514404,6.630000114440918,8107300.0,5.815532684326172
2017-05-15,6.760000228881836,6.699999809265137,6.710000038146973,6.739999771118164,12002700.0,5.9120192527771
2017-05-16,6.809999942779541,6.75,6.800000190734863,6.809999942779541,4966600.0,5.973419666290283
2017-05-17,6.730000019073486,6.559999942779541,6.670000076293945,6.570000171661377,8210300.0,5.762904644012451
2017-05-18,6.449999809265137,6.309999942779541,6.309999942779541,6.420000076293945,10411100.0,5.6313300132751465
2017-05-19,6.590000152587891,6.489999771118164,6.489999771118164,6.570000171661377,8331800.0,5.762904644012451
2017-05-22,6.519999980926514,6.420000076293945,6.489999771118164,6.449999809265137,5498500.0,5.657644748687744
2017-05-23,6.599999904632568,6.5,6.550000190734863,6.579999923706055,11643600.0,5.771675109863281
2017-05-24,6.639999866485596,6.559999942779541,6.599999904632568,6.610000133514404,3616300.0,5.797989845275879
2017-05-25,6.650000095367432,6.579999923706055,6.639999866485596,6.619999885559082,9384100.0,5.806761741638184
2017-05-26,6.599999904632568,6.510000228881836,6.53000020980835,6.590000152587891,5381800.0,5.780446529388428
2017-05-30,6.579999923706055,6.480000019073486,6.559999942779541,6.489999771118164,5798400.0,5.692730903625488
2017-05-31,6.579999923706055,6.46999979019165,6.539999961853027,6.539999961853027,4958500.0,5.736588954925537
2017-06-01,6.570000171661377,6.440000057220459,6.46999979019165,6.559999942779541,5081000.0,5.75413179397583
2017-06-02,6.599999904632568,6.53000020980835,6.570000171661377,6.550000190734863,8137100.0,5.745360374450684
2017-06-05,6.579999923706055,6.519999980926514,6.53000020980835,6.559999942779541,6550800.0,5.75413179397583
2017-06-06,6.579999923706055,6.340000152587891,6.53000020980835,6.360000133514404,20334700.0,5.578701019287109
2017-06-07,6.550000190734863,6.449999809265137,6.5,6.519999980926514,13859400.0,5.719046115875244
2017-06-08,6.849999904632568,6.650000095367432,6.690000057220459,6.789999961853027,16935900.0,5.955877304077148
2017-06-09,6.869999885559082,6.760000228881836,6.809999942779541,6.840000152587891,15077300.0,5.999734878540039
2017-06-12,6.829999923706055,6.760000228881836,6.809999942779541,6.829999923706055,12487600.0,5.990963459014893
2017-06-13,6.889999866485596,6.800000190734863,6.869999885559082,6.829999923706055,8625600.0,5.990963459014893
2017-06-14,6.789999961853027,6.670000076293945,6.78000020980835,6.710000038146973,10598300.0,5.885705471038818
2017-06-15,6.610000133514404,6.5,6.53000020980835,6.590000152587891,6953500.0,5.780446529388428
2017-06-16,6.610000133514404,6.53000020980835,6.559999942779541,6.599999904632568,7212600.0,5.789218425750732
2017-06-19,6.690000057220459,6.639999866485596,6.659999847412109,6.659999847412109,6063000.0,5.841846942901611
2017-06-20,6.579999923706055,6.489999771118164,6.579999923706055,6.510000228881836,6996200.0,5.710274696350098
2017-06-21,6.570000171661377,6.510000228881836,6.53000020980835,6.539999961853027,6983700.0,5.736588954925537
2017-06-22,6.570000171661377,6.5,6.53000020980835,6.510000228881836,5495900.0,5.710274696350098
2017-06-23,6.519999980926514,6.46999979019165,6.489999771118164,6.489999771118164,4047400.0,5.692730903625488
2017-06-26,6.639999866485596,6.550000190734863,6.590000152587891,6.559999942779541,6159300.0,5.75413179397583
2017-06-27,6.699999809265137,6.610000133514404,6.639999866485596,6.659999847412109,8027800.0,5.841846942901611
2017-06-28,6.880000114440918,6.71999979019165,6.71999979019165,6.849999904632568,13192700.0,6.0085062980651855
2017-06-29,6.929999828338623,6.710000038146973,6.900000095367432,6.78000020980835,10390600.0,5.947105884552002
2017-06-30,6.739999771118164,6.599999904632568,6.71999979019165,6.690000057220459,8375900.0,5.868162155151367
2017-07-03,6.849999904632568,6.760000228881836,6.789999961853027,6.789999961853027,5396600.0,5.955877304077148
2017-07-05,6.789999961853027,6.71999979019165,6.760000228881836,6.789999961853027,10649800.0,5.955877304077148
2017-07-06,6.880000114440918,6.739999771118164,6.739999771118164,6.829999923706055,5055200.0,5.990963459014893
2017-07-07,6.800000190734863,6.730000019073486,6.760000228881836,6.769999980926514,2790600.0,5.938333988189697
2017-07-10,6.789999961853027,6.690000057220459,6.710000038146973,6.75,4794000.0,5.920791149139404
2017-07-11,6.75,6.679999828338623,6.71999979019165,6.75,5007300.0,5.920791149139404
2017-07-12,6.760000228881836,6.710000038146973,6.730000019073486,6.739999771118164,5633200.0,5.9120192527771
2017-07-13,6.820000171661377,6.760000228881836,6.809999942779541,6.809999942779541,3502000.0,5.973419666290283
2017-07-14,6.800000190734863,6.739999771118164,6.75,6.760000228881836,3754200.0,5.929562568664551
2017-07-17,6.710000038146973,6.670000076293945,6.710000038146973,6.690000057220459,3369400.0,5.868162155151367
2017-07-18,6.630000114440918,6.579999923706055,6.610000133514404,6.619999885559082,5318300.0,5.806761741638184
2017-07-19,6.570000171661377,6.5,6.510000228881836,6.550000190734863,11833500.0,5.745360374450684
2017-07-20,6.690000057220459,6.619999885559082,6.639999866485596,6.670000076293945,5351500.0,5.850618839263916
2017-07-21,6.610000133514404,6.559999942779541,6.579999923706055,6.610000133514404,6977900.0,5.797989845275879
2017-07-24,6.710000038146973,6.619999885559082,6.650000095367432,6.710000038146973,6944000.0,5.885705471038818
2017-07-25,6.840000152587891,6.769999980926514,6.800000190734863,6.78000020980835,6354000.0,5.947105884552002
2017-07-26,6.800000190734863,6.71999979019165,6.760000228881836,6.75,6644500.0,5.920791149139404
2017-07-27,6.789999961853027,6.670000076293945,6.769999980926514,6.730000019073486,6776800.0,5.903248310089111
2017-07-28,6.849999904632568,6.739999771118164,6.78000020980835,6.840000152587891,4727800.0,5.999734878540039
2017-07-31,6.869999885559082,6.769999980926514,6.860000133514404,6.820000171661377,4620700.0,5.982192039489746
2017-08-01,6.860000133514404,6.800000190734863,6.849999904632568,6.829999923706055,4545700.0,6.0521955490112305
2017-08-02,6.809999942779541,6.760000228881836,6.789999961853027,6.789999961853027,3273500.0,6.016750335693359
2017-08-03,6.860000133514404,6.760000228881836,6.769999980926514,6.820000171661377,4570000.0,6.043334484100342
2017-08-04,6.909999847412109,6.829999923706055,6.900000095367432,6.860000133514404,5241500.0,6.078779220581055
2017-08-07,6.889999866485596,6.860000133514404,6.869999885559082,6.889999866485596,2923600.0,6.105362415313721
2017-08-08,6.909999847412109,6.829999923706055,6.889999866485596,6.829999923706055,4089600.0,6.0521955490112305
2017-08-09,6.769999980926514,6.710000038146973,6.71999979019165,6.769999980926514,6191200.0,5.999027729034424
2017-08-10,6.639999866485596,6.510000228881836,6.639999866485596,6.519999980926514,9544200.0,5.777498722076416
2017-08-11,6.539999961853027,6.429999828338623,6.519999980926514,6.46999979019165,7234500.0,5.7331929206848145
2017-08-14,6.639999866485596,6.579999923706055,6.579999923706055,6.599999904632568,4493300.0,5.848388195037842
2017-08-15,6.599999904632568,6.539999961853027,6.579999923706055,6.590000152587891,4394300.0,5.839527130126953
2017-08-16,6.659999847412109,6.610000133514404,6.639999866485596,6.619999885559082,3631900.0,5.866110801696777
2017-08-17,6.53000020980835,6.380000114440918,6.5,6.380000114440918,6748600.0,5.653441905975342
2017-08-18,6.489999771118164,6.380000114440918,6.400000095367432,6.460000038146973,4265800.0,5.724331855773926
2017-08-21,6.460000038146973,6.409999847412109,6.460000038146973,6.440000057220459,3672400.0,5.70660924911499
2017-08-22,6.480000019073486,6.420000076293945,6.429999828338623,6.46999979019165,2962700.0,5.7331929206848145
2017-08-23,6.460000038146973,6.389999866485596,6.429999828338623,6.440000057220459,5231100.0,5.70660924911499
2017-08-24,6.53000020980835,6.460000038146973,6.519999980926514,6.480000019073486,4571100.0,5.742053985595703
2017-08-25,6.570000171661377,6.510000228881836,6.519999980926514,6.53000020980835,3570700.0,5.786359786987305
2017-08-28,6.570000171661377,6.5,6.570000171661377,6.5,2454800.0,5.7597761154174805
2017-08-29,6.510000228881836,6.449999809265137,6.460000038146973,6.5,4602900.0,5.7597761154174805
2017-08-30,6.489999771118164,6.429999828338623,6.480000019073486,6.440000057220459,2850600.0,5.70660924911499
2017-08-31,6.550000190734863,6.489999771118164,6.53000020980835,6.510000228881836,3761800.0,5.768637180328369
2017-09-01,6.539999961853027,6.489999771118164,6.519999980926514,6.510000228881836,2849300.0,5.768637180328369
2017-09-05,6.440000057220459,6.289999961853027,6.429999828338623,6.329999923706055,6611200.0,5.609135627746582
2017-09-06,6.389999866485596,6.340000152587891,6.349999904632568,6.360000133514404,6363100.0,5.635718822479248
2017-09-07,6.409999847412109,6.340000152587891,6.400000095367432,6.389999866485596,8487200.0,5.662302017211914
2017-09-08,6.480000019073486,6.409999847412109,6.440000057220459,6.409999847412109,5948300.0,5.68002462387085
2017-09-11,6.639999866485596,6.550000190734863,6.550000190734863,6.619999885559082,4862900.0,5.866110801696777
2017-09-12,6.679999828338623,6.639999866485596,6.650000095367432,6.650000095367432,4419700.0,5.892694473266602
2017-09-13,6.699999809265137,6.639999866485596,6.679999828338623,6.639999866485596,2590900.0,5.8838324546813965
2017-09-14,6.71999979019165,6.679999828338623,6.679999828338623,6.699999809265137,3310200.0,5.936999320983887
2017-09-15,6.690000057220459,6.639999866485596,6.639999866485596,6.659999847412109,3917200.0,5.901554584503174
2017-09-18,6.75,6.699999809265137,6.730000019073486,6.710000038146973,4527600.0,5.945860862731934
2017-09-19,6.800000190734863,6.760000228881836,6.78000020980835,6.789999961853027,5391600.0,6.016750335693359
2017-09-20,6.75,6.670000076293945,6.710000038146973,6.739999771118164,5441200.0,5.972444534301758
2017-09-21,6.800000190734863,6.760000228881836,6.800000190734863,6.789999961853027,3001500.0,6.016750335693359
2017-09-22,6.849999904632568,6.809999942779541,6.820000171661377,6.829999923706055,3958600.0,6.0521955490112305
2017-09-25,6.769999980926514,6.639999866485596,6.769999980926514,6.679999828338623,4529300.0,5.919277191162109
2017-09-26,6.679999828338623,6.610000133514404,6.679999828338623,6.630000114440918,2893000.0,5.874971866607666
2017-09-27,6.889999866485596,6.829999923706055,6.869999885559082,6.849999904632568,6417300.0,6.069917678833008
2017-09-28,6.920000076293945,6.880000114440918,6.920000076293945,6.909999847412109,4762500.0,6.123085021972656
2017-09-29,6.940000057220459,6.889999866485596,6.889999866485596,6.940000057220459,4828700.0,6.149668216705322
2017-10-02,6.820000171661377,6.699999809265137,6.710000038146973,6.820000171661377,7491900.0,6.043334484100342
2017-10-03,6.820000171661377,6.75,6.760000228881836,6.800000190734863,5031400.0,6.0256123542785645
2017-10-04,6.619999885559082,6.539999961853027,6.599999904632568,6.550000190734863,12944300.0,5.804081916809082
2017-10-05,6.829999923706055,6.659999847412109,6.670000076293945,6.699999809265137,8640300.0,5.936999320983887
2017-10-06,6.760000228881836,6.679999828338623,6.730000019073486,6.739999771118164,6320300.0,5.972444534301758
2017-10-09,6.800000190734863,6.730000019073486,6.78000020980835,6.760000228881836,5256300.0,5.990167140960693
2017-10-10,6.829999923706055,6.579999923706055,6.610000133514404,6.820000171661377,19443300.0,6.043334484100342
2017-10-11,6.710000038146973,6.659999847412109,6.659999847412109,6.699999809265137,5156100.0,5.936999320983887
2017-10-12,6.679999828338623,6.630000114440918,6.670000076293945,6.639999866485596,3542700.0,5.8838324546813965
2017-10-13,6.639999866485596,6.570000171661377,6.590000152587891,6.579999923706055,3889200.0,5.830665588378906
2017-10-16,6.53000020980835,6.46999979019165,6.510000228881836,6.519999980926514,3838200.0,5.824412822723389
2017-10-17,6.619999885559082,6.550000190734863,6.590000152587891,6.550000190734863,3392100.0,5.8512115478515625
2017-10-18,6.639999866485596,6.570000171661377,6.570000171661377,6.610000133514404,3296800.0,5.904811382293701
2017-10-19,6.610000133514404,6.550000190734863,6.559999942779541,6.579999923706055,3111400.0,5.878011226654053
2017-10-20,6.619999885559082,6.559999942779541,6.599999904632568,6.559999942779541,3231600.0,5.860145092010498
2017-10-23,6.53000020980835,6.449999809265137,6.519999980926514,6.460000038146973,3613100.0,5.770813465118408
2017-10-24,6.619999885559082,6.539999961853027,6.559999942779541,6.590000152587891,3601400.0,5.8869452476501465
2017-10-25,6.679999828338623,6.590000152587891,6.659999847412109,6.630000114440918,5196000.0,5.922677993774414
2017-10-26,6.849999904632568,6.699999809265137,6.840000152587891,6.739999771118164,7788700.0,6.020941257476807
2017-10-27,6.639999866485596,6.519999980926514,6.559999942779541,6.53000020980835,12701500.0,5.833345413208008
2017-10-30,6.769999980926514,6.730000019073486,6.739999771118164,6.730000019073486,10173500.0,6.012008190155029
2017-10-31,6.800000190734863,6.730000019073486,6.769999980926514,6.739999771118164,4609200.0,6.020941257476807
2017-11-01,6.78000020980835,6.730000019073486,6.75,6.769999980926514,4339200.0,6.047741889953613
2017-11-02,6.769999980926514,6.690000057220459,6.699999809265137,6.769999980926514,5580200.0,6.047741889953613
2017-11-03,6.619999885559082,6.550000190734863,6.610000133514404,6.599999904632568,5565200.0,5.895877838134766
2017-11-06,6.559999942779541,6.5,6.519999980926514,6.559999942779541,3409900.0,5.860145092010498
2017-11-07,6.550000190734863,6.449999809265137,6.550000190734863,6.460000038146973,4171600.0,5.770813465118408
2017-11-08,6.489999771118164,6.420000076293945,6.449999809265137,6.480000019073486,2685600.0,5.788680076599121
2017-11-09,6.480000019073486,6.400000095367432,6.46999979019165,6.460000038146973,3905500.0,5.770813465118408
2017-11-10,6.539999961853027,6.449999809265137,6.510000228881836,6.460000038146973,2640000.0,5.770813465118408
2017-11-13,6.449999809265137,6.400000095367432,6.409999847412109,6.420000076293945,2929800.0,5.735081195831299
2017-11-14,6.440000057220459,6.389999866485596,6.429999828338623,6.389999866485596,2978800.0,5.708281993865967
2017-11-15,6.510000228881836,6.369999885559082,6.380000114440918,6.489999771118164,2835000.0,5.797612190246582
2017-11-16,6.539999961853027,6.489999771118164,6.53000020980835,6.5,1747600.0,5.806545734405518
2017-11-17,6.489999771118164,6.440000057220459,6.489999771118164,6.449999809265137,2476200.0,5.761880397796631
2017-11-20,6.449999809265137,6.389999866485596,6.449999809265137,6.420000076293945,2975800.0,5.735081195831299
2017-11-21,6.449999809265137,6.400000095367432,6.420000076293945,6.400000095367432,2581700.0,5.717215061187744
2017-11-22,6.5,6.440000057220459,6.480000019073486,6.460000038146973,2747400.0,5.770813465118408
2017-11-24,6.630000114440918,6.579999923706055,6.619999885559082,6.590000152587891,3021600.0,5.8869452476501465
2017-11-27,6.670000076293945,6.599999904632568,6.619999885559082,6.610000133514404,2881000.0,5.904811382293701
2017-11-28,6.659999847412109,6.579999923706055,6.619999885559082,6.650000095367432,3342400.0,5.9405436515808105
2017-11-29,6.769999980926514,6.699999809265137,6.710000038146973,6.730000019073486,5290400.0,6.012008190155029
2017-11-30,6.78000020980835,6.679999828338623,6.769999980926514,6.690000057220459,4879900.0,5.97627592086792
2017-12-01,6.659999847412109,6.510000228881836,6.659999847412109,6.590000152587891,6176000.0,5.8869452476501465
2017-12-04,6.599999904632568,6.559999942779541,6.599999904632568,6.570000171661377,4227100.0,5.869078636169434
2017-12-05,6.590000152587891,6.5,6.550000190734863,6.5,3415600.0,5.806545734405518
2017-12-06,6.460000038146973,6.409999847412109,6.429999828338623,6.429999828338623,3838100.0,5.744014263153076
2017-12-07,6.53000020980835,6.449999809265137,6.449999809265137,6.480000019073486,4804400.0,5.788680076599121
2017-12-08,6.639999866485596,6.579999923706055,6.619999885559082,6.610000133514404,3956700.0,5.904811382293701
2017-12-11,6.650000095367432,6.610000133514404,6.619999885559082,6.630000114440918,2617800.0,5.922677993774414
2017-12-12,6.659999847412109,6.590000152587891,6.619999885559082,6.650000095367432,3983200.0,5.9405436515808105
2017-12-13,6.650000095367432,6.590000152587891,6.639999866485596,6.590000152587891,4068500.0,5.8869452476501465
2017-12-14,6.679999828338623,6.559999942779541,6.650000095367432,6.559999942779541,3802600.0,5.860145092010498
2017-12-15,6.619999885559082,6.550000190734863,6.610000133514404,6.559999942779541,4383900.0,5.860145092010498
2017-12-18,6.659999847412109,6.619999885559082,6.630000114440918,6.630000114440918,3805900.0,5.922677993774414
2017-12-19,6.690000057220459,6.650000095367432,6.670000076293945,6.670000076293945,3054900.0,5.958409786224365
2017-12-20,6.690000057220459,6.630000114440918,6.639999866485596,6.650000095367432,3275800.0,5.9405436515808105
2017-12-21,6.760000228881836,6.670000076293945,6.670000076293945,6.690000057220459,4692600.0,5.97627592086792
2017-12-22,6.630000114440918,6.579999923706055,6.610000133514404,6.610000133514404,3077500.0,5.904811382293701
2017-12-26,6.619999885559082,6.590000152587891,6.599999904632568,6.610000133514404,1489900.0,5.904811382293701
2017-12-27,6.599999904632568,6.559999942779541,6.590000152587891,6.570000171661377,3036500.0,5.869078636169434
2017-12-28,6.590000152587891,6.539999961853027,6.559999942779541,6.550000190734863,3645000.0,5.8512115478515625
2017-12-29,6.559999942779541,6.519999980926514,6.559999942779541,6.539999961853027,2804800.0,5.842278957366943
2018-01-02,6.570000171661377,6.53000020980835,6.550000190734863,6.550000190734863,3013400.0,5.8512115478515625
2018-01-03,6.53000020980835,6.480000019073486,6.510000228881836,6.53000020980835,3396600.0,5.833345413208008
2018-01-04,6.769999980926514,6.699999809265137,6.71999979019165,6.75,5481900.0,6.029874801635742
2018-01-05,6.809999942779541,6.739999771118164,6.78000020980835,6.789999961853027,3553400.0,6.06560754776001
2018-01-08,6.820000171661377,6.760000228881836,6.789999961853027,6.769999980926514,2622300.0,6.047741889953613
2018-01-09,6.78000020980835,6.739999771118164,6.760000228881836,6.760000228881836,3417300.0,6.038808345794678
2018-01-10,6.96999979019165,6.929999828338623,6.960000038146973,6.940000057220459,6035500.0,6.199604511260986
2018-01-11,7.159999847412109,7.090000152587891,7.119999885559082,7.110000133514404,8355500.0,6.351468086242676
2018-01-12,7.199999809265137,7.119999885559082,7.170000076293945,7.170000076293945,5368100.0,6.405067443847656
2018-01-16,7.239999771118164,7.170000076293945,7.199999809265137,7.179999828338623,5176900.0,6.413999557495117
2018-01-17,7.21999979019165,7.130000114440918,7.170000076293945,7.199999809265137,4181500.0,6.431866645812988
2018-01-18,7.21999979019165,7.170000076293945,7.199999809265137,7.190000057220459,2658600.0,6.422933101654053
2018-01-19,7.25,7.199999809265137,7.21999979019165,7.25,3945800.0,6.476531505584717
2018-01-22,7.420000076293945,7.340000152587891,7.360000133514404,7.420000076293945,5994700.0,6.628396034240723
2018-01-23,7.369999885559082,7.300000190734863,7.320000171661377,7.360000133514404,5149900.0,6.574797630310059
2018-01-24,7.429999828338623,7.349999904632568,7.420000076293945,7.420000076293945,5100800.0,6.628396034240723
2018-01-25,7.570000171661377,7.489999771118164,7.53000020980835,7.519999980926514,7293100.0,6.7177276611328125
2018-01-26,7.550000190734863,7.489999771118164,7.5,7.550000190734863,3505300.0,6.7445268630981445
2018-01-29,7.480000019073486,7.429999828338623,7.460000038146973,7.460000038146973,4993700.0,6.664128303527832
2018-01-30,7.369999885559082,7.309999942779541,7.349999904632568,7.349999904632568,4840900.0,6.629851341247559
2018-01-31,7.420000076293945,7.369999885559082,7.389999866485596,7.409999847412109,5015800.0,6.683972358703613
2018-02-01,7.420000076293945,7.340000152587891,7.360000133514404,7.420000076293945,5253700.0,6.6929931640625
2018-02-02,7.320000171661377,7.159999847412109,7.300000190734863,7.159999847412109,6415300.0,6.458468437194824
2018-02-05,7.199999809265137,6.869999885559082,7.139999866485596,6.909999847412109,9733800.0,6.232962608337402
2018-02-06,7.059999942779541,6.869999885559082,6.889999866485596,7.050000190734863,11341100.0,6.359246253967285
2018-02-07,7.050000190734863,6.949999809265137,6.960000038146973,6.960000038146973,7453900.0,6.278063774108887
2018-02-08,6.949999809265137,6.71999979019165,6.949999809265137,6.730000019073486,7797500.0,6.070598602294922
2018-02-09,6.78000020980835,6.510000228881836,6.710000038146973,6.760000228881836,14570900.0,6.097660064697266
2018-02-12,6.909999847412109,6.789999961853027,6.789999961853027,6.880000114440918,9886300.0,6.205901622772217
2018-02-13,6.809999942779541,6.75,6.78000020980835,6.800000190734863,5265400.0,6.1337409019470215
2018-02-14,6.929999828338623,6.690000057220459,6.690000057220459,6.920000076293945,7201800.0,6.241982936859131
2018-02-15,6.940000057220459,6.849999904632568,6.940000057220459,6.920000076293945,4660600.0,6.241982936859131
2018-02-16,7.019999980926514,6.940000057220459,6.940000057220459,6.980000019073486,8275800.0,6.296104431152344
2018-02-20,7.019999980926514,6.96999979019165,6.980000019073486,6.989999771118164,8041400.0,6.305123805999756
2018-02-21,7.03000020980835,6.900000095367432,6.980000019073486,6.920000076293945,9719800.0,6.241982936859131
2018-02-22,7.019999980926514,6.929999828338623,6.96999979019165,6.949999809265137,37092900.0,6.26904296875
2018-02-23,7.039999961853027,6.940000057220459,6.949999809265137,7.03000020980835,20358400.0,6.34120512008667
2018-02-26,7.099999904632568,6.989999771118164,7.0,7.079999923706055,14094500.0,6.386306285858154
2018-02-27,7.079999923706055,7.0,7.059999942779541,7.0,9538200.0,6.314144134521484
2018-02-28,7.019999980926514,6.869999885559082,7.010000228881836,6.869999885559082,4866300.0,6.1968817710876465
2018-03-01,6.889999866485596,6.739999771118164,6.849999904632568,6.809999942779541,7382000.0,6.142760276794434
2018-03-02,6.829999923706055,6.730000019073486,6.78000020980835,6.829999923706055,5887600.0,6.160800933837891
2018-03-05,6.829999923706055,6.71999979019165,6.760000228881836,6.809999942779541,7236000.0,6.142760276794434
2018-03-06,6.869999885559082,6.789999961853027,6.849999904632568,6.829999923706055,6311100.0,6.160800933837891
2018-03-07,6.840000152587891,6.75,6.769999980926514,6.820000171661377,5201500.0,6.1517815589904785
2018-03-08,6.860000133514404,6.730000019073486,6.820000171661377,6.769999980926514,5259400.0,6.106680393218994
2018-03-09,6.800000190734863,6.71999979019165,6.75,6.78000020980835,6180300.0,6.1157002449035645
2018-03-12,6.789999961853027,6.75,6.760000228881836,6.769999980926514,5558600.0,6.106680393218994
2018-03-13,6.829999923706055,6.710000038146973,6.800000190734863,6.730000019073486,4670700.0,6.070598602294922
2018-03-14,6.71999979019165,6.610000133514404,6.71999979019165,6.619999885559082,6515600.0,5.971376895904541
2018-03-15,6.610000133514404,6.559999942779541,6.590000152587891,6.570000171661377,6018700.0,5.926276206970215
2018-03-16,6.739999771118164,6.659999847412109,6.690000057220459,6.670000076293945,4496000.0,6.016478061676025
2018-03-19,6.699999809265137,6.570000171661377,6.699999809265137,6.639999866485596,6327300.0,5.98941707611084
2018-03-20,6.639999866485596,6.579999923706055,6.599999904632568,6.619999885559082,14446300.0,5.971376895904541
2018-03-21,6.619999885559082,6.510000228881836,6.559999942779541,6.559999942779541,7242000.0,5.917255401611328
2018-03-22,6.440000057220459,6.329999923706055,6.429999828338623,6.349999904632568,14786100.0,5.727830410003662
2018-03-23,6.449999809265137,6.329999923706055,6.409999847412109,6.340000152587891,12380300.0,5.71881103515625
2018-03-26,6.559999942779541,6.46999979019165,6.539999961853027,6.559999942779541,8544500.0,5.917255401611328
2018-03-27,6.570000171661377,6.409999847412109,6.53000020980835,6.440000057220459,9801700.0,5.8090128898620605
2018-03-28,6.53000020980835,6.409999847412109,6.440000057220459,6.46999979019165,10818800.0,5.836073398590088
2018-03-29,6.590000152587891,6.519999980926514,6.559999942779541,6.550000190734863,6642600.0,5.9082350730896
2018-04-02,6.550000190734863,6.389999866485596,6.550000190734863,6.429999828338623,5460300.0,5.799992561340332
2018-04-03,6.480000019073486,6.400000095367432,6.440000057220459,6.460000038146973,5431500.0,5.827053070068359
2018-04-04,6.460000038146973,6.349999904632568,6.349999904632568,6.460000038146973,6831100.0,5.827053070068359
2018-04-05,6.639999866485596,6.550000190734863,6.579999923706055,6.599999904632568,7190000.0,5.953336715698242
2018-04-06,6.610000133514404,6.5,6.599999904632568,6.519999980926514,6153300.0,5.8811750411987305
2018-04-09,6.650000095367432,6.550000190734863,6.599999904632568,6.550000190734863,6144300.0,5.9082350730896
2018-04-10,6.659999847412109,6.590000152587891,6.630000114440918,6.630000114440918,11099800.0,5.9803972244262695
2018-04-11,6.639999866485596,6.579999923706055,6.619999885559082,6.579999923706055,3316600.0,5.935296058654785
2018-04-12,6.639999866485596,6.590000152587891,6.599999904632568,6.599999904632568,3655600.0,5.953336715698242
2018-04-13,6.739999771118164,6.590000152587891,6.739999771118164,6.610000133514404,8224000.0,5.962357521057129
2018-04-16,6.71999979019165,6.659999847412109,6.670000076293945,6.710000038146973,6420600.0,6.052558422088623
2018-04-17,6.710000038146973,6.659999847412109,6.699999809265137,6.679999828338623,3771000.0,6.025497913360596
2018-04-18,6.800000190734863,6.739999771118164,6.78000020980835,6.760000228881836,6027000.0,6.097660064697266
2018-04-19,6.809999942779541,6.760000228881836,6.78000020980835,6.800000190734863,5513900.0,6.1337409019470215
2018-04-20,6.789999961853027,6.739999771118164,6.78000020980835,6.78000020980835,3243700.0,6.1157002449035645
2018-04-23,6.820000171661377,6.760000228881836,6.78000020980835,6.789999961853027,3546100.0,6.124720096588135
2018-04-24,6.610000133514404,6.519999980926514,6.579999923706055,6.539999961853027,8475800.0,5.899215221405029
2018-04-25,6.590000152587891,6.480000019073486,6.510000228881836,6.570000171661377,4842000.0,5.926276206970215
2018-04-26,6.550000190734863,6.480000019073486,6.550000190734863,6.510000228881836,3205100.0,5.872154235839844
2018-04-27,6.550000190734863,6.480000019073486,6.5,6.53000020980835,4449000.0,5.890194892883301
2018-04-30,6.570000171661377,6.519999980926514,6.539999961853027,6.519999980926514,2444700.0,5.8811750411987305
2018-05-01,6.510000228881836,6.400000095367432,6.510000228881836,6.460000038146973,3660000.0,5.827053070068359
2018-05-02,6.5,6.440000057220459,6.480000019073486,6.449999809265137,3070400.0,5.884530067443848
2018-05-03,6.429999828338623,6.360000133514404,6.400000095367432,6.389999866485596,4231500.0,5.8297905921936035
2018-05-04,6.460000038146973,6.329999923706055,6.340000152587891,6.440000057220459,2999200.0,5.8754072189331055
2018-05-07,6.440000057220459,6.389999866485596,6.420000076293945,6.389999866485596,3033500.0,5.8297905921936035
2018-05-08,6.389999866485596,6.340000152587891,6.360000133514404,6.369999885559082,3729700.0,5.811543941497803
2018-05-09,6.5,6.420000076293945,6.440000057220459,6.489999771118164,3103000.0,5.921022891998291
2018-05-10,6.559999942779541,6.480000019073486,6.5,6.550000190734863,3318900.0,5.975762844085693
2018-05-11,6.619999885559082,6.570000171661377,6.599999904632568,6.579999923706055,3580200.0,6.003133296966553
2018-05-14,6.599999904632568,6.550000190734863,6.599999904632568,6.570000171661377,3601300.0,5.994009971618652
2018-05-15,6.510000228881836,6.429999828338623,6.46999979019165,6.480000019073486,4046300.0,5.911900043487549
2018-05-16,6.369999885559082,6.269999980926514,6.340000152587891,6.309999942779541,8611100.0,5.7568039894104
2018-05-17,6.329999923706055,6.289999961853027,6.309999942779541,6.300000190734863,3058100.0,5.7476806640625
2018-05-18,6.179999828338623,6.110000133514404,6.170000076293945,6.130000114440918,5915400.0,5.592584609985352
2018-05-21,6.110000133514404,6.070000171661377,6.099999904632568,6.079999923706055,4533000.0,5.54696798324585
2018-05-22,6.210000038146973,6.170000076293945,6.210000038146973,6.190000057220459,9819800.0,5.647324562072754
2018-05-23,6.070000171661377,6.0,6.039999961853027,6.059999942779541,8165300.0,5.528721809387207
2018-05-24,6.050000190734863,5.96999979019165,6.03000020980835,6.010000228881836,4507900.0,5.483105659484863
2018-05-25,5.840000152587891,5.739999771118164,5.78000020980835,5.840000152587891,8532400.0,5.328009128570557
2018-05-29,5.429999828338623,5.25,5.349999904632568,5.309999942779541,28305000.0,4.844473838806152
2018-05-30,5.510000228881836,5.400000095367432,5.440000057220459,5.46999979019165,12193100.0,4.990446090698242
2018-05-31,5.46999979019165,5.309999942779541,5.420000076293945,5.460000038146973,16064100.0,4.981323719024658
2018-06-01,5.619999885559082,5.510000228881836,5.570000171661377,5.570000171661377,15080000.0,5.081679344177246
2018-06-04,5.639999866485596,5.579999923706055,5.619999885559082,5.599999904632568,7675000.0,5.109049320220947
2018-06-05,5.579999923706055,5.480000019073486,5.579999923706055,5.510000228881836,6843400.0,5.026939868927002
2018-06-06,5.670000076293945,5.539999961853027,5.559999942779541,5.670000076293945,7823600.0,5.17291259765625
2018-06-07,5.679999828338623,5.559999942779541,5.659999847412109,5.590000152587891,8100000.0,5.099925994873047
2018-06-08,5.559999942779541,5.5,5.550000190734863,5.550000190734863,7065200.0,5.0634331703186035
2018-06-11,5.739999771118164,5.610000133514404,5.619999885559082,5.730000019073486,12361800.0,5.227652072906494
2018-06-12,5.730000019073486,5.630000114440918,5.71999979019165,5.639999866485596,6325700.0,5.145543098449707
2018-06-13,5.670000076293945,5.590000152587891,5.639999866485596,5.630000114440918,8092700.0,5.136419773101807
2018-06-14,5.610000133514404,5.550000190734863,5.579999923706055,5.559999942779541,6791900.0,5.072556018829346
2018-06-15,5.489999771118164,5.389999866485596,5.400000095367432,5.449999809265137,10949800.0,4.9721999168396
2018-06-18,5.440000057220459,5.380000114440918,5.400000095367432,5.429999828338623,6893100.0,4.953953266143799
2018-06-19,5.440000057220459,5.349999904632568,5.389999866485596,5.429999828338623,6209900.0,4.953953266143799
2018-06-20,5.559999942779541,5.480000019073486,5.539999961853027,5.489999771118164,6249100.0,5.008693218231201
2018-06-21,5.5,5.400000095367432,5.46999979019165,5.460000038146973,8588100.0,4.981323719024658
2018-06-22,5.550000190734863,5.480000019073486,5.539999961853027,5.489999771118164,7691600.0,5.008693218231201
2018-06-25,5.449999809265137,5.369999885559082,5.429999828338623,5.420000076293945,6388100.0,4.944829940795898
2018-06-26,5.429999828338623,5.369999885559082,5.420000076293945,5.409999847412109,5437300.0,4.935706615447998
2018-06-27,5.389999866485596,5.260000228881836,5.329999923706055,5.269999980926514,9503400.0,4.807980537414551
2018-06-28,5.340000152587891,5.28000020980835,5.309999942779541,5.320000171661377,6848700.0,4.853597164154053
2018-06-29,5.409999847412109,5.329999923706055,5.380000114440918,5.340000152587891,8515100.0,4.8718438148498535
2018-07-02,5.340000152587891,5.269999980926514,5.300000190734863,5.320000171661377,6382800.0,4.853597164154053
2018-07-03,5.400000095367432,5.360000133514404,5.369999885559082,5.360000133514404,4646200.0,4.890089988708496
2018-07-05,5.579999923706055,5.53000020980835,5.550000190734863,5.550000190734863,10509000.0,5.0634331703186035
2018-07-06,5.610000133514404,5.53000020980835,5.539999961853027,5.590000152587891,3867200.0,5.099925994873047
2018-07-09,5.659999847412109,5.630000114440918,5.639999866485596,5.650000095367432,7427200.0,5.154666423797607
2018-07-10,5.619999885559082,5.550000190734863,5.579999923706055,5.599999904632568,4791400.0,5.109049320220947
2018-07-11,5.510000228881836,5.409999847412109,5.489999771118164,5.440000057220459,8364600.0,4.963077068328857
2018-07-12,5.489999771118164,5.429999828338623,5.440000057220459,5.46999979019165,5601400.0,4.990446090698242
2018-07-13,5.420000076293945,5.369999885559082,5.409999847412109,5.420000076293945,5907200.0,4.944829940795898
2018-07-16,5.489999771118164,5.429999828338623,5.429999828338623,5.46999979019165,7299600.0,4.990446090698242
2018-07-17,5.420000076293945,5.309999942779541,5.409999847412109,5.329999923706055,51044100.0,4.862720012664795
2018-07-18,5.409999847412109,5.329999923706055,5.329999923706055,5.389999866485596,13921300.0,4.9174604415893555
2018-07-19,5.440000057220459,5.329999923706055,5.349999904632568,5.409999847412109,18997900.0,4.935706615447998
2018-07-20,5.449999809265137,5.369999885559082,5.400000095367432,5.429999828338623,10217400.0,4.953953266143799
2018-07-23,5.489999771118164,5.420000076293945,5.429999828338623,5.46999979019165,8120100.0,4.990446090698242
2018-07-24,5.550000190734863,5.510000228881836,5.539999961853027,5.519999980926514,10322900.0,5.036062240600586
2018-07-25,5.559999942779541,5.46999979019165,5.550000190734863,5.53000020980835,7196600.0,5.045186519622803
2018-07-26,5.559999942779541,5.510000228881836,5.539999961853027,5.550000190734863,8878900.0,5.0634331703186035
2018-07-27,5.639999866485596,5.570000171661377,5.570000171661377,5.599999904632568,6781600.0,5.109049320220947
2018-07-30,5.590000152587891,5.539999961853027,5.550000190734863,5.579999923706055,4204600.0,5.159908294677734
2018-07-31,5.659999847412109,5.579999923706055,5.650000095367432,5.590000152587891,4867900.0,5.169156074523926
2018-08-01,5.579999923706055,5.5,5.570000171661377,5.519999980926514,5113900.0,5.10442590713501
2018-08-02,5.449999809265137,5.389999866485596,5.420000076293945,5.420000076293945,8040300.0,5.0119547843933105
2018-08-03,5.440000057220459,5.380000114440918,5.409999847412109,5.440000057220459,4507600.0,5.030448913574219
2018-08-06,5.400000095367432,5.360000133514404,5.380000114440918,5.389999866485596,6649400.0,4.984212875366211
2018-08-07,5.489999771118164,5.440000057220459,5.46999979019165,5.440000057220459,5896500.0,5.030448913574219
2018-08-08,5.449999809265137,5.389999866485596,5.409999847412109,5.429999828338623,3731900.0,5.0212016105651855
2018-08-09,5.400000095367432,5.360000133514404,5.389999866485596,5.369999885559082,3858800.0,4.965718746185303
2018-08-10,5.199999809265137,5.130000114440918,5.150000095367432,5.190000057220459,17258800.0,4.799270153045654
2018-08-13,5.130000114440918,5.039999961853027,5.070000171661377,5.039999961853027,14479900.0,4.660562515258789
2018-08-14,5.090000152587891,5.010000228881836,5.039999961853027,5.059999942779541,8178800.0,4.679056644439697
2018-08-15,4.980000019073486,4.880000114440918,4.909999847412109,4.949999809265137,10055000.0,4.577338695526123
2018-08-16,5.03000020980835,4.980000019073486,5.0,4.989999771118164,9111100.0,4.6143269538879395
2018-08-17,5.010000228881836,4.929999828338623,4.960000038146973,5.0,6486800.0,4.623574256896973
2018-08-20,5.019999980926514,4.980000019073486,4.989999771118164,4.989999771118164,2890200.0,4.6143269538879395
2018-08-21,5.139999866485596,5.079999923706055,5.099999904632568,5.099999904632568,6207000.0,4.716044902801514
2018-08-22,5.090000152587891,5.059999942779541,5.059999942779541,5.079999923706055,5857800.0,4.697551250457764
2018-08-23,5.070000171661377,5.010000228881836,5.039999961853027,5.010000228881836,6372400.0,4.632822036743164
2018-08-24,5.090000152587891,5.059999942779541,5.070000171661377,5.059999942779541,3503500.0,4.679056644439697
2018-08-27,5.139999866485596,5.079999923706055,5.090000152587891,5.130000114440918,3239400.0,4.743786811828613
2018-08-28,5.150000095367432,5.090000152587891,5.150000095367432,5.090000152587891,4396400.0,4.706799030303955
2018-08-29,5.130000114440918,5.050000190734863,5.059999942779541,5.119999885559082,4668500.0,4.734539985656738
2018-08-30,5.03000020980835,4.980000019073486,5.03000020980835,5.0,4862300.0,4.623574256896973
2018-08-31,5.010000228881836,4.949999809265137,4.989999771118164,4.989999771118164,6361500.0,4.6143269538879395
2018-09-04,4.989999771118164,4.889999866485596,4.920000076293945,4.980000019073486,6991100.0,4.6050801277160645
2018-09-05,5.019999980926514,4.960000038146973,5.0,4.989999771118164,4101700.0,4.6143269538879395
2018-09-06,4.989999771118164,4.900000095367432,4.96999979019165,4.929999828338623,4425800.0,4.558844089508057
2018-09-07,4.869999885559082,4.820000171661377,4.820000171661377,4.849999904632568,7324400.0,4.484866619110107
2018-09-10,4.989999771118164,4.920000076293945,4.980000019073486,4.920000076293945,8346300.0,4.549597263336182
2018-09-11,4.929999828338623,4.869999885559082,4.869999885559082,4.929999828338623,3479300.0,4.558844089508057
2018-09-12,4.949999809265137,4.889999866485596,4.889999866485596,4.909999847412109,3313100.0,4.540349960327148
2018-09-13,5.059999942779541,4.96999979019165,5.03000020980835,4.989999771118164,5570000.0,4.6143269538879395
2018-09-14,5.0,4.960000038146973,4.980000019073486,4.980000019073486,5353300.0,4.6050801277160645
2018-09-17,5.090000152587891,5.039999961853027,5.039999961853027,5.050000190734863,3921200.0,4.6698102951049805
2018-09-18,5.170000076293945,5.090000152587891,5.099999904632568,5.139999866485596,11564900.0,4.753035068511963
2018-09-19,5.25,5.190000057220459,5.210000038146973,5.25,8400200.0,4.854753017425537
2018-09-20,5.429999828338623,5.349999904632568,5.400000095367432,5.409999847412109,10401000.0,5.002707481384277
2018-09-21,5.389999866485596,5.329999923706055,5.349999904632568,5.369999885559082,4650000.0,4.965718746185303
2018-09-24,5.340000152587891,5.269999980926514,5.329999923706055,5.269999980926514,4358600.0,4.8732476234436035
2018-09-25,5.329999923706055,5.269999980926514,5.289999961853027,5.320000171661377,4814500.0,4.919482707977295
2018-09-26,5.289999961853027,5.25,5.28000020980835,5.25,7212400.0,4.854753017425537
2018-09-27,5.25,5.179999828338623,5.199999809265137,5.199999809265137,8422100.0,4.808516979217529
2018-09-28,5.070000171661377,5.0,5.019999980926514,5.0,6338900.0,4.623574256896973
2018-10-01,5.050000190734863,4.940000057220459,5.03000020980835,4.96999979019165,6664700.0,4.595832347869873
2018-10-02,4.949999809265137,4.900000095367432,4.940000057220459,4.920000076293945,8678800.0,4.549597263336182
2018-10-03,5.070000171661377,5.010000228881836,5.039999961853027,5.03000020980835,7054400.0,4.651315689086914
2018-10-04,5.079999923706055,5.0,5.059999942779541,5.03000020980835,4303300.0,4.651315689086914
2018-10-05,5.010000228881836,4.949999809265137,5.010000228881836,4.980000019073486,4559400.0,4.6050801277160645
2018-10-08,5.050000190734863,4.960000038146973,4.980000019073486,5.039999961853027,7255300.0,4.660562515258789
2018-10-09,5.059999942779541,4.980000019073486,5.019999980926514,5.039999961853027,6496900.0,4.660562515258789
2018-10-10,5.090000152587891,4.980000019073486,5.079999923706055,4.989999771118164,8132000.0,4.6143269538879395
2018-10-11,5.010000228881836,4.880000114440918,5.0,4.909999847412109,9818800.0,4.540349960327148
2018-10-12,4.96999979019165,4.820000171661377,4.960000038146973,4.889999866485596,6767200.0,4.521855354309082
2018-10-15,4.960000038146973,4.880000114440918,4.900000095367432,4.920000076293945,10489100.0,4.549597263336182
2018-10-16,5.0,4.940000057220459,4.96999979019165,4.96999979019165,6526600.0,4.633502960205078
2018-10-17,4.940000057220459,4.860000133514404,4.909999847412109,4.900000095367432,6166300.0,4.568243026733398
2018-10-18,4.829999923706055,4.679999828338623,4.800000190734863,4.699999809265137,8660600.0,4.381783962249756
2018-10-19,4.820000171661377,4.710000038146973,4.710000038146973,4.769999980926514,12789300.0,4.447044372558594
2018-10-22,4.730000019073486,4.679999828338623,4.71999979019165,4.679999828338623,6346300.0,4.363138198852539
2018-10-23,4.760000228881836,4.650000095367432,4.659999847412109,4.71999979019165,21633400.0,4.400429725646973
2018-10-24,4.610000133514404,4.5,4.599999904632568,4.5,16777500.0,4.1953253746032715
2018-10-25,4.690000057220459,4.599999904632568,4.630000114440918,4.650000095367432,15014600.0,4.335169315338135
2018-10-26,4.639999866485596,4.510000228881836,4.570000171661377,4.619999885559082,12853100.0,4.307200908660889
2018-10-29,4.75,4.630000114440918,4.730000019073486,4.679999828338623,7769300.0,4.363138198852539
2018-10-30,4.739999771118164,4.679999828338623,4.71999979019165,4.710000038146973,10717500.0,4.391107082366943
2018-10-31,4.820000171661377,4.760000228881836,4.78000020980835,4.78000020980835,10039700.0,4.456367492675781
2018-11-01,4.889999866485596,4.820000171661377,4.840000152587891,4.880000114440918,11460700.0,4.54959774017334
2018-11-02,4.949999809265137,4.880000114440918,4.940000057220459,4.940000057220459,7972700.0,4.605534553527832
2018-11-05,4.929999828338623,4.829999923706055,4.909999847412109,4.849999904632568,8930700.0,4.521627902984619
2018-11-06,4.960000038146973,4.789999961853027,4.829999923706055,4.960000038146973,16326100.0,4.624180793762207
2018-11-07,4.989999771118164,4.920000076293945,4.96999979019165,4.960000038146973,10167800.0,4.624180793762207
2018-11-08,4.96999979019165,4.809999942779541,4.949999809265137,4.820000171661377,8338500.0,4.493659496307373
2018-11-09,4.920000076293945,4.78000020980835,4.809999942779541,4.880000114440918,8929500.0,4.54959774017334
2018-11-12,4.78000020980835,4.710000038146973,4.78000020980835,4.71999979019165,16377500.0,4.400429725646973
2018-11-13,4.889999866485596,4.800000190734863,4.800000190734863,4.860000133514404,10698500.0,4.530951499938965
2018-11-14,4.909999847412109,4.789999961853027,4.900000095367432,4.849999904632568,6285900.0,4.521627902984619
2018-11-15,4.869999885559082,4.75,4.769999980926514,4.829999923706055,5770200.0,4.5029826164245605
2018-11-16,4.869999885559082,4.789999961853027,4.820000171661377,4.840000152587891,4551200.0,4.51230525970459
2018-11-19,4.869999885559082,4.789999961853027,4.840000152587891,4.829999923706055,11947100.0,4.5029826164245605
2018-11-20,4.730000019073486,4.630000114440918,4.710000038146973,4.639999866485596,6674300.0,4.325846195220947
2018-11-21,4.760000228881836,4.690000057220459,4.710000038146973,4.71999979019165,4963900.0,4.400429725646973
2018-11-23,4.659999847412109,4.630000114440918,4.639999866485596,4.650000095367432,3255400.0,4.335169315338135
2018-11-26,4.820000171661377,4.760000228881836,4.789999961853027,4.78000020980835,8605200.0,4.456367492675781
2018-11-27,4.78000020980835,4.71999979019165,4.730000019073486,4.760000228881836,6571100.0,4.437722206115723
2018-11-28,4.880000114440918,4.760000228881836,4.800000190734863,4.869999885559082,5740800.0,4.540273666381836
2018-11-29,4.840000152587891,4.78000020980835,4.820000171661377,4.820000171661377,4442800.0,4.493659496307373
2018-11-30,4.769999980926514,4.730000019073486,4.760000228881836,4.760000228881836,4183700.0,4.437722206115723
2018-12-03,4.880000114440918,4.840000152587891,4.860000133514404,4.869999885559082,5039100.0,4.540273666381836
2018-12-04,4.800000190734863,4.619999885559082,4.789999961853027,4.639999866485596,8603200.0,4.325846195220947
2018-12-06,4.619999885559082,4.510000228881836,4.579999923706055,4.619999885559082,10993300.0,4.307200908660889
2018-12-07,4.630000114440918,4.510000228881836,4.590000152587891,4.519999980926514,5697400.0,4.213971138000488
2018-12-10,4.510000228881836,4.389999866485596,4.489999771118164,4.440000057220459,9416800.0,4.139387130737305
2018-12-11,4.46999979019165,4.300000190734863,4.440000057220459,4.329999923706055,15269900.0,4.036834716796875
2018-12-12,4.590000152587891,4.489999771118164,4.5,4.539999961853027,13075000.0,4.232616424560547
2018-12-13,4.659999847412109,4.559999942779541,4.650000095367432,4.579999923706055,8518600.0,4.269908428192139
2018-12-14,4.590000152587891,4.519999980926514,4.53000020980835,4.539999961853027,6156500.0,4.232616424560547
2018-12-17,4.599999904632568,4.46999979019165,4.579999923706055,4.5,13967800.0,4.1953253746032715
2018-12-18,4.559999942779541,4.480000019073486,4.519999980926514,4.489999771118164,7082900.0,4.186002254486084
2018-12-19,4.619999885559082,4.429999828338623,4.570000171661377,4.480000019073486,10780700.0,4.1766791343688965
2018-12-20,4.539999961853027,4.46999979019165,4.489999771118164,4.480000019073486,9119800.0,4.1766791343688965
2018-12-21,4.46999979019165,4.320000171661377,4.429999828338623,4.360000133514404,13184800.0,4.064804553985596
2018-12-24,4.380000114440918,4.309999942779541,4.369999885559082,4.320000171661377,4687800.0,4.027512073516846
2018-12-26,4.440000057220459,4.210000038146973,4.300000190734863,4.429999828338623,9384100.0,4.130064964294434
2018-12-27,4.420000076293945,4.289999961853027,4.349999904632568,4.409999847412109,15627600.0,4.1114182472229
2018-12-28,4.5,4.420000076293945,4.489999771118164,4.440000057220459,16717400.0,4.139387130737305
2018-12-31,4.5,4.429999828338623,4.449999809265137,4.480000019073486,8827700.0,4.1766791343688965
2019-01-02,4.53000020980835,4.400000095367432,4.400000095367432,4.510000228881836,8905500.0,4.204648017883301
2019-01-03,4.579999923706055,4.519999980926514,4.550000190734863,4.550000190734863,6186700.0,4.241940498352051
2019-01-04,4.75,4.679999828338623,4.699999809265137,4.71999979019165,6432200.0,4.400429725646973
2019-01-07,4.820000171661377,4.730000019073486,4.75,4.78000020980835,6737000.0,4.456367492675781
2019-01-08,4.840000152587891,4.78000020980835,4.829999923706055,4.809999942779541,4158600.0,4.4843363761901855
2019-01-09,4.849999904632568,4.789999961853027,4.820000171661377,4.820000171661377,4264100.0,4.493659496307373
2019-01-10,4.900000095367432,4.840000152587891,4.849999904632568,4.880000114440918,5038800.0,4.54959774017334
2019-01-11,4.929999828338623,4.849999904632568,4.869999885559082,4.900000095367432,14537300.0,4.568243026733398
2019-01-14,4.929999828338623,4.800000190734863,4.800000190734863,4.889999866485596,6490800.0,4.558919906616211
2019-01-15,4.869999885559082,4.809999942779541,4.840000152587891,4.869999885559082,5787800.0,4.540273666381836
2019-01-16,4.929999828338623,4.860000133514404,4.869999885559082,4.920000076293945,4991000.0,4.586888790130615
2019-01-17,4.909999847412109,4.829999923706055,4.860000133514404,4.869999885559082,5018800.0,4.540273666381836
2019-01-18,4.980000019073486,4.889999866485596,4.929999828338623,4.96999979019165,6133100.0,4.633502960205078
2019-01-22,4.909999847412109,4.860000133514404,4.869999885559082,4.880000114440918,8876100.0,4.54959774017334
2019-01-23,4.96999979019165,4.920000076293945,4.960000038146973,4.940000057220459,5515800.0,4.605534553527832
2019-01-24,4.940000057220459,4.869999885559082,4.909999847412109,4.929999828338623,3732600.0,4.5962114334106445
2019-01-25,5.03000020980835,4.960000038146973,4.960000038146973,5.019999980926514,4231700.0,4.680118560791016
2019-01-28,5.010000228881836,4.940000057220459,4.960000038146973,4.980000019073486,5820200.0,4.642826557159424
2019-01-29,4.989999771118164,4.929999828338623,4.960000038146973,4.949999809265137,3862900.0,4.6148576736450195
2019-01-30,4.849999904632568,4.760000228881836,4.789999961853027,4.800000190734863,6021600.0,4.543859958648682
2019-01-31,4.75,4.679999828338623,4.699999809265137,4.739999771118164,8136500.0,4.487061023712158
2019-02-01,4.699999809265137,4.630000114440918,4.650000095367432,4.659999847412109,7364000.0,4.411330699920654
2019-02-04,4.670000076293945,4.579999923706055,4.590000152587891,4.650000095367432,8306000.0,4.401864051818848
2019-02-05,4.71999979019165,4.650000095367432,4.690000057220459,4.710000038146973,8438600.0,4.458662986755371
2019-02-06,4.730000019073486,4.679999828338623,4.690000057220459,4.699999809265137,5518400.0,4.449195861816406
2019-02-07,4.619999885559082,4.53000020980835,4.610000133514404,4.559999942779541,8576900.0,4.316667079925537
2019-02-08,4.539999961853027,4.46999979019165,4.519999980926514,4.53000020980835,8787800.0,4.288268089294434
2019-02-11,4.550000190734863,4.510000228881836,4.539999961853027,4.519999980926514,14384100.0,4.278800964355469
2019-02-12,4.599999904632568,4.510000228881836,4.570000171661377,4.539999961853027,12159300.0,4.297733783721924
2019-02-13,4.570000171661377,4.519999980926514,4.539999961853027,4.53000020980835,5152900.0,4.288268089294434
2019-02-14,4.559999942779541,4.489999771118164,4.510000228881836,4.519999980926514,5538000.0,4.278800964355469
2019-02-15,4.659999847412109,4.590000152587891,4.610000133514404,4.639999866485596,5252300.0,4.392397880554199
2019-02-19,4.710000038146973,4.619999885559082,4.630000114440918,4.679999828338623,10530100.0,4.430263042449951
2019-02-20,4.730000019073486,4.659999847412109,4.679999828338623,4.710000038146973,6846900.0,4.458662986755371
2019-02-21,4.739999771118164,4.659999847412109,4.71999979019165,4.659999847412109,11924000.0,4.411330699920654
2019-02-22,4.730000019073486,4.659999847412109,4.710000038146973,4.679999828338623,4933200.0,4.430263042449951
2019-02-25,4.769999980926514,4.730000019073486,4.75,4.739999771118164,7090800.0,4.487061023712158
2019-02-26,4.789999961853027,4.710000038146973,4.710000038146973,4.75,6809500.0,4.496528148651123
2019-02-27,4.809999942779541,4.739999771118164,4.739999771118164,4.789999961853027,8507400.0,4.534393310546875
2019-02-28,4.889999866485596,4.840000152587891,4.860000133514404,4.860000133514404,8256800.0,4.600658416748047
2019-03-01,4.929999828338623,4.829999923706055,4.889999866485596,4.860000133514404,8763500.0,4.600658416748047
2019-03-04,4.829999923706055,4.760000228881836,4.809999942779541,4.789999961853027,8742800.0,4.534393310546875
2019-03-05,4.849999904632568,4.75,4.789999961853027,4.800000190734863,7256600.0,4.543859958648682
2019-03-06,4.900000095367432,4.840000152587891,4.880000114440918,4.860000133514404,9070700.0,4.600658416748047
2019-03-07,4.71999979019165,4.610000133514404,4.710000038146973,4.619999885559082,10615800.0,4.373465061187744
2019-03-08,4.610000133514404,4.539999961853027,4.550000190734863,4.599999904632568,6782800.0,4.354532241821289
2019-03-11,4.670000076293945,4.610000133514404,4.610000133514404,4.659999847412109,5721100.0,4.411330699920654
2019-03-12,4.71999979019165,4.639999866485596,4.670000076293945,4.690000057220459,7047000.0,4.4397292137146
2019-03-13,4.829999923706055,4.789999961853027,4.800000190734863,4.820000171661377,9894300.0,4.562792778015137
2019-03-14,4.889999866485596,4.829999923706055,4.869999885559082,4.840000152587891,6203900.0,4.581725597381592
2019-03-15,4.949999809265137,4.869999885559082,4.880000114440918,4.929999828338623,8505400.0,4.666922569274902
2019-03-18,5.039999961853027,4.96999979019165,5.019999980926514,5.010000228881836,6101600.0,4.742653846740723
2019-03-19,5.119999885559082,5.019999980926514,5.110000133514404,5.039999961853027,7654900.0,4.771052837371826
2019-03-20,5.059999942779541,4.980000019073486,5.03000020980835,4.980000019073486,6252200.0,4.714254856109619
2019-03-21,4.940000057220459,4.869999885559082,4.929999828338623,4.889999866485596,7664300.0,4.629056930541992
2019-03-22,4.71999979019165,4.619999885559082,4.710000038146973,4.650000095367432,12840300.0,4.401864051818848
2019-03-25,4.699999809265137,4.619999885559082,4.670000076293945,4.650000095367432,8201000.0,4.401864051818848
2019-03-26,4.619999885559082,4.559999942779541,4.599999904632568,4.599999904632568,9644600.0,4.354532241821289
2019-03-27,4.730000019073486,4.619999885559082,4.71999979019165,4.670000076293945,9622600.0,4.4207963943481445
2019-03-28,4.619999885559082,4.570000171661377,4.610000133514404,4.610000133514404,5711700.0,4.363998889923096
2019-03-29,4.650000095367432,4.570000171661377,4.630000114440918,4.630000114440918,6088100.0,4.382931232452393
2019-04-01,4.800000190734863,4.710000038146973,4.71999979019165,4.800000190734863,6915400.0,4.543859958648682
2019-04-02,4.809999942779541,4.739999771118164,4.769999980926514,4.78000020980835,5658200.0,4.524927139282227
2019-04-03,4.900000095367432,4.840000152587891,4.880000114440918,4.849999904632568,6012400.0,4.591191291809082
2019-04-04,4.920000076293945,4.869999885559082,4.869999885559082,4.900000095367432,5333000.0,4.638523578643799
2019-04-05,4.929999828338623,4.869999885559082,4.889999866485596,4.909999847412109,4210300.0,4.647989749908447
2019-04-08,4.929999828338623,4.889999866485596,4.900000095367432,4.929999828338623,3274200.0,4.666922569274902
2019-04-09,4.929999828338623,4.880000114440918,4.909999847412109,4.880000114440918,4773500.0,4.619591236114502
2019-04-10,4.929999828338623,4.860000133514404,4.909999847412109,4.909999847412109,6108300.0,4.647989749908447
2019-04-11,5.050000190734863,4.96999979019165,4.980000019073486,5.010000228881836,6922400.0,4.742653846740723
2019-04-12,5.179999828338623,5.059999942779541,5.159999847412109,5.090000152587891,30606700.0,4.818385124206543
2019-04-15,5.119999885559082,5.070000171661377,5.110000133514404,5.090000152587891,14056200.0,4.818385124206543
2019-04-16,5.130000114440918,5.079999923706055,5.099999904632568,5.119999885559082,13459600.0,4.846783638000488
2019-04-17,5.25,5.179999828338623,5.239999771118164,5.21999979019165,11401400.0,4.9414472579956055
2019-04-18,5.170000076293945,5.090000152587891,5.130000114440918,5.139999866485596,8229000.0,4.865716934204102
2019-04-22,5.159999847412109,5.110000133514404,5.119999885559082,5.130000114440918,4216100.0,4.856250286102295
2019-04-23,5.079999923706055,5.03000020980835,5.059999942779541,5.059999942779541,6614300.0,4.789985179901123
2019-04-24,5.0,4.920000076293945,5.0,4.929999828338623,7315200.0,4.666922569274902
2019-04-25,4.96999979019165,4.900000095367432,4.929999828338623,4.909999847412109,12018100.0,4.647989749908447
2019-04-26,4.989999771118164,4.940000057220459,4.960000038146973,4.960000038146973,6743300.0,4.695322036743164
2019-04-29,5.019999980926514,4.940000057220459,4.949999809265137,5.0,15622800.0,4.803889751434326
2019-04-30,5.03000020980835,4.960000038146973,5.0,4.989999771118164,10971800.0,4.794281959533691
2019-05-01,5.019999980926514,4.909999847412109,4.980000019073486,4.920000076293945,10640800.0,4.727027893066406
2019-05-02,4.960000038146973,4.860000133514404,4.940000057220459,4.880000114440918,29873700.0,4.688596725463867
2019-05-03,4.909999847412109,4.849999904632568,4.889999866485596,4.900000095367432,10002700.0,4.707812309265137
2019-05-06,4.860000133514404,4.800000190734863,4.809999942779541,4.840000152587891,7406400.0,4.650165557861328
2019-05-07,4.760000228881836,4.670000076293945,4.75,4.690000057220459,10227200.0,4.506048202514648
2019-05-08,4.75,4.679999828338623,4.679999828338623,4.699999809265137,6106900.0,4.515655994415283
2019-05-09,4.679999828338623,4.610000133514404,4.619999885559082,4.650000095367432,8435800.0,4.467617511749268
2019-05-10,4.690000057220459,4.579999923706055,4.619999885559082,4.670000076293945,8432100.0,4.486833095550537
2019-05-13,4.570000171661377,4.519999980926514,4.570000171661377,4.519999980926514,9403900.0,4.342716217041016
2019-05-14,4.579999923706055,4.519999980926514,4.53000020980835,4.539999961853027,5797900.0,4.361931800842285
2019-05-15,4.579999923706055,4.480000019073486,4.489999771118164,4.559999942779541,6585500.0,4.381147861480713
2019-05-16,4.650000095367432,4.590000152587891,4.599999904632568,4.619999885559082,6502600.0,4.438794136047363
2019-05-17,4.619999885559082,4.550000190734863,4.570000171661377,4.559999942779541,7583600.0,4.381147861480713
2019-05-20,4.579999923706055,4.53000020980835,4.559999942779541,4.539999961853027,6861400.0,4.361931800842285
2019-05-21,4.579999923706055,4.510000228881836,4.539999961853027,4.570000171661377,7275900.0,4.3907551765441895
2019-05-22,4.510000228881836,4.46999979019165,4.5,4.5,10887100.0,4.323500633239746
2019-05-23,4.480000019073486,4.429999828338623,4.449999809265137,4.449999809265137,7042000.0,4.275461673736572
2019-05-24,4.510000228881836,4.460000038146973,4.5,4.489999771118164,5078500.0,4.313892841339111
2019-05-28,4.489999771118164,4.409999847412109,4.480000019073486,4.409999847412109,5286200.0,4.237030506134033
2019-05-29,4.449999809265137,4.389999866485596,4.409999847412109,4.429999828338623,8156800.0,4.256246566772461
2019-05-30,4.510000228881836,4.449999809265137,4.460000038146973,4.489999771118164,7316400.0,4.313892841339111
2019-05-31,4.409999847412109,4.329999923706055,4.369999885559082,4.329999923706055,44617900.0,4.160168170928955
2019-06-03,4.389999866485596,4.329999923706055,4.349999904632568,4.369999885559082,17700800.0,4.198599338531494
2019-06-04,4.5,4.460000038146973,4.489999771118164,4.489999771118164,20714700.0,4.313892841339111
2019-06-05,4.480000019073486,4.429999828338623,4.460000038146973,4.449999809265137,14736600.0,4.275461673736572
2019-06-06,4.480000019073486,4.389999866485596,4.460000038146973,4.440000057220459,17765200.0,4.265854358673096
2019-06-07,4.46999979019165,4.440000057220459,4.449999809265137,4.440000057220459,9719600.0,4.265854358673096
2019-06-10,4.539999961853027,4.480000019073486,4.5,4.489999771118164,5793700.0,4.313892841339111
2019-06-11,4.539999961853027,4.489999771118164,4.539999961853027,4.510000228881836,8551000.0,4.333108901977539
2019-06-12,4.480000019073486,4.449999809265137,4.460000038146973,4.449999809265137,5245300.0,4.275461673736572
2019-06-13,4.460000038146973,4.420000076293945,4.429999828338623,4.440000057220459,6313800.0,4.265854358673096
2019-06-14,4.420000076293945,4.380000114440918,4.420000076293945,4.400000095367432,4316500.0,4.227423191070557
2019-06-17,4.440000057220459,4.380000114440918,4.409999847412109,4.380000114440918,3488000.0,4.208207607269287
2019-06-18,4.460000038146973,4.389999866485596,4.400000095367432,4.420000076293945,6270700.0,4.246638774871826
2019-06-19,4.53000020980835,4.480000019073486,4.510000228881836,4.480000019073486,6147000.0,4.304285049438477
2019-06-20,4.539999961853027,4.480000019073486,4.519999980926514,4.519999980926514,8157900.0,4.342716217041016
2019-06-21,4.519999980926514,4.46999979019165,4.5,4.489999771118164,19268300.0,4.313892841339111
2019-06-24,4.539999961853027,4.480000019073486,4.510000228881836,4.480000019073486,6792300.0,4.304285049438477
2019-06-25,4.510000228881836,4.46999979019165,4.489999771118164,4.480000019073486,6882400.0,4.304285049438477
2019-06-26,4.570000171661377,4.510000228881836,4.539999961853027,4.539999961853027,7889100.0,4.361931800842285
2019-06-27,4.570000171661377,4.539999961853027,4.550000190734863,4.550000190734863,6959000.0,4.371540069580078
2019-06-28,4.599999904632568,4.550000190734863,4.559999942779541,4.579999923706055,5383000.0,4.400362968444824
2019-07-01,4.679999828338623,4.570000171661377,4.670000076293945,4.579999923706055,6991800.0,4.400362968444824
2019-07-02,4.610000133514404,4.570000171661377,4.590000152587891,4.579999923706055,6881600.0,4.400362968444824
2019-07-03,4.670000076293945,4.639999866485596,4.639999866485596,4.650000095367432,6278100.0,4.467617511749268
2019-07-05,4.739999771118164,4.670000076293945,4.71999979019165,4.690000057220459,8938800.0,4.506048202514648
2019-07-08,4.670000076293945,4.619999885559082,4.639999866485596,4.619999885559082,7987900.0,4.438794136047363
2019-07-09,4.619999885559082,4.550000190734863,4.590000152587891,4.579999923706055,8232600.0,4.400362968444824
2019-07-10,4.690000057220459,4.619999885559082,4.659999847412109,4.630000114440918,12359300.0,4.448401927947998
2019-07-11,4.71999979019165,4.670000076293945,4.679999828338623,4.699999809265137,8019600.0,4.515655994415283
2019-07-12,4.699999809265137,4.670000076293945,4.690000057220459,4.670000076293945,3954700.0,4.486833095550537
2019-07-15,4.679999828338623,4.639999866485596,4.679999828338623,4.639999866485596,8421000.0,4.458009719848633
2019-07-16,4.699999809265137,4.639999866485596,4.659999847412109,4.650000095367432,9447200.0,4.467617511749268
2019-07-17,4.610000133514404,4.539999961853027,4.610000133514404,4.550000190734863,8784400.0,4.371540069580078
2019-07-18,4.539999961853027,4.489999771118164,4.510000228881836,4.5,11528900.0,4.323500633239746
2019-07-19,4.460000038146973,4.409999847412109,4.460000038146973,4.429999828338623,13869800.0,4.256246566772461
2019-07-22,4.440000057220459,4.400000095367432,4.429999828338623,4.409999847412109,8677200.0,4.237030506134033
2019-07-23,4.579999923706055,4.539999961853027,4.550000190734863,4.539999961853027,14153000.0,4.361931800842285
2019-07-24,4.579999923706055,4.550000190734863,4.550000190734863,4.570000171661377,8401900.0,4.3907551765441895
2019-07-25,4.579999923706055,4.480000019073486,4.570000171661377,4.5,6278500.0,4.323500633239746
2019-07-26,4.5,4.460000038146973,4.489999771118164,4.460000038146973,8302900.0,4.285069465637207
2019-07-29,4.460000038146973,4.429999828338623,4.449999809265137,4.429999828338623,10073500.0,4.256246566772461
2019-07-30,4.320000171661377,4.269999980926514,4.309999942779541,4.28000020980835,9804200.0,4.112130165100098
2019-07-31,4.28000020980835,4.210000038146973,4.269999980926514,4.239999771118164,10258000.0,4.073698043823242
2019-08-01,4.25,4.139999866485596,4.21999979019165,4.170000076293945,14419200.0,4.006444454193115
2019-08-02,4.170000076293945,4.099999904632568,4.170000076293945,4.139999866485596,9106500.0,3.9776206016540527
2019-08-05,4.119999885559082,4.019999980926514,4.110000133514404,4.059999942779541,10505600.0,3.9007585048675537
2019-08-06,4.090000152587891,4.010000228881836,4.079999923706055,4.050000190734863,12778700.0,3.891150712966919
2019-08-07,4.019999980926514,3.9600000381469727,3.990000009536743,4.0,14603300.0,3.843111753463745
2019-08-08,4.099999904632568,4.03000020980835,4.059999942779541,4.059999942779541,16522700.0,3.9007585048675537
2019-08-09,4.039999961853027,3.990000009536743,4.019999980926514,4.019999980926514,12290000.0,3.8623273372650146
2019-08-12,3.9700000286102295,3.9100000858306885,3.9600000381469727,3.9100000858306885,10434500.0,3.7566418647766113
2019-08-13,4.019999980926514,3.9200000762939453,3.940000057220459,3.9700000286102295,34640400.0,3.81428861618042
2019-08-14,3.880000114440918,3.799999952316284,3.880000114440918,3.799999952316284,50237500.0,3.650956392288208
2019-08-15,3.890000104904175,3.799999952316284,3.869999885559082,3.819999933242798,9714800.0,3.6701717376708984
2019-08-16,3.950000047683716,3.859999895095825,3.859999895095825,3.930000066757202,9177000.0,3.7758572101593018
2019-08-19,3.950000047683716,3.859999895095825,3.950000047683716,3.880000114440918,8109500.0,3.727818489074707
2019-08-20,3.869999885559082,3.7899999618530273,3.8499999046325684,3.7899999618530273,14686200.0,3.641348361968994
2019-08-21,3.859999895095825,3.7899999618530273,3.8499999046325684,3.7899999618530273,8570800.0,3.641348361968994
2019-08-22,3.9000000953674316,3.8299999237060547,3.880000114440918,3.859999895095825,11657400.0,3.7086029052734375
2019-08-23,3.880000114440918,3.7699999809265137,3.8499999046325684,3.7699999809265137,15280600.0,3.6221327781677246
2019-08-26,3.8499999046325684,3.809999942779541,3.8299999237060547,3.8299999237060547,16678100.0,3.679779529571533
2019-08-27,3.8499999046325684,3.759999990463257,3.8399999141693115,3.7799999713897705,14135400.0,3.6317405700683594
2019-08-28,3.799999952316284,3.75,3.7799999713897705,3.75,18747100.0,3.602917194366455
2019-08-29,3.799999952316284,3.75,3.799999952316284,3.7799999713897705,33515500.0,3.6317405700683594
2019-08-30,3.799999952316284,3.7300000190734863,3.7899999618530273,3.75,10494000.0,3.602917194366455
2019-09-03,3.7200000286102295,3.6500000953674316,3.690000057220459,3.6700000762939453,20788100.0,3.526055335998535
2019-09-04,3.759999990463257,3.680000066757202,3.740000009536743,3.7200000286102295,22352500.0,3.57409405708313
2019-09-05,3.859999895095825,3.809999942779541,3.819999933242798,3.8399999141693115,17276800.0,3.689387321472168
2019-09-06,3.869999885559082,3.8399999141693115,3.859999895095825,3.869999885559082,9552100.0,3.718210458755493
2019-09-09,3.9700000286102295,3.9100000858306885,3.940000057220459,3.940000057220459,22534400.0,3.7854652404785156
2019-09-10,4.099999904632568,4.010000228881836,4.03000020980835,4.090000152587891,17681800.0,3.929581880569458
2019-09-11,4.050000190734863,3.990000009536743,4.03000020980835,4.039999961853027,8912900.0,3.881542921066284
2019-09-12,4.119999885559082,4.010000228881836,4.03000020980835,4.099999904632568,16125600.0,3.9391896724700928
2019-09-13,4.190000057220459,4.139999866485596,4.170000076293945,4.159999847412109,12041500.0,3.9968361854553223
2019-09-16,4.119999885559082,4.090000152587891,4.099999904632568,4.099999904632568,8759500.0,3.9391896724700928
2019-09-17,4.03000020980835,4.0,4.010000228881836,4.0,10094200.0,3.843111753463745
2019-09-18,3.990000009536743,3.950000047683716,3.9700000286102295,3.990000009536743,11843000.0,3.8335039615631104
2019-09-19,4.070000171661377,4.010000228881836,4.059999942779541,4.019999980926514,20687300.0,3.8623273372650146
2019-09-20,4.099999904632568,4.039999961853027,4.070000171661377,4.039999961853027,16988200.0,3.881542921066284
2019-09-23,3.990000009536743,3.940000057220459,3.9800000190734863,3.9800000190734863,9934300.0,3.8238964080810547
2019-09-24,3.990000009536743,3.9000000953674316,3.9800000190734863,3.9100000858306885,9738800.0,3.7566418647766113
2019-09-25,3.9700000286102295,3.869999885559082,3.890000104904175,3.950000047683716,11789100.0,3.7950730323791504
2019-09-26,3.950000047683716,3.9100000858306885,3.9200000762939453,3.930000066757202,6901300.0,3.7758572101593018
2019-09-27,4.0,3.9600000381469727,3.9700000286102295,3.990000009536743,7109900.0,3.8335039615631104
2019-09-30,4.03000020980835,3.990000009536743,4.010000228881836,4.019999980926514,11106800.0,3.8623273372650146
2019-10-01,4.03000020980835,3.940000057220459,4.019999980926514,3.940000057220459,8133900.0,3.7854652404785156
2019-10-02,3.9000000953674316,3.799999952316284,3.890000104904175,3.819999933242798,11499200.0,3.6701717376708984
2019-10-03,3.8499999046325684,3.7699999809265137,3.8299999237060547,3.8399999141693115,13115200.0,3.689387321472168
2019-10-04,3.8499999046325684,3.7799999713897705,3.799999952316284,3.8399999141693115,7140600.0,3.689387321472168
2019-10-07,3.880000114440918,3.819999933242798,3.8299999237060547,3.859999895095825,7768400.0,3.7086029052734375
2019-10-08,3.8299999237060547,3.7699999809265137,3.799999952316284,3.809999942779541,9121600.0,3.6605639457702637
2019-10-09,3.880000114440918,3.819999933242798,3.8399999141693115,3.8499999046325684,5228700.0,3.6989951133728027
2019-10-10,3.9600000381469727,3.9000000953674316,3.9000000953674316,3.950000047683716,7271300.0,3.7950730323791504
2019-10-11,4.150000095367432,4.079999923706055,4.090000152587891,4.099999904632568,12900200.0,3.9391896724700928
2019-10-14,4.099999904632568,4.050000190734863,4.050000190734863,4.070000171661377,4744400.0,3.9103662967681885
2019-10-15,4.28000020980835,4.099999904632568,4.110000133514404,4.25,13227000.0,4.083306312561035
2019-10-16,4.309999942779541,4.260000228881836,4.28000020980835,4.260000228881836,9125700.0,4.09291410446167
2019-10-17,4.309999942779541,4.210000038146973,4.300000190734863,4.239999771118164,5494200.0,4.073698043823242
2019-10-18,4.300000190734863,4.239999771118164,4.260000228881836,4.300000190734863,8232700.0,4.131345748901367
2019-10-21,4.389999866485596,4.349999904632568,4.369999885559082,4.349999904632568,6697200.0,4.179383754730225
2019-10-22,4.409999847412109,4.320000171661377,4.340000152587891,4.360000133514404,10266100.0,4.188992023468018
2019-10-23,4.400000095367432,4.360000133514404,4.380000114440918,4.400000095367432,6683100.0,4.227423191070557
2019-10-24,4.420000076293945,4.309999942779541,4.400000095367432,4.349999904632568,9486000.0,4.179383754730225
2019-10-25,4.380000114440918,4.340000152587891,4.360000133514404,4.369999885559082,5930700.0,4.198599338531494
2019-10-28,4.389999866485596,4.340000152587891,4.380000114440918,4.369999885559082,6053400.0,4.198599338531494
2019-10-29,4.369999885559082,4.329999923706055,4.349999904632568,4.340000152587891,7384500.0,4.169776439666748
2019-10-30,4.110000133514404,4.039999961853027,4.070000171661377,4.090000152587891,22278000.0,4.030816555023193
2019-10-31,3.990000009536743,3.9100000858306885,3.9800000190734863,3.9600000381469727,12041200.0,3.902697801589966
2019-11-01,4.03000020980835,3.9700000286102295,3.990000009536743,4.010000228881836,9929500.0,3.951974391937256
2019-11-04,4.119999885559082,4.090000152587891,4.110000133514404,4.119999885559082,5802900.0,4.06038236618042
2019-11-05,4.179999828338623,4.130000114440918,4.159999847412109,4.159999847412109,6851800.0,4.099803447723389
2019-11-06,4.150000095367432,4.099999904632568,4.139999866485596,4.110000133514404,7377200.0,4.050527095794678
2019-11-07,4.21999979019165,4.170000076293945,4.190000057220459,4.179999828338623,6782700.0,4.119513988494873
2019-11-08,4.139999866485596,4.079999923706055,4.130000114440918,4.119999885559082,7803900.0,4.06038236618042
2019-11-11,4.130000114440918,4.059999942779541,4.070000171661377,4.119999885559082,8359300.0,4.06038236618042
2019-11-12,4.070000171661377,4.019999980926514,4.059999942779541,4.039999961853027,6821500.0,3.9815399646759033
2019-11-13,3.9200000762939453,3.869999885559082,3.890000104904175,3.9000000953674316,10823600.0,3.8435659408569336
2019-11-14,3.9100000858306885,3.859999895095825,3.9100000858306885,3.9000000953674316,7072900.0,3.8435659408569336
2019-11-15,3.930000066757202,3.9000000953674316,3.9200000762939453,3.9200000762939453,6240300.0,3.863276481628418
2019-11-18,3.890000104904175,3.859999895095825,3.880000114440918,3.880000114440918,7078700.0,3.823855400085449
2019-11-19,3.930000066757202,3.880000114440918,3.930000066757202,3.9000000953674316,6134900.0,3.8435659408569336
2019-11-20,3.890000104904175,3.8499999046325684,3.859999895095825,3.869999885559082,6051000.0,3.813999891281128
2019-11-21,3.9200000762939453,3.869999885559082,3.9000000953674316,3.9000000953674316,8292100.0,3.8435659408569336
2019-11-22,3.9800000190734863,3.940000057220459,3.950000047683716,3.940000057220459,6172700.0,3.8829872608184814
2019-11-25,3.990000009536743,3.9600000381469727,3.9700000286102295,3.990000009536743,4036100.0,3.9322636127471924
2019-11-26,3.930000066757202,3.890000104904175,3.930000066757202,3.9200000762939453,8131000.0,3.863276481628418
2019-11-27,3.950000047683716,3.9200000762939453,3.940000057220459,3.930000066757202,5014000.0,3.87313175201416
2019-11-29,3.880000114440918,3.859999895095825,3.869999885559082,3.869999885559082,4441100.0,3.813999891281128
2019-12-02,3.859999895095825,3.799999952316284,3.8399999141693115,3.799999952316284,11954800.0,3.7450129985809326
2019-12-03,3.809999942779541,3.7699999809265137,3.7899999618530273,3.799999952316284,8718400.0,3.7450129985809326
2019-12-04,3.9100000858306885,3.859999895095825,3.880000114440918,3.9000000953674316,6725200.0,3.8435659408569336
2019-12-05,3.930000066757202,3.859999895095825,3.9100000858306885,3.890000104904175,5688400.0,3.8337106704711914
2019-12-06,3.940000057220459,3.9000000953674316,3.930000066757202,3.9100000858306885,5095400.0,3.853421211242676
2019-12-09,3.9600000381469727,3.9100000858306885,3.940000057220459,3.930000066757202,6006400.0,3.87313175201416
2019-12-10,3.940000057220459,3.869999885559082,3.9200000762939453,3.880000114440918,12527700.0,3.823855400085449
2019-12-11,3.9200000762939453,3.890000104904175,3.9100000858306885,3.890000104904175,5270300.0,3.8337106704711914
2019-12-12,4.070000171661377,3.9700000286102295,3.990000009536743,4.050000190734863,11625500.0,3.9913954734802246
2019-12-13,4.190000057220459,4.079999923706055,4.130000114440918,4.090000152587891,8932300.0,4.030816555023193
2019-12-16,4.199999809265137,4.150000095367432,4.179999828338623,4.150000095367432,6592200.0,4.089948654174805
2019-12-17,4.179999828338623,4.139999866485596,4.170000076293945,4.159999847412109,6794800.0,4.099803447723389
2019-12-18,4.190000057220459,4.150000095367432,4.170000076293945,4.159999847412109,10710600.0,4.099803447723389
2019-12-19,4.179999828338623,4.139999866485596,4.170000076293945,4.139999866485596,5070000.0,4.080092906951904
2019-12-20,4.179999828338623,4.139999866485596,4.150000095367432,4.150000095367432,6482500.0,4.089948654174805
2019-12-23,4.159999847412109,4.119999885559082,4.139999866485596,4.139999866485596,6726200.0,4.080092906951904
2019-12-24,4.130000114440918,4.110000133514404,4.130000114440918,4.119999885559082,1821600.0,4.06038236618042
2019-12-26,4.159999847412109,4.119999885559082,4.139999866485596,4.119999885559082,5220300.0,4.06038236618042
2019-12-27,4.159999847412109,4.130000114440918,4.130000114440918,4.130000114440918,5083200.0,4.070237636566162
2019-12-30,4.159999847412109,4.130000114440918,4.150000095367432,4.130000114440918,6090200.0,4.070237636566162
2019-12-31,4.150000095367432,4.110000133514404,4.110000133514404,4.139999866485596,4380400.0,4.080092906951904
